id	kanji	kana	meaning	japanese	korean	english	flags
JLPT-한끝-N2-0001	あいさつ	あいさつ	인사	隣に住んでるのに、彼は私たちにあいさつさえしない。	옆에 살지만 그는 우리에게 인사조차 하지 않는다.	Though living next door, he doesn't even say hello to us.	
JLPT-한끝-N2-0002	合図	あいず	(눈짓, 몸짓 등) 신호	彼は私を見るとすぐに、私に手を振って合図をした。	그는 나를 보자마자 나에게 손을 흔들어 신호를 보냈다.	The moment he saw me, he waved to me.	
JLPT-한끝-N2-0003	相次ぐ	あいつぐ	잇따르다, 연달다	相次ぐ不祥事にも関わらず、警察はオメオメ違反切符を切っている。	잇따른 불상사에도 불구하고 경찰은 아무렇지도 않은 듯 위반 딱지를 떼고 있다.	Despite their own scandals the police continue to make arrests as though nothing had happened at all.	
JLPT-한끝-N2-0004	アイデア	アイデア	아이디어, 구상	彼は大きなレストランを経営することによって、たくさんのアイデアを持っている。	그는 큰 레스토랑을 경영함으로써 많은 아이디어를 가지고 있다.	He has a lot of ideas about running foreign workers.	
JLPT-한끝-N2-0005	あいにく	あいにく	공교롭게도	昨日お訪ねくださったとき、あいにく留守をしていた。	어제 찾아주셨을 때 공교롭게도 집을 비웠다.	It happened that I was out when you called yesterday.	
JLPT-한끝-N2-0006	曖昧	あいまい	애매함	彼女はその問題について２、３あいまいなコメントをした。	그녀는 그 문제에 대해 2, 3 애매한 코멘트를 했다.	She made a few vague comments about the matter.	
JLPT-한끝-N2-0007	明かり	あかり	등불, 불빛	暗くなってきました。明かりをつけてくれませんか。	어두워졌어요 불 좀 켜주시겠어요?	It's getting dark. Please turn the light on for me.	
JLPT-한끝-N2-0008	明らか	あきらか	분명함	彼が無実であることは私たちにとって明らかだった。	그가 무고한 것은 우리에게 분명했다.	It was evident to all of us that he was innocent.	
JLPT-한끝-N2-0009	悪影響	あくえいきょう	악영향	世界の気候への悪影響について、私たちはもっと考えてよい頃である。	세계 기후에 미치는 악영향에 대해 우리는 더 생각할 때다.	It is high time we thought more about the damage to the world's climate.	
JLPT-한끝-N2-0010	悪条件	あくじょうけん	악조건	私はもうこんな悪条件には我慢出来ない。	나는 더 이상 이런 악조건은 참을 수 없어.	I can't put up with such bad condition any more.	
JLPT-한끝-N2-0011	悪天候	あくてんこう	악천후	悪天候にもかかわらず、彼らは車で行く決心をした。	악천후에도 불구하고 그들은 차로 갈 결심을 했다.	They made up their minds to go to by car in spite of bad weather.	
JLPT-한끝-N2-0012	あくび	あくび	하품	咳、くしゃみ、あくびをする時は口を手で隠しなさい。	기침, 재채기, 하품을 할 때는 입을 손으로 가리세요.	Cover your mouth when you cough, sneeze, or yawn.	
JLPT-한끝-N2-0013	憧れ	あこがれ	동경	先ずは憧れの作家の文章の呼吸をつかむためにひたすら筆写、丸写しをする。	우선 동경하는 작가의 문체와 호흡을 익히기 위해 글을 끊임없이 필사하고 그대로 베껴 쓴다.	First, in order to get a feel for your favourite author's work, transcribe and copy in full.	
JLPT-한끝-N2-0014	憧れる	あこがれる	동경하다	死を憧れる者は惨めであるが、死を恐れる者はさらに惨めである。	죽음을 동경하는 자는 비참하지만, 죽음을 두려워하는 자는 더 비참하다.	One who longs for death is miserable, but more miserable is he who fears it.	
JLPT-한끝-N2-0015	浅い	あさい	얕다, 깊지 않다	「まだ浅いね。足とどく」「結構遠浅だな。よつばもまだ足つくだろ」	‘아직 얕네. 발이 닿아.’ ‘제법 멀리까지 얕구나. 요츠바도 아직 발이 닿겠어.’	"""It's quite shallow, isn't it. My feet still reach."" ""It is quite a shallow beach. I expect Yotsuba could still stand as well."""	
JLPT-한끝-N2-0016	鮮やか	あざやか	선명하다, 또렷하다	私が特に気に入っているのは、この鮮やかな色彩の肖像画です。	내가 특히 마음에 드는 것은 이 선명한 색채의 초상화입니다.	I am pleased with this vivid portrait in particular.	
JLPT-한끝-N2-0017	足元	あしもと	발밑	ディスコダンスに関しては、私はスーザンの足元にも及ばない。	디스코 댄스에 관해서는 나는 수잔의 발밑에도 미치지 못한다.	When it comes to disco dance, I can't hold a candle to Susan.	
JLPT-한끝-N2-0018	預ける	あずける	맡기다	あなたが先に帰ってくるといけないので、お隣に鍵を預けておきます。	당신이 먼저 돌아오면 안되기 때문에 옆에 열쇠를 맡겨 두겠습니다.	I'll leave a key with my next-door neighbour in case you get here before I do.	
JLPT-한끝-N2-0019	与える	あたえる	주다	他の条件が等しいなら、温度がこの実験でもっとも影響を与える要素であるに違いない。	다른 조건이 같다면 온도가 이 실험에서 가장 영향을 미치는 요소임에 틀림없다.	If other conditions are equal, the temperature must be the most influential element in this experiment.	
JLPT-한끝-N2-0020	温かい	あたたかい	다정하다, 따뜻하다	皆様の温かい歓迎に感謝することで、（私の話しを）始めたいと思います。	여러분의 따뜻한 환영에 감사하는 마음으로 (제 이야기를) 시작하고자 합니다.	May I begin by thanking every one for your warm welcome?	
JLPT-한끝-N2-0021	頭に来る	あたまにくる	화나다	クララの責任感の無さには頭に来る。	클라라의 책임감이 없는 것에는 화가 난다.	Clara's lack of responsibility drives me mad.	
JLPT-한끝-N2-0022	辺り	あたり	주변, 주위	その火事でこのあたりの家がすべて全焼したわけではない。	그 화재로 이 근처 집이 모두 전소된 것은 아니다.	Not all the houses around here were burned down in the fire.	
JLPT-한끝-N2-0023	あちこち	あちこち	이곳저곳	ある話によると、お金はあちらこちら転がることができるように丸かった。	어떤 이야기에 따르면 돈은 이리저리 굴러갈 수 있게 동그랗게 생겼다.	According to one story, the money was round so that it could roll from place to place.	
JLPT-한끝-N2-0024	厚かましい	あつかましい	뻔뻔하다	あの人は、あつかましくもうちの庭を横切って行ったのです。	저 사람은, 정말로 우리 정원을 가로질러 간 것입니다.	He had the impudence to cut across our garden.	
JLPT-한끝-N2-0025	圧勝	あっしょう	압승	その党は総選挙で圧勝した。	그 당은 총선에서 압승했다.	The Party won a sweeping victory at the general election.	
JLPT-한끝-N2-0026	圧倒的	あっとうてき	압도적	世論調査の結果から、圧倒的多数の人がその法律を支持していることがわかる。	여론조사 결과를 통해 압도적 다수의 사람들이 그 법을 지지하고 있음을 알 수 있다.	A poll shows that an overwhelming majority is favor of the legislation.	
JLPT-한끝-N2-0027	当てる	あてる	맞추다	しかし、ほとんどの研究はエメットの理論がコンピューター・グラフィックに与えた影響については焦点を当てていない。	그러나 대부분의 연구들은 에밋의 이론이 컴퓨터 그래픽에 미친 영향에 대해서는 초점을 맞추지 않는다.	Most studies, however, have not focused on the influence Emmet's theory had on the computer graphics.	
JLPT-한끝-N2-0028	アピール	アピール	어필, 호소	内面を理解して貰うためのアピールも必要なのさ！ボクのアグレッシブな行動もその中の一つ！	내면을 이해받기 위한 어필도 필요한 거야! 나의 공격적인 행동도 그 중 하나!	It's also vital that I make people want to understand the real me! My forward behaviour is one way I try to do this!	
JLPT-한끝-N2-0029	危ない	あぶない	위험하다	彼の会社、最近結構危ない橋を渡っているって、もっぱらの噂だよ。	그의 회사 요즘 많이 위험한 다리를 건넜다고 소문이 자자해.	His company is dangling by a thread. That's the rumor I hear.	
JLPT-한끝-N2-0030	溢れる	あふれる	넘치다	会場は人であふれ、立錐の余地なしという大盛況だったね。	회장은 사람들로 넘쳐나서 입추의 여지가 없다는 대성황이었지.	The concert hall was so jam-packed there wasn't room to breathe.	
JLPT-한끝-N2-0031	甘い	あまい	달다, 엄하지 않다	減量する良い方法は甘い物を食べることをやめることだ、とよく言われている。	감량하는 좋은 방법은 단 음식을 먹는 것을 그만두는 것이라고 흔히들 말한다.	It is often said that a good way to lose weight is to stop eating sweets.	
JLPT-한끝-N2-0032	甘やかす	あまやかす	응석을 받아주다	あの子を甘やかしてはいけません。とてもわがままになりますよ。	그 아이의 응석을 받아 줘서는 안 됩니다. 아주 제멋대로인 아이가 될 거예요.	You shouldn't indulge that child. It will make him very selfish.	
JLPT-한끝-N2-0033	アメリカ流	アメリカりゅう	미국식	この交渉方法はアメリカ流だが、日本企業にも受け入れられるとは限らない。	이 협상 방식은 미국식이지만 일본 기업에도 받아들여진다고 단정할 수는 없다.		
JLPT-한끝-N2-0034	怪しい	あやしい	수상하다	話が合いすぎるので、かえって何か怪しいと思った。	말이 너무 맞아서 오히려 뭔가 수상하다고 생각했다.	The story was too pat and I got rather suspicious.	
JLPT-한끝-N2-0035	誤る	あやまる	실수하다, 틀리다	高度に専門的な話題で、多分に誤った情報が含まれる可能性があることはあらかじめお断りしておきます。	고도의 전문적인 화제로, 아마 잘못된 정보가 포함될 가능성이 있는 것은 미리 사양해 둡니다.	Because this is such a highly technical subject, I would like to point out in advance the likelihood that some of what I'm about to say may include information that is incorrect.	
JLPT-한끝-N2-0036	誤り	あやまり	잘못, 실수	新しい調査では、６５歳以上の病院患者の診察記録には誤りが多く、重大な診察ミスにつながりかねない、ということです。	새로운 조사에서는 65세 이상 병원 환자의 진찰기록에는 오류가 많아 중대한 진찰 실수로 이어질 수 있다는 것입니다.	A new study suggests that hospital records for patients older than 65 are often incorrect, which may lead to serious treatment errors.	
JLPT-한끝-N2-0037	荒い	あらい	거칠다	僕のボスは人使いが荒いんだ。	내 보스는 인품이 사나워.	My boss is a slave driver.	
JLPT-한끝-N2-0038	予め	あらかじめ	미리, 사전에	彼女にご協力いただけますことについて、あらかじめお礼を申し上げます。	그녀에게 협조해 주신 것에 대해 미리 감사의 말씀을 드립니다.	I would like to thank you in advance for any help that you are able to give her.	
JLPT-한끝-N2-0039	争う	あらそう	다투다, 경쟁하다	試合は終始一点を争うシーソーゲームだった。	경기는 시종일관 한 점을 다투는 시소 게임이었다.	The game was one point back and forth the whole game.	
JLPT-한끝-N2-0040	改めて	あらためて	새삼스럽게, 다시	改めて、日本の文化や歴史に触れてみるのもいいものだと思った。	다시 한번 일본의 문화와 역사를 접해보는 것도 좋을 것 같다는 생각이 들었다.	I thought it would be a good idea to get back in touch with Japanese culture and history.	
JLPT-한끝-N2-0041	あらゆる	あらゆる	모든, 온갖	あらゆる事を考慮に入れれば、結果は私の期待以上だ。	모든 것을 고려한다면 결과는 내 기대 이상이다.	Taking everything into consideration, the result is better than I expected.	
JLPT-한끝-N2-0042	あるいは	あるいは	혹은, 또는	最近では、人々が移民していく場合、日光とか植物、あるいは召使いを求めていくというわけではない。	요즘에는 사람들이 이민을 가는 경우 햇빛이라든가 식물, 혹은 하인을 찾아가는 것은 아니다.	These days, when people emigrate, it is not so much in search of sunshine, or food, or even servants.	
JLPT-한끝-N2-0043	アルファベット順	アルファベットじゅん	알파벳순	たいていの病院ではカルテはアルファベット順に保管されている。	대부분의 병원에서 의무기록은 알파벳순으로 보관되어 있다.	The clinical records in most hospitals are kept in alphabetical order.	
JLPT-한끝-N2-0044	アレンジ	アレンジ	편곡, 변형, 각색	たとえ、あまり洋服をもっていなくても、アレンジ次第でおしゃれは楽しめると声を大にして言いたい。	비록 옷은 별로 없지만 어레인지 하는 대로 멋은 즐길 수 있다고 목소리를 크게 내고 싶다.	I want to get the word out - even if you don't have a lot of clothes you can enjoy dressing more fashionably by mixing and matching.	
JLPT-한끝-N2-0045	慌ただしい	あわただしい	어수선하다, 바쁘다	トムは気難しい顔で、人々があわただしくドアから出て行くのを見ていた。	톰은 까다로운 얼굴로 사람들이 황급히 문에서 나가는 것을 보고 있었다.	Tom watched them hurry through the doors, a disagreeable expression on his face.	
JLPT-한끝-N2-0046	慌てる	あわてる	당황하다, 허둥대다	ですから、玲子。アンタは慌てることはありません。	그러니까 레이코, 안타는 당황할 일이 없어요.	And so, Reiko, it's nothing for you to panic about.	
JLPT-한끝-N2-0047	哀れ	あわれ	불쌍함, 가엾음	私は彼を非常に哀れに思ったけれども、助けることができなかった。	나는 그를 매우 불쌍하게 생각했지만 도울 수가 없었다.	Much as I pitied him, I could not help him.	
JLPT-한끝-N2-0048	安易	あんい	손쉬움, 안이함	彼は彼女を安易な餌で誘き寄せた。	그는 그녀를 안이한 먹이로 유인했다.	He lured her with trinkets.	
JLPT-한끝-N2-0049	案外	あんがい	뜻밖에, 의외로	いけすかないボスだけど、仕事の悩みを相談したら案外、窮鳥懐に入れば猟師も殺さず、てなことになるかもね。	괜찮은 보스지만 일의 고민을 상담하니까 뜻밖에 궁포 품에 넣으면 사냥꾼도 죽이지 않고 괜찮아질지도 모르겠다.	The boss is hard to get along with. But if I try to talk to him about problems I have at work he might have a little heart. Even a hunter can't kill a bird who flies to him for protection.	
JLPT-한끝-N2-0050	案の定	あんのじょう	예상대로	案の定、あの業者今日になって泣きついてきたよ。	아니나 다를까, 그 업체 오늘이 돼서 울고불고 왔어.	Just like I thought, the contractor came back today, begging for more time.	
JLPT-한끝-N2-0051	いい加減	いいかげん	적당함, 무책임함	いい加減にしろっつの。恵子さん、嫌がってるだろ。	적당히 해라 케이코 씨, 싫어하잖아.	I said 'Quit it'. Can't you see Keiko hates that?	
JLPT-한끝-N2-0052	言い難い	いいがたい	말하기 어렵다	これらの患者には外科的な処置だけでは十分とは言い難い。	이 환자들에게는 외과적인 처치만으로는 충분하다고 말하기 어렵다.	For these patients, surgical treatment is far from being satisfactory.	
JLPT-한끝-N2-0053	言い訳	いいわけ	변명	「これ以上何も言うことはありません、いいわけをするのはいやですから」と彼は言った。	"""더 이상 아무 말도 할 게 없어요, 좋은 거 하는 건 싫으니까""라고 그는 말했다."	"He said, ""I will say nothing more, because I hate making excuses."""	
JLPT-한끝-N2-0054	委員会	いいんかい	위원회	その問題は委員会によって討議されている最中だった。	그 문제는 위원회에 의해 토의되고 있는 중이었다.	The committee were discussing the problem.	
JLPT-한끝-N2-0055	意外	いがい	의외임	彼が音楽について大変詳しいのは我々にとって意外なことでした。	그가 음악에 대해 매우 잘 아는 것은 우리에게 뜻밖의 일이었습니다.	His extensive knowledge of music was a revelation to us.	
JLPT-한끝-N2-0056	医学界	いがくかい	의학계	彼は医学界に多大な影響力を持っている。	그는 의학계에 지대한 영향력을 가지고 있다.	He has great influence over the medical world.	
JLPT-한끝-N2-0057	生き生き	いきいき	생생함, 활기참	彼は、はっきり生き生きと話すのが常だ。彼は、いつもどんな問題も端的に話す。	그는 똑똑하게 말하기 일쑤야. 그는 언제나 어떤 문제도 단적으로 말한다.	He makes it a point to speak clearly and graphically he always talks turkey about any problem.	
JLPT-한끝-N2-0058	勢い	いきおい	기세, 힘	彼、今のところは飛ぶ鳥も落とす勢いだけれど、あの威勢いつまでもつのか、疑問だね。	그 사람, 지금은 날 새도 떨어뜨릴 기세인데 그 위세가 언제까지 이어질지 의문이네.	He's unstoppable right now but the question is how long he can remain at the pinnacle of his career.	
JLPT-한끝-N2-0059	いきなり	いきなり	갑자기	いきなりビールを３本飲んでしまうなんて、佐藤さんも侮れないなあ。	갑자기 맥주를 세 캔 마셔버리다니, 사토 씨도 만만치 않네.	Ms Sato is no lightweight. I just saw her chug three bottles of beer.	
JLPT-한끝-N2-0060	息抜き	いきぬき	숨 돌리기, 휴식	たまには旅行でもして息抜きしないと、毎日仕事仕事じゃやってられないよ。	가끔은 여행이라도 하고 숨 쉬어야지 매일 일로는 할 수 있어.	You can't just work all day everyday. You need to break for a vacation once in a while.	
JLPT-한끝-N2-0061	育児	いくじ	육아	そして時折私が仕事と育児を両立させようという試みにくじけそうになったとき、私の決意を支える助けになったのは夫だった。	그리고 가끔 내가 일과 육아를 양립시키려는 시도에 좌절할 뻔했을 때, 내 결의를 지지해주는 데 도움을 준 건 남편이었다.	And at times when I became discouraged with trying to reconcile working and bringing up children, it was my husband who helped to maintain my determination.	
JLPT-한끝-N2-0062	勇ましい	いさましい	용감하다	一人で原始林へ乗り込もうとは君はなんて勇ましいんだ。	혼자 원시림에 들어가자니 넌 정말 용맹스러워.	How brave of you to go alone into the primaeval forest!	
JLPT-한끝-N2-0063	維持	いじ	유지	しかし、抗議を通して始めて自由で開かれた社会が維持されるのである。	그러나 항의를 통해 비로소 자유롭고 열린 사회가 유지되는 것이다.	Only through protest can a free and open society be maintained.	
JLPT-한끝-N2-0064	いじめる	いじめる	괴롭히다	基本はアスカがシンジをいじめる。で、たまにキレたシンジがアスカを襲う。その時のアスカはやけにしおらしい。	기본은 아스카가 신지를 괴롭히는 것. 그런데 가끔 화난 신지가 아스카를 덮친다 그 때의 아스카는 유독 지독하다.	The key is that Asuka abuses Shinji.  So, rarely, Shinji flips and assaults Asuka.  Then Asuka is surprisingly meek.	
JLPT-한끝-N2-0065	いじる	いじる	만지다	書類は勝手にいじられた形跡があった。	서류는 함부로 만진 흔적이 있었다.	The documents were tampered with.	
JLPT-한끝-N2-0066	異常	いじょう	이상함	国防総省関係者は、異常がいつ発生したかについては口を閉ざしており、飛行の詳細についても論評をさけました。	국방부 관계자는 이상이 언제 발생했는지에 대해서는 입을 닫았고, 비행에 대한 자세한 내용에 대해서도 논평을 내놓았습니다.	Pentagon officials won't say when the problem turned up and refused to discuss details about the flight.	
JLPT-한끝-N2-0067	異色	いしょく	이색적임	われわれの仲間ではあなたは異色の存在だった。	우리의 동료에서는 당신은 이색적인 존재였다.	You stood our in our circle.	
JLPT-한끝-N2-0068	泉	いずみ	샘	泉はおよそ１７０フィートの高さまで温水を吹き出す。	샘은 대략 170피트 높이까지 온수를 뿜어낸다.	It sends hot water some 170 feet high.	
JLPT-한끝-N2-0069	依然として	いぜんとして	여전히	生命がどの様にして、いつ、始まったかは依然として謎である。	생명이 어떻게, 언제, 시작됐는지는 여전히 수수께끼다.	How and when life began is still a mystery.	
JLPT-한끝-N2-0070	忙しい	いそがしい	바쁘다	あなたは、私はすることが何もないと思っているが、それどころかたいへん忙しいのです。	당신은 저는 할 일이 아무것도 없다고 생각하지만, 그건커녕 매우 바쁩니다.	You think I have nothing to do; but on the contrary, I am very busy.	
JLPT-한끝-N2-0071	痛い	いたい	아프다	ジョンは、７人家族の最年少だから、両親にとって目の中に入れても痛くないほどだ。	존은 7인 가족의 최연소이다 보니, 부모님에게 눈 속에 넣어도 아프지 않을 정도다.	John, who is the youngest in a family of seven, is the apple of his parent's eye.	
JLPT-한끝-N2-0072	偉大	いだい	위대함	あなたの言葉から判断すると、彼は偉大な作家に違いない。	당신의 말로 판단하면, 그는 위대한 작가임에 틀림없다.	Judging from what you say, he must be a great writer.	
JLPT-한끝-N2-0073	抱く	いだく	품다	その経験で彼女は民主党に対して好感を抱くようになった。	그 경험으로 그녀는 민주당에 대해 호감을 갖게 되었다.	The experience prejudiced her in favor of the Democratic Party.	
JLPT-한끝-N2-0074	傷む	いたむ	상하다	傷むのを防ぐために、遠海で捕獲した魚は直ちに冷却される。	상하는 것을 방지하기 위해 원해에서 포획한 물고기는 즉시 냉각된다.	To avoid spoiling, fish caught far out at sea are immediately cooled or even frozen.	
JLPT-한끝-N2-0075	一応	いちおう	일단	過去問がもしあるならば一応目を通すほうがいいと思います。	과거문이 만약 있다면 일단 훑어보는 게 좋을 것 같아요.	If there are past exam questions then I think it would be best to give them a quick look over.	
JLPT-한끝-N2-0076	著しい	いちじるしい	현저하다	二人の少年の間には著しい違いがあった。	두 소년 사이에는 현저한 차이가 있었다.	Striking differences existed between the two boys.	
JLPT-한끝-N2-0077	一日おきに	いちにちおきに	하루걸러	私はステーキが何よりも好きで、一日おきに食べている。	나는 스테이크가 무엇보다 좋아서 하루 걸러 먹고 있어.	I like steak better than anything else, and eat it every other day.	
JLPT-한끝-N2-0078	一気に	いっきに	단숨에	興奮した女性は一気に事故について説明しようとした。	흥분된 여성은 단번에 사고에 대해 설명하려고 했다.	The excited woman tried to explain about the accident all in one breath.	
JLPT-한끝-N2-0079	〜一色	〜いっしょく	~일색	夏の山では目に見えるものはすべて緑一色です。	여름 산에서는 눈에 보이는 것은 모두 녹색 일색입니다.	The mountains are a lush green in summer.	
JLPT-한끝-N2-0080	一斉に	いっせいに	일제히	予鈴だ。校門の辺りにいた生徒たちが一斉に足を速める。	예쁘다 교문 주변에 있던 학생들이 일제히 발걸음을 재촉한다.	It's the class bell.  The pupils that had been around the school gate quickened their steps as one.	
JLPT-한끝-N2-0081	一層	いっそう	한층 더	その問題について考えれば考えるほど、一層難しくなるようにおもえた。	그 문제에 대해 생각할수록 더욱 어려워지는 것 같았다.	The more I thought about the problem, the more difficult it seemed.	
JLPT-한끝-N2-0082	いったん	いったん	일단	いったん物事を始めた以上、途中で放棄してはいけない。	일단 일을 시작한 이상 도중에 포기해서는 안 된다.	Once you have begun to do something, never give it up.	
JLPT-한끝-N2-0083	一転	いってん	완전히 바뀜	順調だった交渉は、担当者の発言をきっかけに一転して厳しい状況になった。	순조롭던 협상은 담당자의 발언을 계기로 상황이 돌변해 어려워졌다.		
JLPT-한끝-N2-0084	いつのまにか	いつのまにか	어느새	歳月はいつのまにか過ぎ去っていった。	세월은 어느덧 지나갔다.	The year stole by.	
JLPT-한끝-N2-0085	移転	いてん	이전	４月１日、南洋フーズ株式会社は横浜の新社屋に移転します。	4월 1일, 난양 푸즈 주식회사는 요코하마의 신사옥으로 이전합니다.	On April 1, Nanyo Foods Co. Ltd. will move to its new building in Yokohama.	
JLPT-한끝-N2-0086	緯度	いど	위도	同じ国であっても、緯度によって気候が大きく異なることがある。	같은 나라라도 위도에 따라 기후가 크게 다를 수 있다.		
JLPT-한끝-N2-0087	祈る	いのる	기도하다	末永く、楽しい日々を送られますようおいのりします。	오래오래 즐거운 나날을 보내시길 바랍니다.	We wish her many happy years in the future.	
JLPT-한끝-N2-0088	違反	いはん	위반	相次ぐ不祥事にも関わらず、警察はオメオメ違反切符を切っている。	잇따른 불상사에도 불구하고 경찰은 아무렇지도 않은 듯 위반 딱지를 떼고 있다.	Despite their own scandals the police continue to make arrests as though nothing had happened at all.	
JLPT-한끝-N2-0089	異文化	いぶんか	이문화	異文化間のコミュニケーションはとてもむずかしいです。	다른 문화 간의 의사소통은 매우 어렵습니다.	It is very difficult to communicate yourself sufficiently to others.	
JLPT-한끝-N2-0090	今に	いまに	머지않아	昔から今に至るまで存在する、あらゆる社会の歴史は階級闘争の歴史である。	예전부터 지금까지 존재하는 모든 사회의 역사는 계급투쟁의 역사다.	The history of all hitherto existing society is the history of class struggles.	
JLPT-한끝-N2-0091	意欲	いよく	의욕	この人々は、血によってではなく、肉の欲求や人の意欲によってでもなく、ただ、神によって生まれたのである。	이 사람들은 피에 의해서가 아니라 육욕이나 사람의 의욕에 의해서가 아니라 오직 신에 의해서 태어난 것이다.	Children born not of natural descent, nor of human decision or a husband's will, but born of God.	
JLPT-한끝-N2-0092	依頼	いらい	의뢰	この重役のポストに適当な人物を見つけるには、人材斡旋業者に依頼する必要がある。	이 중역 자리에 마땅한 인물을 찾으려면 인력 알선업체에 의뢰해야 한다.	We'll need a head hunting agency to find the right man for this executive position.	
JLPT-한끝-N2-0093	いらいら	いらいら	초조함	彼女は機嫌が悪かった。私が到着する前に起こったことでいらいらしていたに違いない。	그녀는 기분이 나빴어. 내가 도착하기 전에 일어난 일 때문에 짜증이 났던 게 틀림없어.	She was in a bad mood; she must have been put out by something that had happened before I arrived.	
JLPT-한끝-N2-0094	医療	いりょう	의료	改良された医療技術は、宇宙開発計画の副産物として派生したものの一つである。	개량된 의료기술은 우주개발 계획의 부산물로 파생된 것 중 하나다.	Improved medical technology has been one of the spin-offs of the space program.	
JLPT-한끝-N2-0095	<pre>岩</pre>	いわ	바위	岩の上で髪をとかしながら、彼女は快い歌を歌った。	바위 위에서 머리를 빗으며 그녀는 쾌활한 노래를 불렀다.	She sang a sweet song as she combed her hair on the rock.	
JLPT-한끝-N2-0096	祝い	いわい	축하, 선물	私達が祝いの言葉をかけたのに、彼は眉をひそめてそっぽを向いた。	우리가 축하의 말을 건넸는데 그는 눈살을 찌푸리고 돌아섰다.	In spite of our congratulations, he frowned and turned away.	
JLPT-한끝-N2-0097	祝う	いわう	축하하다	２月１４日、アメリカ人はバレンタインデーを祝う。	2월 14일, 미국인들은 밸런타인데이를 축하한다.	On February 14 Americans celebrate St. Valentine's Day.	
JLPT-한끝-N2-0098	いわば	いわば	말하자면	テレビに映し出されるものは、いわば実社会の反映である。	텔레비전에 비춰지는 것은 말하자면 실사회의 반영이다.	What is shown on television is, as it were, a reflection of what society is like.	
JLPT-한끝-N2-0099	いわゆる	いわゆる	소위, 이른바	最初のパラグラフでは、いわゆるサプライサイドの経済戦略というものの妥当性について疑問を呈する。	첫 번째 패러그래프에서는 소위 공급 측면의 경제전략이라는 것의 타당성에 대해 의문을 제기한다.	In the opening paragraphs I query the validity of so-called supply-side economic strategies.	
JLPT-한끝-N2-0100	印刷	いんさつ	인쇄	この教科書は、急いで印刷したためにミスプリントがたくさんある。	이 교과서는 급하게 인쇄했기 때문에 오판본이 많이 있다.	This textbook, having been printed in haste, has a lot of printing mistakes.	
JLPT-한끝-N2-0101	引退	いんたい	은퇴	彼は故郷の町に引退し、そこで静かな生活を送った。	그는 고향 마을로 은퇴하고 그곳에서 조용한 삶을 살았다.	He retired to his hometown, where he lived a quiet life.	
JLPT-한끝-N2-0102	引用	いんよう	인용	私はこれらの引用句の出典をどうしても知る必要がある。	나는 이 인용구의 출처를 꼭 알아야 한다.	I must know where these quotations originate.	
JLPT-한끝-N2-0103	植木	うえき	정원수, 분재	「どうしたの？」「あのね、植木の枝の剪定をして欲しかったのよ」	'왜 그래?' '저기요, 나무 가지 가지 가지 치기를 했으면 했어요'	"""What is it?"" ""Well, you see, I wanted the shrubs pruned."""	
JLPT-한끝-N2-0104	伺う	うかがう	여쭙다	予定変更のお知らせをしない限り、日曜日にお伺いします。	예정 변경 공지를 하지 않는 한 일요일에 방문하겠습니다.	I will visit you on Sunday, if I do no write to you to the contrary.	
JLPT-한끝-N2-0105	浮く	うく	떠오르다	若者ばかりのそのコンサート会場でおじさんのわたしはすっかりまわりから浮いていた。	젊은이들뿐인 그 콘서트장에서 아저씨인 나는 온통 주위에서 떠 있었다.	Being at the concert hall full of young kids made an old duffer like me feel out of tune.	
JLPT-한끝-N2-0106	受け入れる	うけいれる	받아들이다	１８２０年から１９７３年の間に合衆国は、４６００万以上の移民を受け入れた。	1820년에서 1973년 사이에 합중국은 4,600만 이상의 이민을 받아들였다.	Between 1820 and 1973, the United States admitted more than 46 million immigrants.	
JLPT-한끝-N2-0107	薄い	うすい	얇다, 연하다	一方の本は薄い、他方は厚い、厚いのは約２００ページある。	한편의 책은 얇고, 다른 한편은 두껍고, 두꺼운 것은 약 200페이지 있다.	One book is thin. The other is thick. The thick one has about 200 pages.	
JLPT-한끝-N2-0108	薄暗い	うすぐらい	어둡다, 침침하다	薄暗い照明の中で、彼女の顔がはっきり見えなかった。	어두컴컴한 조명 속에서 그녀의 얼굴이 뚜렷하게 보이지 않았다.	Her face was not clear in the poor light.	
JLPT-한끝-N2-0109	薄める	うすめる	묽게 하다	薬品を水で薄める際は、決められた割合を必ず守ってください。	약품을 물로 희석할 때는 정해진 비율을 반드시 지켜주시기 바랍니다.		
JLPT-한끝-N2-0110	疑い	うたがい	의심	その事についての疑いを捨てなくてはならなかった。	그 일에 대한 의심을 버려야 했다.	I had to get rid of my doubt about it.	
JLPT-한끝-N2-0111	疑う	うたがう	의심하다	彼らは彼を疑っていたが、理由が無いわけではなかった。	그들은 그를 의심했지만 이유가 없는 것은 아니었다.	They were suspicious of him, and not without reason.	
JLPT-한끝-N2-0112	打ち明ける	うちあける	털어놓다	とにかく、言いづらい事を打ち明けてくれてうれしいよ。	아무튼 말하기 힘든 걸 털어놔서 기뻐.	Anyway, I'm glad you were able to broach this difficult subject.	
JLPT-한끝-N2-0113	打ち消す	うちけす	부정하다	会社は報道内容を打ち消したものの、疑惑が完全に晴れたわけではない。	회사는 보도 내용을 번복했지만 의혹이 완전히 불거진 것은 아니다.		
JLPT-한끝-N2-0114	宇宙	うちゅう	우주	改良された医療技術は、宇宙開発計画の副産物として派生したものの一つである。	개량된 의료기술은 우주개발 계획의 부산물로 파생된 것 중 하나다.	Improved medical technology has been one of the spin-offs of the space program.	
JLPT-한끝-N2-0115	映る	うつる	비치다	なんて小さなテレビなんでしょう。本当に映るのですか。	이 얼마나 작은 티비인가요 정말 나오나요?	What a small television set! Does it really work?	
JLPT-한끝-N2-0116	うつむく	うつむく	고개를 숙이다	言ってから、まゆちゃんは恥ずかしそうに俯いてしまう。	말하고 나서 마유미는 부끄러워하며 엎드려 버린다.	Having said it, Mayu hangs her head in embarrassment.	
JLPT-한끝-N2-0117	腕	うで	팔	あなたにいくら給料を支払うかは、あなたの腕次第ですね。	당신에게 얼마의 월급을 지불할지는 당신의 능력에 달려있네요.	How much we pay you depends on your skill.	
JLPT-한끝-N2-0118	うとうと	うとうと	꾸벅꾸벅 졸다	本当に眠ってなんかいない、うとうとしているだけだ。	정말 잠이 안 온다, 꾸벅꾸벅 졸고 있을 뿐이야.	I'm not really asleep, just dozing.	
JLPT-한끝-N2-0119	うなずく	うなずく	고개를 끄덕이다	係員が頷いたので彼女は小切手を書き、それを手渡した。	담당자가 고개를 끄덕이자 그녀는 수표를 쓰고 그것을 건넸다.	The clerk nodded, so the woman wrote a check and handed it over.	
JLPT-한끝-N2-0120	うわさ	うわさ	소문	私たちは多くの人に新しい店について尋ねたが、そのうわさを聞いた者は誰もいなかった。	우리는 많은 사람들에게 새로운 가게에 대해 물었지만 그 소문을 들은 사람은 아무도 없었다.	We asked many persons about the new store, but no one had heard of it.	
JLPT-한끝-N2-0121	運送	うんそう	운송	通信販売の拡大に伴って、商品の運送を担う人手が不足している。	통신판매가 확대되면서 상품 운송을 맡을 인력이 부족하다.		
JLPT-한끝-N2-0122	永久	えいきゅう	영구, 영원	昔の建物を取り壊すことによって、私たちは、過去の痕跡を永久に消し去ってしまうことになるのである。	옛 건물을 허물어버림으로써 우리는 과거의 흔적을 영구히 지워버리게 되는 것이다.	By demolishing buildings of bygone times, we wipe out every trace of the past forever.	
JLPT-한끝-N2-0123	営業	えいぎょう	영업	社屋や従業員に被害はなく、平常通り営業している。	사옥이나 직원들에게 피해는 없이 평상시처럼 영업하고 있다.	There was no damage to the office, or workers, and we're in business as usual.	
JLPT-한끝-N2-0124	会釈	えしゃく	가벼운 인사	彼のことはこれ以上知りません。顔を合わせれば会釈する程度の知り合いですから。	그에 대해서는 더 이상 모릅니다, 얼굴을 마주치면 회초리를 할 정도의 지인이니까요.	I don't know any more about him. I know him, but only to say Hello to.	
JLPT-한끝-N2-0125	エネルギー	エネルギー	에너지	私たちはレストランに入り、夕食をとりながらエネルギー危機について論じた。	우리는 레스토랑에 들어가 저녁 식사를 하면서 에너지 위기에 대해 논했다.	We entered a restaurant, and discussed the energy crisis over our dinner.	
JLPT-한끝-N2-0126	絵の具	えのぐ	그림물감	海綿は水を吸収しますので水彩絵具をぼかしたりする時に便利です。	해면은 물을 흡수하기 때문에 수채 물감을 흐리거나 할 때 편리합니다.	Sponge absorbs water so it is convenient for shading water-colours and such.	
JLPT-한끝-N2-0127	偉い	えらい	훌륭하다	彼は偉い学者で、さらによいことには、良い先生だ。	그는 훌륭한 학자로, 더 좋은 것은 좋은 선생님이다.	He is a great scholar, and, what is better, a good teacher.	
JLPT-한끝-N2-0128	得る	える	얻다	その件に関しては、わたしは彼の意見に反対せざるを得ない。	그 건에 관해서는 나는 그의 의견에 반대하지 않을 수 없다.	I cannot but object to his opinion as to the matter.	
JLPT-한끝-N2-0129	延期	えんき	연기, 미룸	その指揮者はこの２度目の延期によって本当に不安になった。	그 지휘자는 이 두 번째 연기로 인해 정말 불안해졌다.	The director became really anxious at this second postponement.	
JLPT-한끝-N2-0130	演技	えんぎ	연기	父は私を男や女としてではなく、演技者として訓練しました。	아버지는 저를 남자나 여자로서가 아니라 연기자로서 훈련시켰어요.	My father trained me not as a man or a woman, but as a performer.	
JLPT-한끝-N2-0131	援助	えんじょ	원조, 도움	日本の海外援助は、１つには国内の経済の減速によって減りつつある。	일본의 해외 원조는 한 가지로는 국내 경제의 둔화로 인해 줄어들고 있다.	Japan's foreign aid is decreasing in part because of an economic slowdown at home.	
JLPT-한끝-N2-0132	エンジン	エンジン	엔진	彼は、ガソリンをさらに使わないエンジンを開発した。	그는 휘발유를 더 사용하지 않는 엔진을 개발했다.	He devised a new engine to use less gas.	
JLPT-한끝-N2-0133	演説	えんぜつ	연설	ちょうど彼が演説していた時に、銃声がひびき渡った。	마침 그가 연설을 하고 있을 때 총성이 빗발쳤다.	Even as he was speaking, a shot rang out.	
JLPT-한끝-N2-0134	延長	えんちょう	연장	日本の問題点は、国内での階級的な個人同士の関係の延長として国際関係をとらえてきたことである。	일본의 문제점은 국내에서 계급적 개인 간의 관계의 연장으로 국제관계를 받아들여 왔다는 점이다.	Japan's problem has been that she has continued to view international relations as an extension of her hierarchical interpersonal relations at home.	
JLPT-한끝-N2-0135	追い越し	おいこし	추월	車は一気にスピードを上げてトラックを追い越した。	차는 단번에 속도를 높여 트럭을 추월했다.	The car put on a burst of speed and passed the truck.	
JLPT-한끝-N2-0136	オイル	オイル	오일, 기름	ガソリンを満タンにして、ついでにオイルも見てくれる。	휘발유를 가득 채우고 김에 오일도 봐준다.	Could you fill it up and take a look at the oil, too?	
JLPT-한끝-N2-0137	応援	おうえん	응원	観衆はルチアーノを応援するかもしれないが、チャンピオンに勝つ技術がある。	관중들은 루치아노를 응원할지도 모르지만 챔피언을 이기는 기술이 있다.	The crowd may be on the side of Luciano, but the champ has got the skill to win and that's what matters.	
JLPT-한끝-N2-0138	応援団	おうえんだん	응원단	応援団の声が会場全体に響き、選手たちの緊張も次第にほぐれていった。	응원단의 목소리가 공연장 전체에 울려 퍼지면서 선수들의 긴장도 점차 풀렸다.		
JLPT-한끝-N2-0139	応対	おうたい	응대, 접대	その顧客に応対してこれ以上時間を無駄にしてはいけない。	그 고객을 응대해서 더 이상 시간을 낭비해서는 안 된다.	Don't waste any more time responding to that customer.	
JLPT-한끝-N2-0140	横断	おうだん	횡단	老婦人は、道路を横断するのを手伝ったことに対して、私に感謝した。	노부인은 도로를 횡단하는 것을 도와준 것에 대해 나에게 감사했다.	The old lady thanked me for helping her across the road.	
JLPT-한끝-N2-0141	欧米	おうべい	구미(유럽과 미국)	生活水準の面では、その共和国は欧米諸国に追い付いた。	생활 수준 면에서 그 공화국은 서구 국가를 따라잡았다.	As for the standard of living, the republic has caught up with the West.	
JLPT-한끝-N2-0142	覆う	おおう	덮다, 씌우다	冬が近づいてきたので、山々はまもなく雪に覆われるだろう。	겨울이 다가왔으니 산들은 곧 눈이 덮일 것이다.	With winter coming on, the mountains will soon be covered with snow.	
JLPT-한끝-N2-0143	大げさ	おおげさ	과장됨	彼にとって妻は彼の命そのものだったと言っても決して大げさではない。	그에게 아내는 그의 목숨 그 자체였다고 해도 결코 과장이 아니다.	It is no exaggeration to say that, as far as he was concerned, his wife was life itself to him.	
JLPT-한끝-N2-0144	大幅	おおはば	큰 폭	大幅な貿易黒字にもかかわらず、貿易収支外の赤字のために計上収支黒字はそれほど大きくない。	큰 폭의 무역흑자에도 불구하고 무역수지 외의 적자 때문에 계상수지 흑자는 그리 크지 않다.	Despite a large surplus in merchandise trade, the current account surplus is not so big due to a deficit in invisible trade.	
JLPT-한끝-N2-0145	お菓子	おかし	과자	人々を信じなさい。だけど、知らない人からお菓子を貰ってはいけませんよ。	사람들을 믿어라, 하지만 모르는 사람에게 과자를 받으면 안 돼요.	Trust people, but don't take candy from strangers.	
JLPT-한끝-N2-0146	おかまいなく	おかまいなく	신경 쓰지 마세요	どうぞおかまいなく。	아무쪼록 상관하지 마세요.	Please don't bother.	
JLPT-한끝-N2-0147	お勘定	おかんじょう	계산, 지불	お勘定をお願いします。	계산 좀 해주세요.	May I have the check, please?	
JLPT-한끝-N2-0148	補う	おぎなう	보충하다	それはまるで、経験不足は才能で補えると言っているようなものだ。	그것은 마치 경험 부족은 재능으로 보충한다고 말하는 것과 같다.	It sounds as if genius compensates for lack of experience.	
JLPT-한끝-N2-0149	〜億	〜おく	~억	彼らは、将来のためにとっておくほど十分な収入がありません。	그들은 장래를 위해 남겨둘 만큼 충분한 수입이 없습니다.	They don't have enough income to lay aside for the future.	
JLPT-한끝-N2-0150	置く	おく	놓다, 두다	この部屋は手狭なので、もうこれ以上家具を置くのはむりだよ。	이 방은 비좁아서 더 이상 가구를 두는 건 무리야.	This room is very small, so it is impossible to put more furniture in it.	
JLPT-한끝-N2-0151	臆病	おくびょう	겁이 많음, 겁쟁이	「実を言うと、俺、高所恐怖症なんだ」「臆病者っ！」	"""사실대로 말하자면, 나 고소공포증이야"" ""겁쟁이였어!"""	"""To tell you the truth I am scared of heights."" ""You are a coward!"""	
JLPT-한끝-N2-0152	贈る	おくる	선물하다	その会社は、彼の貢献に対して金時計を贈った。	그 회사는 그의 공헌에 대해 금시계를 선물했다.	The company gave him a gold watch in acknowledgement of his services.	
JLPT-한끝-N2-0153	遅れる	おくれる	늦다, 뒤처지다	時代に遅れないようについていくのは老人にとってむしろ難しいことである。	시대에 뒤처지지 않게 따라가는 것은 노인들에게 오히려 어려운 일이다.	It is rather difficult for an old man to keep up with the times.	
JLPT-한끝-N2-0154	怒る	おこる	화내다	心配しないで。君に対して怒っているのではないよ。	걱정하지 마 너한테 화내는 거 아니야.	Don't worry. I am not mad at you.	
JLPT-한끝-N2-0155	幼い	おさない	어리다, 미숙하다	私たちが幼いときに、父は美しい話を私たちに読んでくれたものだった。	우리가 어렸을 때 아버지는 아름다운 이야기를 우리에게 읽어준 것이었다.	Our father used to read us happy stories when we were small.	
JLPT-한끝-N2-0156	納める	おさめる	넣다, 납입하다	私たちは税金を納めなければならない。	우리는 세금을 내야 한다.	We must pay the tax.	
JLPT-한끝-N2-0157	おしゃべり	おしゃべり	수다, 수다스러움	お湯の中で一日の汗や汚れ、苦労を洗い落とすだけでなく、日々の生活のことについておしゃべりをするのを楽しんだのである。	뜨거운 물 속에서 하루의 땀과 얼룩, 수고를 씻어낼 뿐만 아니라 일상 생활에 대해 수다를 떠는 것을 즐겼던 것이다.	They not only washed off the sweat, dirt and cares of the day in the hot water, but also enjoyed gossiping about everyday affairs.	
JLPT-한끝-N2-0158	お世話になる	おせわになる	신세를 지다	留学中は現地の家庭にお世話になることになっている。	유학 중에는 현지 가정의 신세를 지게 되어 있다.		
JLPT-한끝-N2-0159	おそらく	おそらく	아마	おそらく、書物がわれわれの人生に対して深い影響を及ぼすのは子供時代だけであろう。	아마도 책들이 우리 삶에 깊은 영향을 미치는 것은 어린 시절뿐일 것이다.	Perhaps it is only in childhood that books have any deep influence on our lives.	
JLPT-한끝-N2-0160	お互いに	おたがいに	서로	彼らは、貴社とお互いに利益となる事柄について話し合うことを望んでいます。	그들은 귀사와 서로 이익이 되는 사항에 대해 논의하기를 원합니다.	They want to talk to you about areas of mutual interest.	
JLPT-한끝-N2-0161	穏やか	おだやか	온화함	彼の顔は怖そうに見える反面、彼の声は優しくおだやかだった。	그의 얼굴은 무서워 보이는 반면, 그의 목소리는 다정하고 아늑했다.	In contrast to his frightening looks his voice was kind and calm.	
JLPT-한끝-N2-0162	落ち込む	おちこむ	기가 죽다, 우울해지다	落ち込むなよ、君を傷つけるつもりじゃなかったんだ。	기죽지 마, 너한테 상처를 줄 생각이 아니었어.	Come on, I didn't mean to hurt you.	
JLPT-한끝-N2-0163	落ち着く	おちつく	침착하다, 차분하다	昨年は輸出が好調の反面、輸入が落ち着いていたので貿易収支は改善した。	지난해에는 수출이 호조를 보인 반면 수입이 진정돼 무역수지는 개선됐다.	The nation's trade balance improved last year as exports were strong, while imports remained steady.	
JLPT-한끝-N2-0164	踊り	おどり	춤	その少女はリサイタルでのすばらしい踊りで、入賞した。	그 소녀는 리사이틀에서의 멋진 춤으로 입상했다.	The girl won the prize for her wonderful dancing at the recital.	
JLPT-한끝-N2-0165	劣る	おとる	뒤떨어지다	食物が我々の身体にとって必要であるのにまさるとも劣らず、読書は精神にとって必要である。	먹거리가 우리 신체에 필요한 것에 버금가는 것도 모자라 독서는 정신에 필요하다.	Reading is not less necessary to our mind than food is to our body.	
JLPT-한끝-N2-0166	衰える	おとろえる	쇠약해지다, 쇠퇴하다	文明が進むにつれて、詩は殆ど必然的に衰える。	문명이 진행됨에 따라 시는 거의 필연적으로 쇠퇴한다.	As civilization advances, poetry almost necessarily declines.	
JLPT-한끝-N2-0167	驚かせる	おどろかせる	놀라게 하다	トーテムポールと呼ばれるこれらの柱は、崇拝の対象として、あるいは敵を驚かせるために作られたと考えられている。	토템퍼라고 불리는 이 기둥들은 숭배의 대상으로, 혹은 적을 놀라게 하기 위해 만들어졌다고 여겨진다.	These poles, called totem poles, are thought to have been worshipped or constructed for frightening enemies.	
JLPT-한끝-N2-0168	主	おも	주된 것, 주	彼は、主として、宇宙の起源と進化に興味を持っていた。	그는 주로 우주의 기원과 진화에 관심을 가지고 있었다.	He was mainly interested in the origin and development of the universe.	
JLPT-한끝-N2-0169	思いがけない	おもいがけない	뜻밖의	妻の思いがけない死は、５０年以上にわたる、幸福な夫婦生活に終止符をうった。	아내의 뜻밖의 죽음은 50년 이상에 걸친 행복한 부부생활에 종지부를 찍었다.	The untimely death of my wife has rung down the curtain on over 50 years of happily married life.	
JLPT-한끝-N2-0170	思い切って	おもいきって	과감히	その国に住む人々は、指導者に対して思い切って自分の意見を述べる事ができなかった。	그 나라에 사는 사람들은 지도자에 대해 큰맘 먹고 자기 의견을 말할 수 없었다.	Those who lived in the country could not speak out against their leaders.	
JLPT-한끝-N2-0171	思いつく	おもいつく	생각이 떠오르다	君が一つの形式に拘っている限り、素晴らしい考えを思い付くことはできない。	네가 한 가지 형식에 집착하는 한, 멋진 생각을 떠올릴 수는 없어.	As long as you stick to one style, you can't hit upon a wonderful idea.	
JLPT-한끝-N2-0172	主に	おもに	주로	何をするにも人に対してでなく、主に対してするように、心から働きなさい。	뭘 하든 사람에 대해서가 아니라 주로 대해서 하듯이 진심으로 일하세요.	And whatever yea do, do it heartily, as to the Lord, and not unto men.	
JLPT-한끝-N2-0173	親子連れ	おやこづれ	부모와 자녀 동반	休日の博物館は親子連れで混雑するため、事前予約をしたほうがよい。	휴일인 박물관은 부모와 자녀 동반으로 붐비므로 사전 예약을 하는 것이 좋다.		
JLPT-한끝-N2-0174	お湯	おゆ	더운 물	試合時には、お湯の入ったタンクの中に入れて冷えないようにして、売り子によって販売された。	경기 시에는 뜨거운 물이 담긴 탱크 안에 넣어 식지 않도록 하여 판매자에 의해 판매되었다.	At the games they were sold by men who kept them warm in hot-water tanks.	
JLPT-한끝-N2-0175	泳ぐ	およぐ	헤엄치다	潜りはできるが泳げないのは、私の知る限りでは彼だけだ。	잠수는 할 수 있지만 수영을 못하는 것은 내가 알기로는 그뿐이다.	He is the only man I know who can dive but not swim.	
JLPT-한끝-N2-0176	およそ	およそ	대략, 약	そうですね。バスでおよそ２時間ぐらいかかります。	그렇군요 버스로 대략 2시간 정도 걸립니다.	Let me see. It takes about two hours by bus.	
JLPT-한끝-N2-0177	お詫び	おわび	사죄, 사과	ご注文の品が破損していたとのことで、お詫び申し上げます。	주문하신 물건이 파손되어서 죄송합니다.	We are very sorry that your order was damaged.	
JLPT-한끝-N2-0178	温厚	おんこう	온화함, 상냥함	彼は生まれつき温厚だ。	그는 천성적으로 온전하다.	He is kind by nature.	
JLPT-한끝-N2-0179	温泉	おんせん	온천	ビックリしたよ、温泉宿がお魚の養殖場になってたんだね。	깜짝 놀랐어, 온천 숙소가 물고기 양식장이 되었구나.	What a surprise! The onsen lodge had turned into a fish breeding farm.	
JLPT-한끝-N2-0180	温暖	おんだん	온난함	温暖な気候のおかげで、ここではたくさんの植物や作物が育つ。	온난한 기후 덕분에 이곳에서는 많은 식물과 작물이 자란다.	Many plants and crops grow here thanks to the mild climate.	
JLPT-한끝-N2-0181	会員制	かいいんせい	회원제	このゴルフ場は会員制になっています。	이 골프장은 회원제로 되어 있어요.	This golf course is not open to non-members.	
JLPT-한끝-N2-0182	会見	かいけん	회견	我が党の党首は他の党首達と会見し、その問題について話をした。	우리당 당수는 다른 당수들과 회견을 하고 그 문제에 대해 이야기를 나눴다.	The leader of our party met with the other leaders and talked about the problem.	
JLPT-한끝-N2-0183	外見	がいけん	외모, 겉모습	彼の外見から判断して、彼は金持ちに違いない。	그의 외모로 보아 그는 부자임에 틀림없다.	Judging from his appearance, he must be a rich man.	
JLPT-한끝-N2-0184	介護	かいご	간병	ケアプランの作成等の居宅介護支援事業については、介護保険により負担されます。	돌봄플랜 작성 등 거동 돌봄 지원 사업은 돌봄 보험에 의해 부담됩니다.	Nursing insurance covers drawing up the care plan and other work supporting home nursing.	
JLPT-한끝-N2-0185	開催	かいさい	개최	雨が降らない限り、祝宴は庭園で開催されるだろう。	비가 오지 않는 한 축제는 정원에서 개최될 것이다.	The festival will be held in garden unless it rains.	
JLPT-한끝-N2-0186	改札口	かいさつぐち	개찰구	駅員に連絡したが、男はその場を立ち去り、改札口を出て行った。	역무원에게 연락했지만 남자는 그 자리를 떠나고 개찰구를 빠져나갔다.	They contacted the station staff but the man had left the area and gone out through the ticket barrier.	
JLPT-한끝-N2-0187	解散	かいさん	해산	私たちが着く頃には、その会は解散しているだろう。	우리가 도착할 때쯤이면 그 모임은 해산하고 있을 것이다.	The meeting will have broken up by the time we arrive.	
JLPT-한끝-N2-0188	買い占める	かいしめる	매점하다	大投資かは株を買い占めた。	대 투자자는 주식을 매점했다.	The big investor bought up the stocks.	
JLPT-한끝-N2-0189	会社員風	かいしゃいんふう	회사원 같은	会社員風の男性が受付で担当者を待っていた。	회사원처럼 보이는 남성이 접수처에서 담당자를 기다리고 있었다.		
JLPT-한끝-N2-0190	解消	かいしょう	해소	ストレスを解消するための方法は男性と女性とでは異なり、男性が使う主な手段は飲酒であるが、女性は雑談によってストレスを処理している。	스트레스를 해소하기 위한 방법은 남성과 여성에서 다르며, 남성이 사용하는 주된 수단은 음주인데, 여성은 잡담으로 인해 스트레스를 처리하고 있다.	The methods used to overcome stress are different for men and women: drinking is the major method used by men, while women deal with stress by chatting.	
JLPT-한끝-N2-0191	改正	かいせい	개정	官僚は旧法規の改正に関して、成り行きを見守っています。	관료는 구 법규의 개정에 관해, 추이를 지켜보고 있습니다.	Bureaucrats are testing the waters over revising old regulations.	
JLPT-한끝-N2-0192	改善	かいぜん	개선	昨年は輸出が好調の反面、輸入が落ち着いていたので貿易収支は改善した。	지난해에는 수출이 호조를 보인 반면 수입이 진정돼 무역수지는 개선됐다.	The nation's trade balance improved last year as exports were strong, while imports remained steady.	
JLPT-한끝-N2-0193	改造	かいぞう	개조	辞書にはまだ改造の余地がたくさんある。	사전에는 아직 개조의 여지가 많이 있다.	There's still plenty of room for improvement in dictionaries.	
JLPT-한끝-N2-0194	会談	かいだん	회담	木曜日、停戦会談は、何の進展もないまま終了しました。	목요일, 정전 회담은 아무런 진전 없이 종료되었습니다.	Cease-fire talks concluded without progress Thursday.	
JLPT-한끝-N2-0195	快適	かいてき	쾌적함	われわれは、生活に必要なものや生活を快適にするものをすべて他人の労働に間接的に依存している。	우리는 생활에 필요한 것이나 생활을 편안하게 하는 것을 모두 다른 사람의 노동에 간접적으로 의존하고 있다.	We are indirectly dependent upon the labour of others for all the necessities and comforts of our lives.	
JLPT-한끝-N2-0196	ガイド	ガイド	안내, 가이드	そのガイドは、私たちが彼女の言うことがよく聞こえるように、マイクを使っている。	그 가이드는 우리가 그녀의 말을 잘 들을 수 있도록 마이크를 사용하고 있다.	The guide is using a microphone for us to hear her better.	
JLPT-한끝-N2-0197	回復	かいふく	회복	誕生と死との間を享楽する以外には、この両者に対して回復の手の施しようがない。	그러나 탄생과 죽음 사이를 향유하는 것 외에는 이 양자에 대해 회복의 손길이 없다.	There is no cure for birth and death save to enjoy the interval.	
JLPT-한끝-N2-0198	解約	かいやく	해약, 해지	私はその商品の予約を解約した。	나는 그 상품의 예약을 해지했다.	I canceled my order for the commodities.	
JLPT-한끝-N2-0199	抱える	かかえる	(문제를) 안다, 책임지다	彼はわざわざ私が抱えている問題について話し合うためにやってきた。	그는 일부러 내가 안고 있는 문제에 대해 논의하기 위해 왔다.	He came all the way to talk over a problem with me.	
JLPT-한끝-N2-0200	輝かしい	かがやかしい	눈부시다	私思うのに私の魂は輝かしい眼に見えない緑色に違いない。	내 생각에도 내 영혼은 찬란하게 빛나지 않는 녹색임에 틀림없어.	Methinks my own soul must be a bright invisible green (Thoreau).	
JLPT-한끝-N2-0201	かかりつけ	かかりつけ	단골(의사 등)	君はすぐにかかりつけの医者にみてもらったほうがいい。	너는 바로 주치의에게 진찰을 받는 게 좋겠어.	You'd better go to see your family doctor at once.	
JLPT-한끝-N2-0202	覚悟	かくご	각오	我々の最優先事項はこの論争にきっぱりと決着を付ける事だ。そのためには相手側との妥協も覚悟している。	우리의 최우선 사항은 이 논쟁에 단호히 종지부를 찍는 일이다. 이를 위해서는 상대 측과의 타협도 각오하고 있다.	Our top priority is to settle this dispute once and for all, so we are ready to meet them halfway.	
JLPT-한끝-N2-0203	拡充	かくじゅう	확충	教育施設を拡充する金をもっと多くと望んでいる。	교육시설을 확충할 돈을 더 많이 원한다.	People want more money to expand educational institutions.	
JLPT-한끝-N2-0204	隠す	かくす	감추다	地球の生態系はある程度自己修正されるもので、その結果が他の変化によって隠されているという可能性もある。	지구의 생태계는 어느 정도 자기 수정되는 것이고, 그 결과가 다른 변화에 의해 가려져 있을 수도 있다.	The earth's ecosystem is to some extent self-correcting, so it is also possible that the effects are being masked by other changes.	
JLPT-한끝-N2-0205	拡大	かくだい	확대	この共同住宅は、環境と健康に配慮した建物。今後、このシステムとノウハウをさらに拡大していきたい。	이 공동주택은 환경과 건강을 고려한 건물. 앞으로 이 시스템과 노하우를 더욱 확대해나가고 싶다.	This block of apartments is a building that takes both the environment and health into consideration.  From now on we want to further expand this system and knowhow.	
JLPT-한끝-N2-0206	拡張	かくちょう	확장	彼らは征服によって、領土を拡張した。	그들은 정복을 통해 영토를 확장했다.	They extended their territory by conquest.	
JLPT-한끝-N2-0207	学年別	がくねんべつ	학년별	調査結果を学年別に分析したところ、理解度に大きな差が見られた。	조사 결과를 학년별로 분석했더니 이해도에 큰 차이가 나타났다.		
JLPT-한끝-N2-0208	確保	かくほ	확보	エネルギー資源の確保について少し意見を述べるように頼まれた。	에너지 자원 확보에 대해 좀 더 의견을 개진해 달라고 부탁을 받았다.	I was asked to make a few remarks on energy conservation.	
JLPT-한끝-N2-0209	下降	かこう	하강	気温が急激に下降するおそれがあるため、十分な防寒対策が必要だ。	기온이 급격히 하강할 수 있으므로 충분한 방한 대책이 필요하다.		
JLPT-한끝-N2-0210	囲む	かこむ	둘러싸다	日本では、あなたは美によって囲まれている。	일본에서는 당신은 아름다움으로 둘러싸여 있다.	In Japan you are surrounded by beauty.	
JLPT-한끝-N2-0211	かさかさ	かさかさ	거칠거칠함	冬の冷たい風に何時間もさらされていたせいで肌がカサカサになった。	겨울 찬바람에 몇 시간 동안 노출돼 있던 탓에 피부가 까칠해졌다.	After spending hours out in the cold winter wind my skin got all chapped and dry.	
JLPT-한끝-N2-0212	重ねる	かさねる	겹치다, 거듭하다	恵子が手際よく食器を重ねて、シンクへ運んでゆく。	케이코가 솜씨 좋게 식기를 겹쳐서 싱크대로 옮겨간다.	Keiko deftly piles up the cutlery and takes them to the sink.	
JLPT-한끝-N2-0213	賢い	かしこい	현명하다	彼が善良だからといって、賢いということにはならない。	그가 착하다고 해서 똑똑하다고 할 수는 없다.	Because he is good, it does not follow that he is wise.	
JLPT-한끝-N2-0214	過剰	かじょう	과잉	彼女はたぶんまた物事を必要以上に過剰に行っているだけです。	그녀는 아마 또 일을 필요 이상으로 과하게 하고 있을 뿐이에요.	She is probably just making a mountain out of a molehill again.	
JLPT-한끝-N2-0215	かすか	かすか	희미함	彼女の意識は死が近づくにつれて次第にかすかになっていった。	그녀의 의식은 죽음이 가까워질수록 점차 희미해져 갔다.	Her consciousness grew fainter as death approached.	
JLPT-한끝-N2-0216	風邪気味	かぜぎみ	감기 기운 있음	窓を閉めてもかまいませんか。少し風邪気味なもんですので。	창문을 닫아도 괜찮습니까? 조금 감기 기운이 있어서요.	Would you mind if I shut the window? I have a slight cold.	
JLPT-한끝-N2-0217	家族連れ	かぞくづれ	가족 동반	この施設は家族連れでも利用しやすいよう、休憩室が広く設けられている。	이 시설은 가족 단위에서도 이용하기 편리하도록 휴게실이 넓게 마련되어 있다.		
JLPT-한끝-N2-0218	肩	かた	어깨	見知らぬ人が後ろから私の肩をたたいた。誰か他の人と間違えたに違いない。	낯선 사람이 뒤에서 내 어깨를 두드렸어. 누군가 다른 사람과 착각한 게 틀림없어.	A stranger tapped me on the shoulder from behind. He took me for some other person, I'm sure.	
JLPT-한끝-N2-0219	傾く	かたむく	기울다	このことは家が沈み始め、道路が裂けて街灯が途方もない角度に傾きつつあることを意味する。	이 일은 집이 가라앉기 시작하면서 도로가 갈라지고 가로등이 엄청난 각도로 기울고 있음을 의미한다.	This means that houses are starting to sink, roads are breaking up and lamp-posts are leaning at crazy angles.	
JLPT-한끝-N2-0220	固める	かためる	굳히다	気宇壮大な計画もいいけれど、まずは自分の足元を固めることから始めてほしいよ。	기우 장대한 계획도 좋지만 일단 자신의 발밑을 다지는 것부터 시작했으면 좋겠어.	It's fine to make grandiose plans but I'd like you to start with what you have on your plate.	
JLPT-한끝-N2-0221	偏る	かたよる	치우치다	２桁のＩＱがある人間なら誰でも、この選択が政治的に偏ったものだって分かってるよ。	두 자릿수의 IQ가 있는 사람이라면 누구나 이 선택이 정치적으로 편향된 것임을 알고 있어.	Anybody with at least a two-digit IQ knows this was a politically biased choice.	
JLPT-한끝-N2-0222	格好	かっこう	겉모양, 패션	彼は心してかからないとマリガンの格好の餌食となるに違いない。	그는 마음 졸이지 않으면 마리옹의 꼴이 될 것이 틀림없다.	He'd better watch out, or Mulligan is going to wipe the floor with him.	
JLPT-한끝-N2-0223	がっかり	がっかり	실망하다	たいそうがっかりしたことには、彼女は試験に落ちた。	몹시 실망스럽게도 그녀는 시험에 떨어졌다.	She failed the examination and I was greatly disappointed.	
JLPT-한끝-N2-0224	かつて	かつて	일찍이, 이전에	あの丘の上には、かつて大きな城があったものです。	저 언덕 위에는 예전에 큰 성이 있었던 것입니다.	There used to be a great castle on that hill.	
JLPT-한끝-N2-0225	勝手	かって	제멋대로	いつまでもぶつくさ言っているのは君の勝手だけどね、それじゃあ事態は何一つ変わらないよ。	언제까지나 부딪히자고 하는 건 네 맘이지만 그러면 사태는 뭐가 달라지지 않아.	You can complain till the cows come home, but it's not going to make a bit of difference.	
JLPT-한끝-N2-0226	活発	かっぱつ	활발함	大学生は一生懸命に勉強すべきだが、同様にまた活発な社会生活のための時間も作るべきだ。	대학생은 열심히 공부해야 하지만 마찬가지로 또 활발한 사회생활을 위한 시간도 만들어야 한다.	College students should study hard, but equally they should also make time for an active social life.	
JLPT-한끝-N2-0227	仮定	かてい	가정	ここでの事故の数が公式に記録されているものの２倍あると仮定してみよう。	여기서의 사고 개수가 공식적으로 기록된 것의 두 배라고 가정해보자.	Let us suppose that the number of incidents is twice that of those officially recorded.	
JLPT-한끝-N2-0228	叶う	かなう	이루어지다	もしも叶うなら、私は失った時間の埋め合わせをしたい。	만약 이루어진다면 나는 잃어버린 시간을 채우고 싶어.	If I could have a wish, I'd wish I could make up for lost time.	
JLPT-한끝-N2-0229	必ず	かならず	반드시	私の意見では、アルコールは必ずしも健康に悪いわけではない。	내 생각에 알코올은 반드시 건강에 나쁜 것은 아니다.	In my opinion, alcohol is not necessarily bad for your health.	
JLPT-한끝-N2-0230	可能性	かのうせい	가능성	地球の生態系はある程度自己修正されるもので、その結果が他の変化によって隠されているという可能性もある。	지구의 생태계는 어느 정도 자기 수정되는 것이고, 그 결과가 다른 변화에 의해 가려져 있을 수도 있다.	The earth's ecosystem is to some extent self-correcting, so it is also possible that the effects are being masked by other changes.	
JLPT-한끝-N2-0231	かばう	かばう	감싸다	彼女は自分の立場を犠牲にしてまで彼をかばったため、職を失う羽目になった。	그녀는 자신의 처지를 희생하면서까지 그를 감싸는 바람에 일자리를 잃을 지경에 이르렀다.	She went out on a limb defending him, and now she lost her job.	
JLPT-한끝-N2-0232	壁	かべ	벽	言葉の壁にもかかわらず、私たちはすぐに友達になった。	언어의 장벽에도 불구하고 우리는 곧 친구가 되었다.	In spite of the language difficulty, we soon become friends.	
JLPT-한끝-N2-0233	かまわない	かまわない	상관없다	私たちは若者を必要としている。正直でありさえすれば、どんな若者でもかまわない。	우리는 젊은이들을 필요로 한다 정직하기만 하면 어떤 젊은이든 상관없다.	We want a young man. As long as he is honest, any boy will do.	
JLPT-한끝-N2-0234	貨物	かもつ	화물	学校へ行ったことのない人は貨物自動車からものを盗みかねないが、大学教育を受けた人なら鉄道全部を盗みかねない。	학교에 가본 적이 없는 사람은 화물자동차에서 물건을 훔칠 수 있지만, 대학 교육을 받은 사람이라면 철도 전부를 훔칠 수 있다.	A man who has never gone to school may steal from a freight car; but if he has a university education, he may steal the whole railroad.	
JLPT-한끝-N2-0235	空	から	비어 있음	時がたつにつれて空は次第に暗くなった。	시간이 지나면서 하늘은 점차 어두워졌다.	As time went on, the sky grew darker and darker.	
JLPT-한끝-N2-0236	辛い	からい	맵다	意識不明の人は痛みを感じませんが、その家族や友人にとっては、長く、つらい経験になりうるでしょう。	의식이 없는 사람은 고통을 느끼지 않지만, 그 가족과 친구들에게는 길고 힘든 경험이 될 수 있을 것입니다.	The unconscious person feels no pain, but for the family and friends it can be a long and painful experience.	
JLPT-한끝-N2-0237	仮採用	かりさいよう	임시 채용	仮採用の期間中であっても、勤務規則を守らなければならない。	임시 채용 기간이라도 근무 규칙을 지켜야 한다.		
JLPT-한끝-N2-0238	カロリー	カロリー	칼로리	このやり方は、カロリーを得がたい環境ではエネルギー効率がよい。	이런 방식은 칼로리를 얻기 힘든 환경에서는 에너지 효율이 좋다.	This behavior is energy-efficient in an environment where calories can be hard to come by.	
JLPT-한끝-N2-0239	革靴	かわぐつ	가죽구두	雨の日に革靴を履くと傷みやすいため、帰宅後すぐ手入れしたほうがよい。	비 오는 날 가죽신을 신으면 상하기 쉬우므로 귀가 후 바로 손질하는 것이 좋다.		
JLPT-한끝-N2-0240	感覚	かんかく	감각	私たちの方向感覚はいつも当てになるとは限らないようだ。	우리의 방향 감각은 언제나 맞다고만 할 수는 없는 것 같다.	It seems that our sense of direction is not always reliable.	
JLPT-한끝-N2-0241	環境	かんきょう	환경	何かについて文句を言うことが、新しい環境に慣れる１つの方法である。	무언가에 대해 불평하는 것이 새로운 환경에 적응하는 한 방법이다.	Complaining about something is one way to adapt yourself to a new environment.	
JLPT-한끝-N2-0242	関係	かんけい	관계	本屋で英語関係の本を見つけると、次々に買ってしまって、読まずにいるので、たまる一方です。	서점에서 영어 관련 책을 찾으면 줄줄이 사서 읽지 않고 있기 때문에 참을 수밖에 없습니다.	I always buy the English-language books I come across at bookstores. But since I never read them, all they do is pile up.	
JLPT-한끝-N2-0243	簡潔	かんけつ	간결함	国民党は、簡潔に言うと、政治が崩壊する前に政府を離脱する必要があった。	국민당은 간결하게 말해서 정치가 붕괴되기 전에 정부를 이탈할 필요가 있었다.	The People's party, to put it briefly, needed to leave the government before the government fell.	
JLPT-한끝-N2-0244	観察	かんさつ	관찰	分子Ｄの運動の観察に基づき、可能な出口が３つ存在するようシステムに変更を加える。	분자 D의 운동 관찰을 기반으로 가능한 출구가 3개 존재하도록 시스템에 변화를 가한다.	Based on my observation of the movement of particle D, I modify the system so that there exist three possible exits.	
JLPT-한끝-N2-0245	感謝	かんしゃ	감사	彼女は彼の有益な助言に対して、感謝の言葉を述べた。	그녀는 그의 유익한 조언에 대해 감사의 말을 전했다.	She thanked him for his helpful advice.	
JLPT-한끝-N2-0246	頑丈	がんじょう	튼튼함	この鞄は君が持っているのと同じほど頑丈そうに見える。	이 가방은 네가 가지고 있는 것만큼 단단해 보여.	This bag looks as tough as the one you have.	
JLPT-한끝-N2-0247	関心	かんしん	관심	それはあなたが、関心があるかどうかによって決まるのです。	그것은 당신이 관심 있는지에 따라 결정되는 것입니다.	That depends on whether you are interested or not.	
JLPT-한끝-N2-0248	感心	かんしん	감탄, 감복	彼が勇敢であることには感心せずにはおれなかった。	그가 용감한 것에는 감탄하지 않을 수 없었다.	I could not but admire his courage.	
JLPT-한끝-N2-0249	乾燥	かんそう	건조	樹木から水の供給がなければ、降雨量はやがて減少し、その地域は乾燥し続ける。	수목에서 물의 공급이 없으면 강우량이 머지않아 감소하고, 그 지역은 계속 건조해진다.	With no supply of water from trees, rainfalls diminish in time and the area keeps drying up.	
JLPT-한끝-N2-0250	観測	かんそく	관측	ジャンスキーが観測したのは銀河系の中心核からの波長14.6mの電波であった。	정스키가 관측한 것은 은하계의 중심핵에서 파장 14.6m의 전파였다.	What Jansky had observed was the 14.6m wavelength radio wave from the Milky Way's core.	
JLPT-한끝-N2-0251	缶詰	かんづめ	통조림	今日は市場に肉がなかったから、缶詰で我慢しなければならない。	오늘은 시장에 고기가 없었기 때문에 통조림으로 참아야 한다.	There was no fresh meat in the market today, so you'll have to content yourselves with something out of a tin.	
JLPT-한끝-N2-0252	願望	がんぼう	바람, 소원	医者になりたいという願望は病弱な弟の世話をしたことから芽生えた。	의사가 되고 싶다는 열망은 병약한 동생을 돌보면서 싹텄다.	My desire to become a doctor grew out of looking after my sickly brother.	
JLPT-한끝-N2-0253	勧誘	かんゆう	권유	顧客に対する勧誘の電話が、テレマーケティング部の主要業務である。	고객에 대한 권유 전화가 텔레마케팅부의 주요 업무이다.	Cold calls are the primary function of the telemarketing department.	
JLPT-한끝-N2-0254	管理	かんり	관리	次の記述分析は１５００以上の厳密に管理されたアンケート調査によって得られたものである。	다음의 기술 분석은 1500개 이상의 엄밀하게 관리된 설문조사를 통해 얻어진 것이다.	The following descriptive analysis was derived from over 1500 closely-monitored questionnaires.	
JLPT-한끝-N2-0255	管理下	かんりか	관리하	個人情報を会社の管理下に置く以上、厳重な安全対策が求められる。	개인정보를 회사 관리하에 두는 이상 엄중한 안전대책이 요구된다.		
JLPT-한끝-N2-0256	完了	かんりょう	완료	企業の顧問弁護士団は合併手続きを完了するために、２４時間通しで働いています。	기업의 고문 변호사단은 합병 절차를 완료하기 위해 24시간 내내 일하고 있습니다.	Company attorneys are working around the clock to complete the merger.	
JLPT-한끝-N2-0257	記憶	きおく	기억	私の記憶している限りでは、彼の態度はとても悪かった。	내가 기억하고 있는 한, 그의 태도는 매우 나빴다.	His behavior, as I remember, was very bad.	
JLPT-한끝-N2-0258	機会	きかい	기회	機会によって人を生かしておくために、家族がすべてのお金をつぎ込むべきではありません。	기회에 따라 사람을 살려두기 위해 가족이 모든 돈을 쏟아 부어야 하는 것은 아닙니다.	A family should not spend all of its money to keep someone alive on a machine.	
JLPT-한끝-N2-0259	企画	きかく	기획	その新しい企画について３時間話し合って、私たちはアンドリューの計画が一番だという結論に達した。	그 새로운 기획에 대해 3시간 동안 논의했고, 우리는 앤드루의 계획이 최고라는 결론에 도달했다.	Having discussed the new project for three hours, we conclude that Andrew's plan was the best.	
JLPT-한끝-N2-0260	気軽に	きがるに	가벼운 마음으로	どんな質問でも私に気軽に尋ねてください。	어떤 질문이든 저에게 부담 없이 물어보세요.	Please feel free to ask me any question.	
JLPT-한끝-N2-0261	効く	きく	효과가 있다	全ての商品及びレストランで割引が効くわけではありません。	모든 상품 및 레스토랑에서 할인이 되는 것은 아닙니다.	It is not the case that the discount can be used for all goods or all restaurants.	
JLPT-한끝-N2-0262	危険	きけん	위험	自然は、環境面での危険に対しては他の形の防御を与えている。	자연은 환경적 측면에서의 위험에 대해서는 다른 형태의 방어를 주고 있다.	Nature provides other forms of protection against environmental dangers.	
JLPT-한끝-N2-0263	機嫌	きげん	기분, 심기	彼女は機嫌が悪かった。私が到着する前に起こったことでいらいらしていたに違いない。	그녀는 기분이 나빴어. 내가 도착하기 전에 일어난 일 때문에 짜증이 났던 게 틀림없어.	She was in a bad mood; she must have been put out by something that had happened before I arrived.	
JLPT-한끝-N2-0264	期限切れ	きげんぎれ	기한이 다 됨	相互安全保障条約が期限切れになったら、両国の親密な関係はどうなるだろう？	상호 안보조약이 만료되면 양국의 친밀한 관계는 어떻게 될까?	What will become of our close relations if the bilateral security treaty expires?	
JLPT-한끝-N2-0265	危険性	きけんせい	위험성	不発弾の危険性もあることから警察に通報し、現場にテープを張って立ち入りを防いでいる。	불발탄 위험성도 있어 경찰에 신고하고 현장에 테이프를 붙여 출입을 막고 있다.	There's also the danger of unexploded bombs, so they reported it to the police and the area was taped off to keep people out.	
JLPT-한끝-N2-0266	気候	きこう	기후	世界の気候への悪影響について、私たちはもっと考えてよい頃である。	세계 기후에 미치는 악영향에 대해 우리는 더 생각할 때다.	It is high time we thought more about the damage to the world's climate.	
JLPT-한끝-N2-0267	岸	きし	물가, 벼랑	この道を行けば、琵琶湖の岸に降りられるでしょう。	이 길을 가면 비와호 기슭에 내려올 수 있을 거예요.	This road will take you down to the edge of Lake Biwa.	
JLPT-한끝-N2-0268	記事	きじ	기사	この記事はその問題についての調査のやり方に批判的である。	이 기사는 그 문제에 대한 조사 방법에 비판적이다.	This article is critical of the way investigations are being made into the matter.	
JLPT-한끝-N2-0269	技術	ぎじゅつ	기술	これらの国はまた、進んだ科学技術を日本から得ることによって、国民に技術教育を施すことも計画している。	이들 국가는 또한 앞선 과학기술을 일본에서 얻음으로써 국민들에게 기술 교육을 실시하는 것도 계획하고 있다.	By obtaining advanced technology from Japan, those countries also plan to provide people with a technical education.	
JLPT-한끝-N2-0270	規制	きせい	규제	あなたはこの規制をすべての場合に適用するわけにはいかない。	당신은 이 규제를 모든 경우에 적용할 수는 없다.	You can't apply this rule to every case.	
JLPT-한끝-N2-0271	帰省	きせい	귀성	彼のお父さんは、彼の帰省後なくなった。	그의 아버지는 그의 귀성 후 없어졌다.	His father died after his return home.	
JLPT-한끝-N2-0272	競う	きそう	겨루다	関わり合いになったら、ドスどころかチャカが出てきそうだ。	얽히고설키면 도수는커녕 차카가 나올 것 같다.	Get messed up with them and never mind shivs they're probably packing heat.	
JLPT-한끝-N2-0273	貴重	きちょう	귀중함	書物は非常に貴重だったので、最も大切に取り扱われた。	서책은 매우 귀중했기 때문에 가장 소중하게 다루어졌다.	So valuable were books that the greatest care was taken of them.	
JLPT-한끝-N2-0274	きっかけ	きっかけ	계기	松川先生との出会いをきっかけに、私の人生は変わった。	마쓰카와 선생과의 만남을 계기로 내 인생은 바뀌었다.	My life changed, sparked by the time I met Mr Matsukawa.	
JLPT-한끝-N2-0275	喫茶店	きっさてん	찻집, 카페	この喫茶店は、独特のレトロさが若者にうけている。	이 찻집은 독특한 레트로함이 젊은이들에게 어필하고 있다.	The retro feel of this cafe is a hit with young people.	
JLPT-한끝-N2-0276	ぎっしり	ぎっしり	빼곡히, 가득히	エレベーターにぎっしりいっぱいに乗った。	엘리베이터를 꽉 채웠다.	We jammed into the elevator.	
JLPT-한끝-N2-0277	きっぱり	きっぱり	단호히	私が驚いたことには、彼女はきっぱりと否定の返事をした。	내가 놀랐던 일에는 그녀는 단호하게 부정 대답을 했다.	To my surprise, her reply was flatly negative.	
JLPT-한끝-N2-0278	きつい	きつい	꽉 끼다, 고되다	（自転車に乗って）フーッ、この坂道はきついよ。でも帰りは楽だよね。	(자전거 타고) 후, 이 언덕길은 힘들어. 그래도 돌아가는 건 편하지.	(On a bicycle) Whew! This is a tough hill. But coming back sure will be a breeze.	
JLPT-한끝-N2-0279	気に入る	きにいる	마음에 들다	足を棒にして探しても、気に入るものがありませんでした。	다리를 봉으로 찍어도 마음에 드는 게 없었어요.	Even walking till my legs turned to lead I couldn't find one that I liked.	
JLPT-한끝-N2-0280	記入	きにゅう	기입	内容が件名で判断出来ますので、記入をお願い致します。	내용이 제목으로 판단되니 작성 부탁드립니다.	I use the subject line to determine the contents so please fill it in.	
JLPT-한끝-N2-0281	機能	きのう	기능	システムのこの予測されなかった機能不全は不適切な配線系統によって引き起こされた。	시스템의 이 예측하지 못한 기능 부전은 부적절한 배선 계통으로 인해 발생했다.	This unexpected malfunctioning of the system was caused by improper wiring.	
JLPT-한끝-N2-0282	寄付	きふ	기부	君は安心していい。この寄付をすることについて、私にはなんら下心はない。	너는 안심해도 돼, 이 기부를 하는 것에 대해 나는 아무런 속셈이 없어.	You may rest assured; I have no ulterior motive in making this donation.	
JLPT-한끝-N2-0283	規模	きぼ	규모	企業は規模を縮小し、研究開発にふりむける利益分も減らしています。	기업은 규모를 축소하고 연구개발에 쓸 수 있는 이익분도 줄이고 있습니다.	Corporation are downsizing and reducing the level of profits put back into R&D.	
JLPT-한끝-N2-0284	決まる	きまる	정해지다	意志疎通のはかり方は、文化によって決まるからである。	의사소통을 하는 방법은 문화에 따라 결정되기 때문이다.	Knowing their languages is not enough to communicate effectively, because the methods of communication are determined by their cultures.	
JLPT-한끝-N2-0285	奇妙	きみょう	기묘함	この奇妙な植物についてはほとんど知られていない。	이 기묘한 식물에 대해서는 거의 알려져 있지 않다.	Little is known of this curious plant.	
JLPT-한끝-N2-0286	疑問	ぎもん	의문	最初のパラグラフでは、いわゆるサプライサイドの経済戦略というものの妥当性について疑問を呈する。	첫 번째 패러그래프에서는 소위 공급 측면의 경제전략이라는 것의 타당성에 대해 의문을 제기한다.	In the opening paragraphs I query the validity of so-called supply-side economic strategies.	
JLPT-한끝-N2-0287	客	きゃく	손님	しかし贈り物をひけらかすことは、何も持ってこなかった客を当惑させることになりかねない。	그러나 선물을 꾸미는 것은 아무것도 가지고 오지 않은 손님을 당황하게 할 수 있다.	But showing off the presents could embarrass the guests who did not bring one.	
JLPT-한끝-N2-0288	キャンパス	キャンパス	캠퍼스	彼女は私を連れてキャンパスを案内してくれた。	그녀는 나를 데리고 캠퍼스를 안내해 주었다.	She showed me around the campus.	
JLPT-한끝-N2-0289	求人	きゅうじん	구인	求人にふさわしい職務遂行能力があるか？	구인에 어울리는 직무 수행 능력이 있다?	Does the applicant have suitable abilities to carry out the job?	
JLPT-한끝-N2-0290	旧制度	きゅうせいど	구제도	旧制度では支援を受けられなかった人も、新制度の対象となる可能性がある。	구 제도에선 지원을 받지 못한 사람도 새 제도의 대상이 될 수 있다.		
JLPT-한끝-N2-0291	休息	きゅうそく	휴식	仕事と遊びは両方とも健康に必要である。後者は我々に休息を与え、前者は活動力を与えてくれる。	일과 놀이는 둘 다 건강에 필요하다 후자는 우리에게 휴식을 주고, 전자는 활동력을 준다.	Work and play are both necessary to health; this gives us rest, and that gives us energy.	
JLPT-한끝-N2-0292	牛乳	ぎゅうにゅう	우유	ボクシング・デイは、郵便屋さんや牛乳屋さんなどに贈り物をする日ですが、クリスマス後の最初の週日です。	복싱 데이는 우체부와 우유 가게 등에 선물을 주는 날이지만 크리스마스 후 첫 주일입니다.	Boxing Day, when presents are given to the postman, the milkman, etc., is the first week-day after Christmas.	
JLPT-한끝-N2-0293	共感	きょうかん	공감	自分が生きている世界との共感がなければ、作家であることは無益である。	자신이 살고 있는 세상과의 공감이 없다면 작가인 것은 무익하다.	It is no use being a writer if one is not in sympathy with world in which one is living.	
JLPT-한끝-N2-0294	器用	きよう	손재주가 있음	いろいろできるし、みんなから重宝されるのはいいけれど、気がついたら器用貧乏といわれないようにな。	여러 가지 할 수 있고 다들 든든하게 쓰는 것은 좋지만 정신을 차리면 금수저라고 하지 말자.	People know how handy you are to have around. You're a real jack-of-all-trades but make sure you don't turn out to be master of none.	
JLPT-한끝-N2-0295	教育	きょういく	교육	これらの国はまた、進んだ科学技術を日本から得ることによって、国民に技術教育を施すことも計画している。	이들 국가는 또한 앞선 과학기술을 일본에서 얻음으로써 국민들에게 기술 교육을 실시하는 것도 계획하고 있다.	By obtaining advanced technology from Japan, those countries also plan to provide people with a technical education.	
JLPT-한끝-N2-0296	教師	きょうし	교사	彼は立派な学者であり、さらによいことにはよい教師である。	그는 훌륭한 학자이며, 더 좋은 것은 좋은 교사다.	He is a good scholar, and what is better, a good teacher.	
JLPT-한끝-N2-0297	行事	ぎょうじ	행사	それにしても、幼稚園というところは、季節の行事にとても敏感です。	그렇다 하더라도 유치원이라는 곳은 계절 행사에 매우 민감합니다.	Even so, kindergartens are sensitive to seasonal events.	
JLPT-한끝-N2-0298	競争	きょうそう	경쟁	数年前、ある仕事を得るために面接を受けているときに、私はその職を求める競争者に紹介された。	몇 년 전 어떤 일자리를 얻기 위해 면접을 보고 있을 때 나는 그 직업을 원하는 경쟁자에게 소개받았다.	Several years ago, in the course of being Interviewed for a job, I was introduced to a competitor for the position.	
JLPT-한끝-N2-0299	共通	きょうつう	공통	私たちは趣味・教育的背景など、いろいろと共通したものを持っている。	우리는 취미, 교육적 배경 등 여러 가지 공통된 것을 가지고 있다.	We have many things in common-hobbies, educational background, and so on.	
JLPT-한끝-N2-0300	共同	きょうどう	공동	共同事業の始め方について彼らは互いに話し合いがついた。	공동사업의 시작 방법에 대해 그들은 서로 대화가 이루어졌다.	They came to terms with each other on how to start a joint venture.	
JLPT-한끝-N2-0301	恐怖	きょうふ	공포	人間社会のことがらにおいて、恐怖ではなく希望が創造の原理となる。	인간 사회의 짓거리에 있어서 두려움이 아니라 희망이 창조의 원리가 된다.	Hope, not fear, is the creative principle in human affairs.	
JLPT-한끝-N2-0302	協力	きょうりょく	협력	この件についてご協力いただけたら、ありがたいと思います。	이 건에 대해 협조해 주시면 감사하겠습니다.	Your help would be appreciated on this matter.	
JLPT-한끝-N2-0303	許可	きょか	허가	いまや大統領がなくなったので、新しい政策は政府の許可をまたなければならない。	이제 대통령이 없어졌기 때문에 새로운 정책은 정부의 허가를 받아야 한다.	With the President dead now, the new policies will have to await government approval.	
JLPT-한끝-N2-0304	漁業	ぎょぎょう	어업	その島には漁業を営む人たちが住んでいた。	그 섬에는 어업을 하는 사람들이 살고 있었다.	The island was inhabited by a fishing people.	
JLPT-한끝-N2-0305	極端	きょくたん	극단	彼は何事も程々という事を知らず、いつも極端に走ってしまう。	그는 아무 일도 없다는 것을 모르고 늘 극단적으로 달려든다.	He is the kind of man who cannot do anything in moderation, but always goes to extremes.	
JLPT-한끝-N2-0306	巨大	きょだい	거대함	ベイスギを材料に巨大でグロテスクな、しかし美しい円柱を作った。	베스케를 재료로 거대하고 그로테스크한, 그러나 아름다운 원기둥을 만들었다.	They made huge, grotesque, yet beautiful poles of red cedar.	
JLPT-한끝-N2-0307	拒否	きょひ	거부	彼は私を助ける事を拒否しただけでなく、私をしかった。	그는 나를 돕는 것을 거부했을 뿐만 아니라 나를 꾸짖었다.	Not only did he refuse to help me but also he scolded me.	
JLPT-한끝-N2-0308	距離	きょり	거리	こんなに長い距離を歩いたなんて彼は健脚家に違いない。	이렇게 긴 거리를 걸었다니 그는 건각가임에 틀림없다.	He must be a good walker to have walked such a long distance.	
JLPT-한끝-N2-0309	ぎりぎり	ぎりぎり	아슬아슬함	クーデター計画はぎりぎりのところで阻止されました。	쿠데타 계획은 아슬아슬한 곳에서 저지되었습니다.	The coup attempt was foiled at the last moment.	
JLPT-한끝-N2-0310	記録	きろく	기록	新しい調査では、６５歳以上の病院患者の診察記録には誤りが多く、重大な診察ミスにつながりかねない、ということです。	새로운 조사에서는 65세 이상 병원 환자의 진찰기록에는 오류가 많아 중대한 진찰 실수로 이어질 수 있다는 것입니다.	A new study suggests that hospital records for patients older than 65 are often incorrect, which may lead to serious treatment errors.	
JLPT-한끝-N2-0311	議論	ぎろん	논의, 논쟁	このことから、大規模な人口移動は経済変化の結果ではないという議論を導くことができる。	이런 점에서 대규모 인구 이동은 경제 변화의 결과가 아니라는 논의를 이끌 수 있다.	From this we can derive the argument that major population shifts are not the result of economic change.	
JLPT-한끝-N2-0312	〜際	〜ぎわ	~할 때	彼らが最終契約について協議している際、ある裏工作が進んでいた。賄賂が渡されたのだ。	이들이 최종 계약에 대해 협의하던 중 어떤 뒷공작이 진행되고 있었다. 뇌물이 전달된 것이다.	There was some monkey business going on when they were negotiating that last contract; money passed under the table.	
JLPT-한끝-N2-0313	気をつける	きをつける	조심하다	もし私があなたなら、もっと体に気をつけるだろう。	만약 내가 당신이라면 더 몸을 조심할 것이다.	I would be more careful of myself if I were you.	
JLPT-한끝-N2-0314	金額	きんがく	금액	金額にもかかわらず、ブライアンは来週までに間違いなく全額返してもらいたがっています。	금액에도 불구하고 브라이언은 다음 주까지 틀림없이 전액 돌려받고 싶어 합니다.	Regardless of the amount, Brian wants the correct, entire amount by next week.	
JLPT-한끝-N2-0315	禁止	きんし	금지	国際貿易禁止令がその国の経済にとって最後の頼みでしょう。	국제 무역 금지령이 그 나라 경제에 마지막 부탁이겠죠.	An international trade ban could be the last straw for that country's economy.	
JLPT-한끝-N2-0316	区域	くいき	구역	新しい貿易区域の計画はまだ実施の段階にありません。	새로운 무역 구역 계획은 아직 실행 단계에 있지 않습니다.	Plans for a new trade zone are still on the drawing board.	
JLPT-한끝-N2-0317	空港	くうこう	공항	渋滞にもかかわらず、私はどうにか空港に遅れずに到着することができた。	교통 체증에도 불구하고 나는 간신히 공항에 늦지 않게 도착할 수 있었다.	In spite of the heavy traffic, I managed to get to the airport in time.	
JLPT-한끝-N2-0318	偶然	ぐうぜん	우연히	大発明に関しては、偶然はほんの小さな役割しかしなかった。	그러나 대발명에 관해서는 우연은 아주 작은 역할만 했다.	With regard to big inventions, chance has played a very small part.	
JLPT-한끝-N2-0319	靴	くつ	신발, 구두	靴をブラシで磨く必要がある。泥で汚れているから。	신발을 브러시로 닦을 필요가 있어 진흙으로 더럽기 때문이야.	Your shoes need brushing. They are muddy.	
JLPT-한끝-N2-0320	苦情	くじょう	불평, 불만	会社は、お客様からの苦情が一番多い停電の問題に取り組みました。	회사는 고객의 불만이 가장 많은 정전 문제에 대처했습니다.	The company went after its No. 1 customer gripe: power outages.	
JLPT-한끝-N2-0321	くたくた	くたくた	녹초가 됨	くたくたに疲れていたので、彼女はすぐにぐっすり眠ってしまった。	녹초가 되어 있었기 때문에 그녀는 금세 푹 잠들어 버렸다.	Being exhausted, she was soon fast asleep.	
JLPT-한끝-N2-0322	くたびれる	くたびれる	지치다	ジャックは５０マイル歩いてくたびれた。	잭은 50마일 걸어가다 지쳤다.	Jack was tired from having walked fifty miles.	
JLPT-한끝-N2-0323	ぐちを言う	ぐちをいう	푸념하다	状況を改善したいなら、ぐちを言うだけでなく具体策を考えるべきだ。	상황을 개선하고 싶다면 푸념만 하지 말고 구체적인 대책을 생각해야 한다.		
JLPT-한끝-N2-0324	ぐったり	ぐったり	기운이 빠짐, 축 처짐	私たちは５時間の旅でぐったりしてしまった。	우리는 5시간의 여행에서 축 늘어져 버렸다.	We felt dead from the five-hour trip.	
JLPT-한끝-N2-0325	くどい	くどい	장황하다, 지겹다	同じことを何回繰り返すの。屋上屋を架すようなくどい説明は勘弁してよ。	같은 걸 몇 번 반복하니까 옥탑방 붙이듯 뻔한 설명은 그만해.	You're wasting your time with all this needless repetition so spare us the long-winded explanation.	
JLPT-한끝-N2-0326	くも	くも	구름	厚い雲に覆われているものの、午後には晴れる見込みだ。	두터운 구름에 덮여 있으나 오후에는 맑을 전망이다.		
JLPT-한끝-N2-0327	悔しい	くやしい	분하다	監督はチームをトーナメント優勝に今一歩という所までもっていったのに悔しいことだった。	감독은 팀을 토너먼트 우승에 한 걸음이라는 데까지 가져갔는데도 억울한 일이었다.	It was frustrating, as the manager took his team to a near-miss in the tournament.	
JLPT-한끝-N2-0328	悔やむ	くやむ	후회하다	実のところ、即決を悔やんでないといったら嘘だった。	사실, 즉결을 뉘우치지 않는다고 하면 거짓말이었다.	Truthfully, if I'd said I didn't have any regrets over my snap decision I'd have been lying.	
JLPT-한끝-N2-0329	暮らす	くらす	살다, 생활하다	インコやオウムと仲良く楽しく健やかに暮らすために、飼鳥の行動学やペットロスについて考える。	잉꼬와 앵무새와 사이좋게 즐겁고 건강하게 살기 위해 애완조류의 행동학과 애완로스에 대해 생각한다.	In order to live happily and healthily with parakeets or parrots (you should) think about the behavioral science of domesticated birds and of pet loss.	
JLPT-한끝-N2-0330	包む	くるむ	감싸다	そのため、いつも清新な雰囲気に包まれますが、今回もその通りの充実した一日となりました。	그래서 항상 청신호에 휩싸이지만 이번에도 그런대로 알찬 하루가 되었습니다.	For that reason it's always held in a fresh atmosphere, and this time too it was a fulfilling day.	
JLPT-한끝-N2-0331	くれぐれも	くれぐれも	아무쪼록	くれぐれも浄水器の悪質訪問販売業者や無料点検商法にはご注意ください。	아무쪼록 정수기 악성 방문판매업자나 무료점검 상술은 주의해 주시기 바랍니다.	Please exercise every caution against cowboy salesmen of water purifiers and fraudulent-test sales.	
JLPT-한끝-N2-0332	暮れる	くれる	해가 지다	彼女は何をすべきかということについて途方に暮れた。	그녀는 무엇을 해야 하느냐는 것에 대해 막막했다.	She was at a loss as to what to do.	
JLPT-한끝-N2-0333	苦労	くろう	고생	お湯の中で一日の汗や汚れ、苦労を洗い落とすだけでなく、日々の生活のことについておしゃべりをするのを楽しんだのである。	뜨거운 물 속에서 하루의 땀과 얼룩, 수고를 씻어낼 뿐만 아니라 일상 생활에 대해 수다를 떠는 것을 즐겼던 것이다.	They not only washed off the sweat, dirt and cares of the day in the hot water, but also enjoyed gossiping about everyday affairs.	
JLPT-한끝-N2-0334	詳しい	くわしい	자세하다	彼が音楽について大変詳しいのは我々にとって意外なことでした。	그가 음악에 대해 매우 잘 아는 것은 우리에게 뜻밖의 일이었습니다.	His extensive knowledge of music was a revelation to us.	
JLPT-한끝-N2-0335	訓練	くんれん	훈련	日本人は社会生活に関する限り、よく訓練されていない。	일본인은 사회생활에 관한 한 잘 훈련되어 있지 않다.	The Japanese are not well trained, so far as social life is concerned.	
JLPT-한끝-N2-0336	経営	けいえい	경영	彼は自分の行動について経営陣に対し、責任がある。	그는 자신의 행동에 대해 경영진에게 책임이 있다.	He is accountable to the management for what he does.	
JLPT-한끝-N2-0337	景気	けいき	경기	インフレを抑制しようとして金融政策に偏重すると、金融、したがって景気を必要以上に締め付けることになりかねない。	인플레이션을 억제하려고 금융정책에 편중되면 금융, 따라서 경기를 필요 이상으로 옥죄게 될 수 있다.	Excessive reliance on monetary policy an attempt to curb inflation could unnecessarily constrain credit and hence business.	
JLPT-한끝-N2-0338	契機	けいき	계기	株価上昇をけいきに新工場建設の話が持ち上がった。	주가 상승을 틈타 신공장 건설 얘기가 나왔다.	They took advantage of the stock price rise to raise the idea of building a new factory.	
JLPT-한끝-N2-0339	掲示	けいじ	게시	公園の掲示に「芝生に入るべからず」と書いてあった。	공원 게시판에 '잔디밭에 들어가지 말라'고 적혀 있었다.	"The notice in the park said, ""Keep off the grass."""	
JLPT-한끝-N2-0340	形式	けいしき	형식	君が一つの形式に拘っている限り、素晴らしい考えを思い付くことはできない。	네가 한 가지 형식에 집착하는 한, 멋진 생각을 떠올릴 수는 없어.	As long as you stick to one style, you can't hit upon a wonderful idea.	
JLPT-한끝-N2-0341	軽傷	けいしょう	경상	彼は交通事故で軽傷を負った。	그는 교통사고로 경상을 입었다.	He was slightly injured in a traffic accident.	
JLPT-한끝-N2-0342	継続	けいぞく	계속	教育は若い時代に限られてはならず、われわれの全生涯を通じて継続して行われるものでなければならない。	교육은 젊은 시절에 국한돼서는 안 되며 우리의 전 생애를 통틀어 계속 이뤄져야 한다.	Education must not be limited to our youth but must be a continuing process through our entire lives.	
JLPT-한끝-N2-0343	系統	けいとう	계통	システムのこの予測されなかった機能不全は不適切な配線系統によって引き起こされた。	시스템의 이 예측하지 못한 기능 부전은 부적절한 배선 계통으로 인해 발생했다.	This unexpected malfunctioning of the system was caused by improper wiring.	
JLPT-한끝-N2-0344	芸能	げいのう	예능	天才はなすべきことをなし、芸能者は出来ることをする。	천재는 할 일을 하고, 연예인은 할 수 있는 일을 한다.	Genius does what it must, and talent does what it can.	
JLPT-한끝-N2-0345	警備	けいび	경비	爆破予告以来、空港の警備体制は強化された。	폭파 예고 이후 공항의 경비 체제는 강화되었다.	Security at the airport has been stepped up since the bomb scare.	
JLPT-한끝-N2-0346	景色	けしき	경치	こんなに美しい景色を、今まで見たことがありません。	이렇게 아름다운 경치를 지금까지 본 적이 없어요.	Never have I seen such a beautiful sight.	
JLPT-한끝-N2-0347	下旬	げじゅん	하순	その結果、５月下旬に不安神経症や不眠症と診断された。	그 결과 5월 하순 불안신경증 및 불면증 진단을 받았다.	As a result, he was diagnosed with insomnia and anxiety neurosis near the end of May.	
JLPT-한끝-N2-0348	削る	けずる	깎다, 삭감하다	ドアがきちんと閉まらない時はドアを少し削らなければならない。	문이 제대로 닫히지 않을 때는 문을 조금 깎아야 한다.	If a door doesn't fit you might have to shave off a bit of the wood until it closes properly.	
JLPT-한끝-N2-0349	結果	けっか	결과	結果次第では、両社に対して2月以来の行政指導が行われる。	결과에 따라 양사에 대해 2월 이후 행정지도가 이뤄진다.	Depending on the results both companies may be put under administrative guidance from February.	
JLPT-한끝-N2-0350	欠陥	けっかん	결함	製造業者はその製品の欠陥に対して法的な責任がある。	제조업체는 그 제품의 결함에 대해 법적인 책임이 있다.	Manufacturers are liable for defects in their products.	
JLPT-한끝-N2-0351	結婚観	けっこんかん	결혼관	若者の結婚観は、社会の変化に伴って多様になりつつある。	젊은이들의 결혼관은 사회 변화에 따라 다양해지고 있다.		
JLPT-한끝-N2-0352	欠点	けってん	결점	彼は欠点があるにもかかわらず、誰からも好かれる。	그는 결점이 있음에도 불구하고 누구에게나 호감이 있다.	He likes from anyone though he has a fault.	
JLPT-한끝-N2-0353	結論	けつろん	결론	その新しい企画について３時間話し合って、私たちはアンドリューの計画が一番だという結論に達した。	그 새로운 기획에 대해 3시간 동안 논의했고, 우리는 앤드루의 계획이 최고라는 결론에 도달했다.	Having discussed the new project for three hours, we conclude that Andrew's plan was the best.	
JLPT-한끝-N2-0354	気配	けはい	기색, 낌새	さらに困ったことに、恐ろしい嵐の来る気配があった。	더 난처하게도 무서운 폭풍이 올 기미가 보였다.	To make matters worse, there were signs of a fearful storm.	
JLPT-한끝-N2-0355	煙	けむり	연기	あの煙を見なさい。あそこの建物が燃えているに違いない。	저 연기를 봐라 저기 건물이 불타고 있는 게 틀림없어.	Look at that smoke. That building must be on fire.	
JLPT-한끝-N2-0356	険しい	けわしい	험하다	険しいその道を行く以外に、国境へ辿り着く方法はない。	험한 그 길을 가는 것 외에 국경에 다다를 수 있는 방법은 없다.	The steep path is the sole access to the border.	
JLPT-한끝-N2-0357	原因	げんいん	원인	第一には、ものの見方を正しくしてその原因と結果とをよくわきまえる。	첫째, 사물의 견해를 바르게 하고 그 원인과 결과를 잘 헤아린다.	First, they should have right ideas of things, ideas that are based on careful observation, and understand causes of effects and their significance correctly.	
JLPT-한끝-N2-0358	見解	けんかい	견해	私の見解は、何がなされるべきかということに関して彼のとは異なっていた。	내 견해는 무엇이 이루어져야 하는가 하는 것에 관해 그의 것과는 달랐다.	My view was different from his as to what should be done.	
JLPT-한끝-N2-0359	限界	げんかい	한계	身振り言語はしかしながら、暗い所や、やや離れた所では使えないので重大な限界があった。	몸짓 언어는 그러나 어두운 곳이나 다소 떨어진 곳에서는 사용할 수 없기 때문에 중대한 한계가 있었다.	Gestural language had, however, serious limitations, since it could not be used in the dark or at distance.	
JLPT-한끝-N2-0360	健康	けんこう	건강	私はこの女性労働者達の健康について心配しないわけには行けない。	나는 이 여성 노동자들의 건강에 대해 걱정하지 않을 수 없다.	I cannot but feel anxious about the health of these women workers.	
JLPT-한끝-N2-0361	検査	けんさ	검사	トラックは検査に合格しなかったが、にもかかわらず運転手たちは引き取っていった。	트럭은 검사를 통과하지 못했지만, 그럼에도 불구하고 운전기사들은 수거해 갔다.	The trucks had failed the inspection, but the drivers took them out anyway.	
JLPT-한끝-N2-0362	現実離れ	げんじつばなれ	현실과 동떨어짐	彼の案は現実離れしすぎていて、我々にとって実用的ではない。	그의 안은 너무 현실과 동떨어져 있어 우리에게 실용적이지 않다.	His idea is too abstract to be of practical use to us.	
JLPT-한끝-N2-0363	現社長	げんしゃちょう	현 사장	現社長は就任以来、働き方の見直しを進めてきた。	현 사장은 취임 이후 일하는 방식을 개편해 왔다.		
JLPT-한끝-N2-0364	現象	げんしょう	현상	この現象に関してはまだ物理的な説明がなされていない。	이 현상에 관해서는 아직 물리적인 설명이 이루어지지 않았다.	There is not a physical explanation for this phenomenon yet.	
JLPT-한끝-N2-0365	研修	けんしゅう	연수	研修によって、従業員の非常事態への対応を迅速化できる。	연수를 통해 직원의 비상사태 대응을 신속화할 수 있다.	Training conditions workers to react quickly to an emergency.	
JLPT-한끝-N2-0366	厳重	げんじゅう	엄중함	トップエンジニアが、その車に一連の厳重な検査を加えた。	톱 엔지니어가 그 차에 일련의 엄중한 검사를 가했다.	The top engineer put the car through a series of rigorous tests.	
JLPT-한끝-N2-0367	建設	けんせつ	건설	地上２２階、地下２階のオフィスビルが建設中です。	지상 22층, 지하 2층의 오피스 빌딩이 건설 중입니다.	An office building, with 22 stories above ground and 2 below, is under construction.	
JLPT-한끝-N2-0368	現段階	げんだんかい	현 단계	現段階ではその問題についてコメントできません。	현 단계에서는 그 문제에 대해 코멘트할 수 없습니다.	At this point I'm unable to comment on that problem.	
JLPT-한끝-N2-0369	県庁	けんちょう	현청	申請書は県庁に直接提出するか、郵送することになっている。	신청서는 현청에 직접 제출하거나 우송하게 되어 있다.		
JLPT-한끝-N2-0370	限定	げんてい	한정	宇宙の利用は、日本の参加に関する限りでは、非軍事的目的に限定されるべきである。	우주의 이용은 일본의 참여에 관한 한 비군사적 목적에 국한되어야 한다.	The use of space must be limited to non-military purposes as far as Japan's involvement is concerned.	
JLPT-한끝-N2-0371	見当	けんとう	예측, 짐작	感情によって理性が曇らされてるままにおくのは、我々は、常に見当違いのことをしているのだろう。	감정에 의해 이성이 흐려져 있는 채로 두는 것은 우리는 항상 방황하는 일을 하고 있을 것이다.	If we let our reasoning power be overshadowed by our emotions, we would be barking up the wrong tree all the time.	
JLPT-한끝-N2-0372	濃い	こい	진하다	そのピアノは美しい、濃い褐色の木で作られていました。	그 피아노는 아름답고, 짙은 갈색 나무로 만들어져 있었습니다.	The piano was made of beautiful, dark brown wood.	
JLPT-한끝-N2-0373	強引	ごういん	억지로 함	歯を食い縛る、喉元までせりあがった感情を強引に飲み込む。	이를 악무는 목구멍까지 차오른 감정을 억지로 삼킨다.	He gritted his teeth; forced back his growing fear.	
JLPT-한끝-N2-0374	講演	こうえん	강연	講演者はアメリカ文学一般について、そしてとりわけ、フォークナーについて話をした。	강연자는 미국 문학 일반에 대해, 그리고 특히 포크너에 대해 이야기를 했다.	The lecturer spoke generally about American literature and specifically about Faulkner.	
JLPT-한끝-N2-0375	硬貨	こうか	금속화폐, 동전	ほとんど全ての社会が今日では、何らかの硬貨と紙幣に基づいた貨幣経済を持っている。	거의 모든 사회가 오늘날에는 어떤 동전과 지폐에 기반을 둔 화폐경제를 가지고 있다.	Almost all societies now have a money economy based on coins and paper bills of one kind or another.	
JLPT-한끝-N2-0376	郊外	こうがい	교외	郊外では通りは曲がりくねっていたり、狭い事が多い。	교외에서는 거리는 구불구불하거나 좁을 때가 많다.	Streets are often twisted and narrow in the suburbs.	
JLPT-한끝-N2-0377	公害	こうがい	공해	騒音公害は、人々が環境にもっと敏感でありさえすれば避けることができるのに。	소음 공해는 사람들이 환경에 더 민감하기만 하면 피할 수 있는데 말이다.	Noise pollution could be avoided if only people were more sensitive to the environment.	
JLPT-한끝-N2-0378	講義	こうぎ	강의	その講義はとても長かったが、それにもかかわらず私はその講義を楽しんだ。	그 강의는 매우 길었지만 그럼에도 불구하고 나는 그 강의를 즐겼다.	The lecture was very long, but I enjoyed it none the less.	
JLPT-한끝-N2-0379	貢献	こうけん	공헌	日本はそうすることによって、文化及び教育の面で貢献することが出来る。	일본은 그렇게 함으로써 문화 및 교육 측면에서 기여할 수 있다.	Japan can thus make a contribution in the fields of culture and education.	
JLPT-한끝-N2-0380	交差点	こうさてん	교차로	道なりに進んで、三つ目の交差点を左に曲がって下さい。	길 따라가셔서 세 번째 사거리에서 왼쪽으로 꺾으시면 됩니다.	Walk along the street and turn left at the third intersection.	
JLPT-한끝-N2-0381	講師	こうし	강사	講師が後ろを向いたとき彼は教室からこっそり抜け出した。	강사가 뒤를 돌 때 그는 교실에서 몰래 빠져나왔다.	When the lecturer turned round, he sneaked out of the classroom.	
JLPT-한끝-N2-0382	高収入	こうしゅうにゅう	고수입	彼女の仕事は高収入である。	그녀의 일은 고소득이다.	Her job brings in a high income.	
JLPT-한끝-N2-0383	高水準	こうすいじゅん	고수준	国債発行が高水準なので、それらの元利支払コストが増加するだろう。	국채 발행이 높은 수준이어서 이들의 원리금 지급 비용이 증가할 것이다.	Given a high level of bond issues, the cost to service them will increase.	
JLPT-한끝-N2-0384	高性能	こうせいのう	고성능	技師かその高性能なシステムの操作方法を実演してくれた。	기사나 그 고성능의 시스템 조작 방법을 시연해 주었다.	The engineer demonstrated how to operate the sophisticated system.	
JLPT-한끝-N2-0385	高層	こうそう	고층	そうした高層ビルが出現する前は、町の全ての建物が相互に特別な関係を持って建っていたのである。	그러한 고층 건물이 출현하기 전에는 마을의 모든 건물들이 서로 특별한 관계를 가지고 서 있었던 것이다.	Before the arrival of this skyscraper, all the buildings in the city stood in special relationship to each other.	
JLPT-한끝-N2-0386	構造	こうぞう	구조	そうした決定は、今度は、丘そのものの地質的構造に影響される。	그러한 결정은 이번에는 언덕 자체의 지질적 구조에 영향을 받는다.	That decision, in turn, was affected by the geological structure of the hill itself.	
JLPT-한끝-N2-0387	交代	こうたい	교대	指導部の交代は、国際政治経済に重要な影響を与える。	지도부 교체는 국제 정치경제에 중요한 영향을 미친다.	Changes of leadership have a great effect on the international political economy.	
JLPT-한끝-N2-0388	好調	こうちょう	호조, 순조	昨年は輸出が好調の反面、輸入が落ち着いていたので貿易収支は改善した。	지난해에는 수출이 호조를 보인 반면 수입이 진정돼 무역수지는 개선됐다.	The nation's trade balance improved last year as exports were strong, while imports remained steady.	
JLPT-한끝-N2-0389	行動	こうどう	행동	彼の行動については君が私に対して責任を負っているのだ。	그의 행동에 대해서는 네가 나에게 책임을 지고 있는 거야.	You are accountable to me for his actions.	
JLPT-한끝-N2-0390	合同	ごうどう	합동	両社は事故の原因を明らかにするため、合同で調査を行うことを決めた。	두 회사는 사고 원인을 밝히기 위해 합동으로 조사를 벌이기로 했다.		
JLPT-한끝-N2-0391	鉱物	こうぶつ	광물	水と森と鉱物は重要な自然の資源です。	물과 숲과 광물은 중요한 자연의 자원입니다.	Water, forests, and minerals are important natural resources.	
JLPT-한끝-N2-0392	声	こえ	목소리	彼の顔は怖そうに見える反面、彼の声は優しくおだやかだった。	그의 얼굴은 무서워 보이는 반면, 그의 목소리는 다정하고 아늑했다.	In contrast to his frightening looks his voice was kind and calm.	
JLPT-한끝-N2-0393	越える	こえる	넘다, 초월하다	地球人の一人として、私は文化の壁を越える方法を知っています。	지구인의 한 사람으로서 저는 문화의 벽을 넘는 방법을 알고 있습니다.	As a citizen of the world, I know ways of overcoming cultural barriers.	
JLPT-한끝-N2-0394	ご遠慮なく	ごえんりょなく	사양 않고	どうぞご自由に（お使いください）。お好きなように。ご遠慮なくどうぞ。	아무쪼록 자유롭게(사용하시면 됩니다) 편하신대로. 사양하지 마시고 하세요.	Be my guest.	
JLPT-한끝-N2-0395	氷	こおり	얼음	氷が張った道路の上で体のバランスをとるのは難しい。	얼음이 언 도로 위에서 몸의 균형을 잡기가 어렵다.	It is hard to keep our balance on icy streets.	
JLPT-한끝-N2-0396	凍る	こおる	얼다	通りが凍っていたので、車を走らせることが出来なかった。	거리가 얼어 있었기 때문에 차를 달리게 할 수 없었다.	Because of the icy streets, we could not drive the car.	
JLPT-한끝-N2-0397	小柄	こがら	몸집이 작음	彼は分厚いめがねをかけた小柄な老人だった。	그는 두꺼운 안경을 쓴 작은 노인이었다.	He was a little old man with thick glasses.	
JLPT-한끝-N2-0398	故郷	こきょう	고향	彼は故郷の町に引退し、そこで静かな生活を送った。	그는 고향 마을로 은퇴하고 그곳에서 조용한 삶을 살았다.	He retired to his hometown, where he lived a quiet life.	
JLPT-한끝-N2-0399	国際	こくさい	국제	日本は資源が乏しい国にもかかわらず、国際貿易のお陰で経済大国に発展した。	일본은 자원이 부족한 나라임에도 국제 무역 덕분에 경제 대국으로 발전했다.	Though it is poor in natural resources, Japan has become an economic superpower thanks to international trade.	
JLPT-한끝-N2-0400	国際色	こくさいしょく	국제색	この地域は外国人住民が多く、国際色豊かな行事が毎年開かれている。	이 지역은 외국인 주민이 많아 국제색이 풍부한 행사가 매년 열리고 있다.		
JLPT-한끝-N2-0401	克服	こくふく	극복	システム全体を抜本的に変えなければ、この欠点を克服することは困難である。	시스템 전체를 근본적으로 바꾸지 않으면 이 단점을 극복하기 어렵다.	It is difficult to overcome this shortcoming without drastically changing the whole system.	
JLPT-한끝-N2-0402	ご苦労様	ごくろうさま	수고하셨습니다	ご苦労様でした。	고생 많으셨습니다.	Thank you for your trouble.	
JLPT-한끝-N2-0403	焦げる	こげる	타다, 눋다	パパは、何か焦げるにおいがして、電話が不通だと言っていたわ。	아빠는 뭔가 타는 냄새가 나서 전화가 불통이라고 하더라고.	He said that he could smell something burning and that the telephones weren't working.	
JLPT-한끝-N2-0404	心強い	こころづよい	마음 든든하다	僕には警察よりも何よりもみんながいてくれることの方が心強いのですよ。	저에게는 경찰보다 무엇보다도 모두가 있어 주는 것이 더 든든한 거예요.	For my part, having you lot with me is more reassuring than the police or anything!	
JLPT-한끝-N2-0405	快い	こころよい	상쾌하다, 유쾌하다	岩の上で髪をとかしながら、彼女は快い歌を歌った。	바위 위에서 머리를 빗으며 그녀는 쾌활한 노래를 불렀다.	She sang a sweet song as she combed her hair on the rock.	
JLPT-한끝-N2-0406	腰	こし	허리	少しめまいがするので、私はしばらく腰を下ろした。	조금 현기증이 나서 나는 잠시 앉았다.	Feeling a little dizzy, I sat down for a while.	
JLPT-한끝-N2-0407	個人的	こじんてき	개인적	しかし相手が個人的なことを言い出さない場合は、それに触れないでおくのがよい。	그러나 상대방이 개인적인 말을 꺼내지 않는다면, 그것을 건드리지 않는 것이 좋다.	If the other party does not offer personal information, however, it is better to leave it alone.	
JLPT-한끝-N2-0408	ごちゃごちゃ	ごちゃごちゃ	어지럽고 뒤섞임	ゴチャゴチャ文句を言いなさんな。	짜증나게 불평하지 마.	Don't make a fuss.	
JLPT-한끝-N2-0409	こつこつ	こつこつ	꾸준히 노력함	目標を達成するには、毎日こつこつ努力を続けるほかない。	목표를 달성하려면 매일 꾸준히 노력할 수밖에 없다.		
JLPT-한끝-N2-0410	骨折	こっせつ	골절	クリスマスを２、３週間後に控えていた頃、トムは右足を骨折し、病院へかつぎ込まれた。	크리스마스를 2, 3주 앞두고 있을 무렵 톰은 오른쪽 다리가 부러지고 병원으로 실려갔다.	Tom broke his right leg and was taken to hospital a few weeks before Christmas.	
JLPT-한끝-N2-0411	小包	こづつみ	소포	私がその小包を航空便で送るのに２、０００円かかった。	내가 그 소포를 항공편으로 보내는 데 2,000엔이 들었다.	I paid 2,000 yen for the parcel to be sent by air.	
JLPT-한끝-N2-0412	異なる	ことなる	다르다	何をすべきかについて、私の意見は彼の意見と異なる。	무엇을 해야 하는지에 대한 내 의견은 그의 의견과 다르다.	My view is difficult from his as to what should be done.	
JLPT-한끝-N2-0413	子供連れ	こどもづれ	아이 동반	この施設は子供連れでも利用しやすいように設計されている。	이 시설은 아이를 동반한 사람도 이용하기 쉽도록 설계되어 있다.		
JLPT-한끝-N2-0414	断る	ことわる	거절하다	彼女はそれについてそれ以上話すのを断った。	그녀는 그것에 대해 더 이상 이야기하기를 거절했다.	She declined to say more about it.	
JLPT-한끝-N2-0415	困る	こまる	곤란하다	もし私の助言に従っていたら、きみは今そんな困ったことになっていないのに。	만약 내 조언을 따랐다면, 너는 지금 그런 난처한 일이 되어 있지 않았을 텐데.	If you had taken my advice, you wouldn't be in such trouble.	
JLPT-한끝-N2-0416	コミュニケーション	コミュニケーション	의사소통	我々はお互いにコミュニケーションするのに、言葉だけでなくジェスチャーも使う。	우리는 서로 소통하는 데 말뿐 아니라 몸짓도 사용한다.	We use gestures as well as words to communicate with others.	
JLPT-한끝-N2-0417	娯楽	ごらく	오락	テレビは視聴者に娯楽ばかりではなく、知識も与える。	텔레비전은 시청자에게 오락만이 아니라 지식도 준다.	Television enlightens the viewers as well as entertains them.	
JLPT-한끝-N2-0418	ごろごろ	ごろごろ	뒹굴뒹굴	家でごろごろするのをやめて、何かすることを見つけなさい。	집에서 뒹굴뒹굴하는 것을 그만두고 뭔가 할 일을 찾아라.	Stop staring at the four walls and find something to do.	
JLPT-한끝-N2-0419	怖い	こわい	무섭다	彼の顔は怖そうに見える反面、彼の声は優しくおだやかだった。	그의 얼굴은 무서워 보이는 반면, 그의 목소리는 다정하고 아늑했다.	In contrast to his frightening looks his voice was kind and calm.	
JLPT-한끝-N2-0420	コンクール	コンクール	콩쿠르, 경연대회	ピアノ・コンクールで私が第１位になるなんて夢想だにしなかった。	피아노 콩쿠르에서 내가 1등을 하다니 꿈에도 생각하지 않았다.	Never did I dream that I would take first place in the piano contest.	
JLPT-한끝-N2-0421	混乱	こんらん	혼란	会社は合併によってすべてがかわり、混乱状態が続いています。	회사는 합병으로 모든 것이 바뀌었고 혼란 상태가 계속되고 있습니다.	The office has been topsy-turvy since the merger upset everything.	
JLPT-한끝-N2-0422	〜際	〜さい	~때	彼らが最終契約について協議している際、ある裏工作が進んでいた。賄賂が渡されたのだ。	이들이 최종 계약에 대해 협의하던 중 어떤 뒷공작이 진행되고 있었다. 뇌물이 전달된 것이다.	There was some monkey business going on when they were negotiating that last contract; money passed under the table.	
JLPT-한끝-N2-0423	最高	さいこう	최고	最高の金持ちさえ、すべての物を買えるわけではない。	최고의 부자조차 모든 물건을 살 수 있는 것은 아니다.	The richest man cannot buy everything.	
JLPT-한끝-N2-0424	再開発	さいかいはつ	재개발	都市再開発計画は現在着実に進行している。	도시 재개발 계획은 현재 꾸준히 진행되고 있다.	The urban-renewal project is now well under way.	
JLPT-한끝-N2-0425	再三	さいさん	재삼, 여러번	私が再三断ったにも関わらず、彼は私にそこへ行けといってきかなかった。	내가 거듭 거절했음에도 그는 나에게 그곳으로 가라고 하지 않았다.	Though I refused repeatedly, he insisted that I should go there.	
JLPT-한끝-N2-0426	催促	さいそく	재촉	催促がましくて恐縮ですが、先日お貸ししたお金を返していただけませんか。	재촉해서 죄송합니다만, 지난번에 빌려드린 돈을 돌려받을 수 없을까요?	I'm afraid this sounds like a demand, but could you return the money I lent you the other day?	
JLPT-한끝-N2-0427	再提出	さいていしゅつ	재제출	書類に不備があったため、期限内に再提出しなければならない。	서류에 미비가 있어 기한 내에 다시 제출해야 한다.		
JLPT-한끝-N2-0428	在籍	ざいせき	재적	ふたりの娘のうち、姉のはほうは大学に在籍中である。	두 딸 중 누나 쪽은 대학에 재학 중이다.	The older of two daughter is in college.	
JLPT-한끝-N2-0429	再度	さいど	재차	大統領はその法案に対して拒否権を行使しましたが、議会が再度それを無効にしました。	대통령은 그 법안에 대해 거부권을 행사했지만, 의회가 다시 그것을 무효화했습니다.	The President vetoed the bill, but Congress overrode his veto.	
JLPT-한끝-N2-0430	才能	さいのう	재능	その俳優がとても才能があることについては、あなたと同じ意見です。	그 배우가 매우 재능이 있는 것에 대해서는 당신과 같은 의견입니다.	I agree with you that the actor is very talented.	
JLPT-한끝-N2-0431	栽培	さいばい	재배	永続的な家をもたなかったから、食糧のための作物を栽培することがなかった。	영속적인 집을 갖지 못했기 때문에 식량을 위한 작물을 재배할 일이 없었다.	They did not have permanent homes, so they did not plant crops for food.	
JLPT-한끝-N2-0432	裁判	さいばん	재판	これらの議論で問題になっている評決は、１９９４年のランダー裁判で下されたものである。	이러한 논쟁에서 문제가 되고 있는 평결은 1994년 랜더 재판에서 내려진 것이다.	The verdict at issue in these discussions is the one brought in the Lander's trial in 1994.	
JLPT-한끝-N2-0433	財布	さいふ	지갑	トムが財布をなくした時、彼はついてなかったんだ。	톰이 지갑을 잃어버렸을 때 그는 운이 없었어.	When Tom lost his wallet, he was out of luck.	
JLPT-한끝-N2-0434	再放送	さいほうそう	재방송	多くのアメリカ人はテレビで「アイ・ラブ・ルーシー」の再放送を観るのが好きだ。	많은 미국인들은 TV에서 '아이 러브 루시' 재방송을 보는 것을 좋아한다.	Many Americans love to watch reruns of the I Love Lucy show.	
JLPT-한끝-N2-0435	最有力	さいゆうりょく	가장 유력함	コカ・コーラは清涼飲料水ではいつも最有力会社だ。	코카콜라는 청량음료 업계에서 늘 가장 유력한 회사다.	Coke has always been the top dog when it comes to soft drinks.	
JLPT-한끝-N2-0436	再利用	さいりよう	재사용	彼と私はごみ問題の再利用の点から話し合った。	그와 나는 쓰레기 문제의 재사용 측면에서 논의했다.	He and I discussed the waste problem in terms of recycling.	
JLPT-한끝-N2-0437	幸い	さいわい	다행	内容をご覧になり、適切なご意見をいただければ幸いです。	내용을 살펴보시고 적절한 의견을 주시면 감사하겠습니다.	Please review the contents and provide any appropriate feedback.	
JLPT-한끝-N2-0438	サイン	サイン	서명	配達のレシートに受け取った品物の正確なリストがない限り、サインをしてはいけません。	배달 영수증에 받은 물건의 정확한 목록이 없는 한 사인을 해서는 안 됩니다.	Do not sign a delivery receipt unless it accurately lists the goods received.	
JLPT-한끝-N2-0439	坂	さか	언덕	ある晩、ひとりの商人が帰り道にその坂を登っていた。	어느 날 밤, 한 상인이 돌아오는 길에 그 언덕을 오르고 있었다.	One night a merchant was walking up the slope on his way home.	
JLPT-한끝-N2-0440	捜す	さがす	찾다	彼は働かないだけでなく、仕事を探そうともしない。	그는 일하지 않을 뿐만 아니라 일자리를 찾으려고도 하지 않는다.	He not only does not work but will not find a job.	
JLPT-한끝-N2-0441	逆らう	さからう	거스르다	首になるのがこわいから、雇用主にあえて逆らおうとする人はだれもいない。	잘릴까봐 고용주에게 굳이 거스르려는 사람은 아무도 없다.	No one dares to contradict his employer for fear of being fired.	
JLPT-한끝-N2-0442	作業	さぎょう	작업	この仕事を完成するためには、以下の作業が必要となります。	이 일을 완성하기 위해서는 아래와 같은 작업이 필요합니다.	To complete this work, the following working items are recommended.	
JLPT-한끝-N2-0443	咲く	さく	피다	大変暖かい陽気なので、ばらの花がすぐ咲くでしょう。	매우 따뜻한 기운이 있기 때문에 장미꽃이 금방 피겠죠.	It is such warm weather that the roses will bloom soon.	
JLPT-한끝-N2-0444	削除	さくじょ	삭제	この例文は、書き方のサンプルなので必要に応じて内容を追加削除をしてからお使いください。	이 예문은 쓰는 방법의 샘플이므로 필요에 따라 내용을 추가 삭제를 한 후 사용하시기 바랍니다.	This example text is a how-to-write sample, so please add to and delete from it as required before using.	
JLPT-한끝-N2-0445	作成	さくせい	작성	ここでは、文字やパスのアウトラインの作成について説明します。	여기에서는 문자나 패스의 아웃라인 작성에 대해 설명합니다.	Here we explain about creating outlines of characters and paths.	
JLPT-한끝-N2-0446	作品集	さくひんしゅう	작품집	この作品集を通じて、作家の考え方がどのように変化したかが分かる。	이 작품집을 통해 작가의 사고방식이 어떻게 변화했는지 알 수 있다.		
JLPT-한끝-N2-0447	酒	さけ	술	ジョンはこのところ酒を飲みすぎている。彼がこれ以上酒を飲むのをやめさせなければならない。	존은 요즘 술을 너무 많이 마셔. 그가 더 이상 술을 마시는 것을 그만두게 해야 해.	John drinks too much these days. We have to stop him from drinking any more.	
JLPT-한끝-N2-0448	叫ぶ	さけぶ	외치다	列を上に下に歩き回る時、「ホット・ドッグはいかが。ホット・ドッグはいかが。」と叫ぶ。	"줄을 위로 아래로 돌아다닐 때 ""핫도그 어떠세요 핫도그 어떠세요""라고 외친다."	"As they walk up and down the rows they shout, ""Get your hot dogs here! Get your hot dogs!"""	
JLPT-한끝-N2-0449	ささやく	ささやく	속삭이다	話すことはおろか、ささやくなんてとんでもないことです。	말하는 것은 고사하고 속삭인다니 말도 안 되는 일입니다.	Don't whisper, let alone speak.	
JLPT-한끝-N2-0450	差し支え	さしつかえ	지장	その家は理想的とはいえないが、まぁさしつかえはない。	그 집은 이상적이라고는 할 수 없지만 딱히 달갑지는 않다.	The house is not ideal, but it's all right.	
JLPT-한끝-N2-0451	差し支える	さしつかえる	지장이 있다	自分が利口だと思ってもさしつかえないが、それだからと言って私をあざ笑うことはできないよ。	내가 똑똑하다고 생각해도 지나치지 않지만, 그렇다고 나를 비웃을 수는 없어.	You may think you are clever, but you cannot laugh at me because of that.	
JLPT-한끝-N2-0452	誘う	さそう	권하다	夕方に適度な運動をすると、睡眠を誘うのに役立つ。	저녁에 적당한 운동을 하면 수면을 유도하는 데 도움이 된다.	Moderate exercise in the evening helps induce sleep.	
JLPT-한끝-N2-0453	定める	さだめる	정하다	青い色は喜びの源として神によって永久に定められている。	푸른 색은 기쁨의 원천으로 신에 의해 영구히 정해져 있다.	God appointed blue to be an everlasting source of delight.	
JLPT-한끝-N2-0454	撮影	さつえい	촬영	同じ虹を、これだけたくさんの人が撮影したものを見たことがありません。	같은 무지개를 이렇게 많은 사람이 촬영한 걸 본 적이 없어요.	I've never seen as many people as this photograph the same rainbow.	
JLPT-한끝-N2-0455	さっさと	さっさと	빨리빨리	仕事があるんで、さっさと出てって僕を一人にしてくれないかな。	일이 있어서 얼른 나가서 나 혼자 있게 해주지 않을까?	I've got work to do, so piss off and leave me alone.	
JLPT-한끝-N2-0456	雑誌	ざっし	잡지	この雑誌によれば、日本の経済状態は年々悪化してきている。	이 잡지에 따르면 일본의 경제 상태는 해마다 악화되고 있다.	According to this magazine, the economic situation in Japan is getting worse year by year.	
JLPT-한끝-N2-0457	雑談	ざつだん	잡담	ストレスを解消するための方法は男性と女性とでは異なり、男性が使う主な手段は飲酒であるが、女性は雑談によってストレスを処理している。	스트레스를 해소하기 위한 방법은 남성과 여성에서 다르며, 남성이 사용하는 주된 수단은 음주인데, 여성은 잡담으로 인해 스트레스를 처리하고 있다.	The methods used to overcome stress are different for men and women: drinking is the major method used by men, while women deal with stress by chatting.	
JLPT-한끝-N2-0458	さっぱり	さっぱり	상쾌함	君の言うことなすこと、私にはさっぱりわからない。	네가 하는 말을 나는 전혀 모르겠어.	I can make nothing of what you do or say.	
JLPT-한끝-N2-0459	さて	さて	그건 그렇고	結局、それについて初めに話してくれる人は誰も来なかったということか。さて、どうしよう。	결국 그것에 대해 처음에 얘기해 줄 사람은 아무도 오지 않았다는 말인가. 자, 어떡하지.	It turned out there was nobody who would be the first to talk about it. What do we do now?	
JLPT-한끝-N2-0460	寒い	さむい	춥다	人間も極度に寒い温度に対しては、防御装置を備えている。	인간도 극도로 추운 온도에 대해서는 방어 장치를 갖추고 있다.	Man, too, has been given protective devices against extreme temperatures.	
JLPT-한끝-N2-0461	覚める	さめる	깨다	バッターのイチローは、目の覚めるような２塁打を打った。	타자 이치로는 잠에서 깰 듯한 2루타를 쳤다.	Ichiro hit an eye-popping double.	
JLPT-한끝-N2-0462	参加	さんか	참가	宇宙の利用は、日本の参加に関する限りでは、非軍事的目的に限定されるべきである。	우주의 이용은 일본의 참여에 관한 한 비군사적 목적에 국한되어야 한다.	The use of space must be limited to non-military purposes as far as Japan's involvement is concerned.	
JLPT-한끝-N2-0463	参照	さんしょう	참조	質問があれば、このガイドブックを参照してください。	질문이 있으면, 이 가이드 북을 참조해 주세요.	If you have some questions, please refer to this guidebook.	
JLPT-한끝-N2-0464	残念	ざんねん	유감	残念ながら、あのオフィスでは賄賂を使わない限り何事もうまくいかないよ。	유감스럽게도 그 사무실에서는 뇌물을 쓰지 않는 한 아무 일도 잘 되지 않아.	Unfortunately, you won't get anything done in that office unless you grease someone's palm.	
JLPT-한끝-N2-0465	さびる	さびる	녹슬다	雨の中に放置しておくと自転車はさびるでしょう。	빗속에 방치해 두면 자전거는 녹슬 거예요.	A bicycle will rust if you leave it in the rain.	
JLPT-한끝-N2-0466	差別	さべつ	차별	最初に議論すべき点は、この地域に差別が存在したかどうかということである。	가장 먼저 논의해야 할 점은 이 지역에 차별이 존재했는가 하는 것이다.	The first point to be discussed is whether segregation existed in this district.	
JLPT-한끝-N2-0467	作法	さほう	예의범절	彼は都会人の作法を身につけているけれども根は田舎育ちだ。	그는 도시인의 작법을 익히고 있지만 뿌리는 시골 토박이이다.	For all his city ways, he is a country boy at heart.	
JLPT-한끝-N2-0468	サンプル	サンプル	샘플	この例文は、書き方のサンプルなので必要に応じて内容を追加削除をしてからお使いください。	이 예문은 쓰는 방법의 샘플이므로 필요에 따라 내용을 추가 삭제를 한 후 사용하시기 바랍니다.	This example text is a how-to-write sample, so please add to and delete from it as required before using.	
JLPT-한끝-N2-0469	散歩	さんぽ	산책	そこへついた日の翌朝、私は樫の木の森へ散歩した。	그곳에 도착한 날 다음 날 아침, 나는 참나무 숲으로 산책했다.	The morning after I arrived there I took a walk into the woods of oaks.	
JLPT-한끝-N2-0470	参考	さんこう	참고	米国の研修医制度については、田中まゆみ氏の著書「ハーバードの医師づくり」（医学書院）を一部参考とさせていただきました。	미국의 연수의 제도에 대해서는 다나카 마유미 씨의 저서 '하버드의 의사 만들기'(의학서원)를 일부 참고했습니다.	"In regard to the internship system in the United States I availed myself of part of Miyumi Tanaka's work ""Making doctors in Harvard"" (Igaku-Shoin Ltd.) as a reference."	
JLPT-한끝-N2-0471	仕上げる	しあげる	끝내다	明日までに、私は学期末レポートを仕上げることはできない。	내일까지 나는 학기말 보고서를 마무리 짓지 못한다.	It is impossible for me to finish my term paper by tomorrow.	
JLPT-한끝-N2-0472	寺院	じいん	사원	我々が自国の古い寺院を自慢に思うのは当然のことだ。	우리가 자국의 오래된 사원을 자랑스럽게 여기는 것은 당연한 일이다.	We may well take pride in our old temples.	
JLPT-한끝-N2-0473	司会	しかい	사회	その会議は森首相が司会をした。	그 회의는 모리 총리가 사회를 봤다.	The conference was presided over by Mr Mori.	
JLPT-한끝-N2-0474	じかに	じかに	직접	英国大使は大統領とじかに会見することを要求した。	영국 대사는 대통령과 공개적으로 회담을 할 것을 요구했다.	The English ambassador demanded to meet with the President directly.	
JLPT-한끝-N2-0475	時間をつぶす	じかんをつぶす	시간을 때우다	私達は時間をつぶすためにトランプをしました。	우리는 시간을 때우기 위해 트럼프를 했습니다.	We played cards to kill time.	
JLPT-한끝-N2-0476	直に	じきに	바로	私はじきに新しい仕事についてほとんど全部知るようになった。	나는 곧 새로운 일에 대해 거의 다 알게 되었다.	I soon got acquainted with almost all about my new job.	
JLPT-한끝-N2-0477	至急	しきゅう	시급, 급히	私どもの見積書に対してご質問がありましたら、至急ご連絡ください。	저희 견적서에 대해 궁금한 점이 있으시면 바로 연락주세요.	If our quote is inconvenient for you, please let us know.	
JLPT-한끝-N2-0478	敷く	しく	깔다	その会社では、会長が院政を敷いていて、社長はお飾りにすぎない。	그 회사에서는 회장이 원정을 맡고 사장은 장식에 불과하다.	"The ""retired"" president of that company runs the whole show from behind the scenes, so the current president is nothing but a figurehead."	
JLPT-한끝-N2-0479	刺激	しげき	자극	身体が運動を必要とするように、精神も健康であるために刺激を必要とする。	신체가 운동을 필요로 하듯이 정신도 건강하기 때문에 자극을 필요로 한다.	Just as the body needs exercise, so the mind needs stimulation to stay healthy.	
JLPT-한끝-N2-0480	事件	じけん	사건	問題となっている事件については、後便で詳しく申し上げます。	문제가 되고 있는 사건에 대해서는 후방에서 자세히 말씀드리겠습니다.	With regard to the matter in question, I will write to you in detail later.	
JLPT-한끝-N2-0481	取り掛かる	とりかかる	착수하다	犬に餌をやってから、彼は自分の食事に取りかかった。	개에게 먹이를 주고 나서 그는 자신의 식사에 착수했다.	Having fed the dog, he sat down to his own dinner.	
JLPT-한끝-N2-0482	支持	しじ	지지	農民はどちらの候補者を支持するかについて、いまだ決めかねています。	농민들은 어느 후보자를 지지할지에 대해 아직 결정하지 못했습니다.	Farmers are still sitting on the fence over which candidate to back.	
JLPT-한끝-N2-0483	指示	しじ	지시	薬は医者の指示によってのみしようされるべきです。	약은 의사의 지시에 의해서만 처방되어야 합니다.	Drugs should be used only at the direction of a doctor.	
JLPT-한끝-N2-0484	四捨五入	ししゃごにゅう	반올림	５８１４を千の位に四捨五入すれば何になりますか。	5814를 천 위에 반올림하면 뭐가 됩니까?	What is 5814 rounded to the nearest thousand?	
JLPT-한끝-N2-0485	自信	じしん	자신	彼は自信ありげに見えたが、内心は全然違っていた。	그는 자신만만해 보였지만 속내는 전혀 달랐다.	He looked confident but his inner feelings were quite different.	
JLPT-한끝-N2-0486	地震	じしん	지진	昨年フィリッピンでは地震や津波のために六千人以上の死者があった。	지난해 필리핀에서는 지진과 쓰나미로 인해 6천 명 이상의 사망자가 발생했다.	Last year in the Philippines, earthquakes and tidal waves resulted in the deaths of more than 6000 people.	
JLPT-한끝-N2-0487	沈む	しずむ	가라앉다	彼らはその船が沈んでしまったのに違いないという結論に達した。	그들은 그 배가 가라앉아 버린 것이 틀림없다는 결론에 도달했다.	They came to the conclusion that the ship must have sunk.	
JLPT-한끝-N2-0488	シーズン	シーズン	시즌	彼らのチームは今シーズンほとんど勝算が立たない。	그들의 팀은 이번 시즌 거의 승산이 없다.	Their them doesn't have a ghost of a chance of winning this season.	
JLPT-한끝-N2-0489	姿勢	しせい	자세	裁判所が未成年の犯罪者に対してとる姿勢は成人の犯罪者に対する姿勢とは異なる。	법원이 미성년 범죄자에 대해 취하는 자세는 성인 범죄자에 대한 자세와는 다르다.	The attitude of the court toward young criminals is different from its attitude toward adult criminals.	
JLPT-한끝-N2-0490	辞退	じたい	사퇴	本気で似合うと思っていたらしいシャツは辞退し、淡いブルーのポロシャツをいただくことにした。	진심으로 어울린다고 생각했다던 셔츠는 사퇴하고 옅은 파란색 폴로 셔츠를 받기로 했다.	The shirt she apparently seriously thought suited me I turned down and decided to accept a light blue polo shirt.	
JLPT-한끝-N2-0491	次第に	しだいに	점차	日が経つにつれて、天気は次第に悪化しつつあった。	날이 갈수록 날씨가 점점 나빠지고 있었다.	The weather was getting worse and worse as the day went on.	
JLPT-한끝-N2-0492	従う	したがう	따르다	インフレを抑制しようとして金融政策に偏重すると、金融、したがって景気を必要以上に締め付けることになりかねない。	인플레이션을 억제하려고 금융정책에 편중되면 금융, 따라서 경기를 필요 이상으로 옥죄게 될 수 있다.	Excessive reliance on monetary policy an attempt to curb inflation could unnecessarily constrain credit and hence business.	
JLPT-한끝-N2-0493	じたばた	じたばた	바둥바둥댐	締め切り直前になってじたばたしても、状況が改善するとは限らない。	마감 직전에 다다르더라도 상황이 나아질 것이라고 장담할 수는 없다.		
JLPT-한끝-N2-0494	しつこい	しつこい	집요하다	ホントしつこいなぁ、しのぶさん。なんか根負けしそう。	정말 끈질긴데, 시노부 씨. 뭔가 본전할 것 같아.	She's really persistent, Shinobu is. I think I might be out-stubborned.	
JLPT-한끝-N2-0495	実施	じっし	실시	実施設計とは基本設計で決まった計画を、工事ができる図面に書く作業です。	실시설계란 기본설계에서 정해진 계획을 공사가 가능한 도면에 적는 작업입니다.	Detailed design is the work of drawing up a diagram that is capable of being manufactured from the plan set in the baseline design.	
JLPT-한끝-N2-0496	実践	じっせん	실천	あなたが結婚し子供を持ったら、言葉より実践ということを悟るでしょう。	당신이 결혼하고 아이를 가지면 말보다 실천이라는 것을 깨달을 거예요.	When you get married and have kids, you'll realize that actions speak louder than words.	
JLPT-한끝-N2-0497	質素	しっそ	검소함	彼は金持ちにもかかわらず、質素な生活をしている。	그는 부자임에도 불구하고 검소한 생활을 하고 있다.	For all his wealth, he lives a simple life.	
JLPT-한끝-N2-0498	湿度	しつど	습도	私が疲れるのは、暑さというよりはむしろ湿度のせいだ。	내가 지치는 것은 더위라기보다는 오히려 습도 때문이다.	It is not so much the heat as the humidity that makes me tired.	
JLPT-한끝-N2-0499	じっと	じっと	꼼짝 않음, 가만히 있음	毎日毎日、丘の上で男が一人微笑を浮かべてじっとしている。	매일매일 언덕 위에서 남자가 혼자 미소를 지으며 가만히 있다.	Day after alone on a hill the man with the foolish grin is keeping perfectly still.	
JLPT-한끝-N2-0500	実に	じつに	실로	以上のように、実にシンプルな誰でも出来るノウハウで十分な利益と顧客は確保できるのです！	이상과 같이, 실로 심플한 누구나 할 수 있는 노하우로 충분한 이익과 고객은 확보할 수 있는 것입니다!	As shown above, it is possible to obtain ample profit and customers with truly simple know-how that anyone can do!	
JLPT-한끝-N2-0501	失敗	しっぱい	실패, 실수	努力したにもかかわらず、彼はその試験に失敗した。	노력했음에도 불구하고 그는 그 시험에 실패했다.	With all his efforts, he failed the test.	
JLPT-한끝-N2-0502	失望	しつぼう	실망	彼が試験に失敗したときそれは彼にとってひどい失望だった。	그가 시험에 실패했을 때 그것은 그에게 끔찍한 실망이었다.	It was a bitter disappointment to him when he failed his examination.	
JLPT-한끝-N2-0503	指導	しどう	지도	結果次第では、両社に対して2月以来の行政指導が行われる。	결과에 따라 양사에 대해 2월 이후 행정지도가 이뤄진다.	Depending on the results both companies may be put under administrative guidance from February.	
JLPT-한끝-N2-0504	児童	じどう	아동	児童心理学者の中には、親はもっと子供と遊んでやり、考えさせる問題を与えてやるべきだ、と考える人が多い。	아동 심리학자 중에는 부모가 더 아이와 놀아주고 생각하게 하는 문제를 줘야 한다고 생각하는 사람이 많다.	Many child psychologists think that parents should play with their children more often and give them problems to think about.	
JLPT-한끝-N2-0505	支配	しはい	지배	実際のところ、これは官僚支配の有力な手段なのである。	사실 이것은 관료 지배의 유력한 수단인 것이다.	In fact, this is a major means of bureaucratic control.	
JLPT-한끝-N2-0506	しびれる	しびれる	마비되다, 저리다	ずっと正座してたからか、足がしびれちゃって。	계속 정좌해서 그런지 다리가 저려서.	I've sat on my heels for so long my legs have fallen asleep.	
JLPT-한끝-N2-0507	自分勝手	じぶんかって	제멋대로임	その自分勝手な男は、一緒に行動している人達に軽蔑された。	그 제멋대로 행동하는 남자는 함께 행동하는 사람들에게 경멸을 받았다.	The selfish man was despised by his companions.	
JLPT-한끝-N2-0508	絞る	しぼる	조이다, 짜다	はい。ここに私たちが牛のミルクをしぼった牧場の写真がありますよ。	네, 여기 우리가 소고기를 구웠던 목장 사진이 있어요.	Yes, and here's a photo of the farm where we milked the cows.	
JLPT-한끝-N2-0509	島	しま	섬	その島の輸出品の８２％ーこれは５分の４以上になるがーは、農産物である。	그 섬 수출품의 82% - 이것은 5분의 4 이상이 되는데 -는 농산물이다.	82% - more than four-fifths - of the island's exports is agricultural produce.	
JLPT-한끝-N2-0510	仕舞う	しまう	정리하다, 치우다	例のスキャンダルはそういつまでも臭いものにフタというわけにはいくまい。いずれ人は嗅ぎつけてしまうさ。	예를 들어 스캔들은 언제까지나 냄새에 붕 뜬 것이 될 수 없지. 어느 순간 사람은 맡아 버릴 테니까.	I don't think we can keep the lid on the scandal much longer; people are bound to find out.	
JLPT-한끝-N2-0511	地味	じみ	수수함, 검소함	就職の面接には派手なネクタイよりも地味なネクタイの方が好ましい。	취업 면접에는 화려한 넥타이보다 수수한 넥타이가 더 선호된다.	A conservative tie is preferable to a loud one for a job interview.	
JLPT-한끝-N2-0512	染みる	しみる	배다, 스며들다	水不足の時、水のありがたさを骨身にしみて感じた。	물이 부족할 때 물의 고마움을 뼈저리게 느꼈다.	During the water shortage, the value of water really came home to me.	
JLPT-한끝-N2-0513	事務所	じむしょ	사무소	事務所の職員は迅速かつ効率的に働いて、その問題を解決した。	사무실 직원은 신속하고 효율적으로 일해서 그 문제를 해결했다.	The office staff worked quickly and efficiently to resolve the problem.	
JLPT-한끝-N2-0514	締め切り	しめきり	마감	締め切りに間に合わせるために、私は夜通し働いた。	마감 시간에 맞추기 위해 나는 밤새 일했다.	I worked all night so to meet the deadline.	
JLPT-한끝-N2-0515	占める	しめる	차지하다	日本は、サービスがＧＮＰの５０％以上を占めるサービス経済である。	일본은 서비스가 GNP의 50% 이상을 차지하는 서비스 경제이다.	Japan is service economy, in which services account for more than 50% of GNP.	
JLPT-한끝-N2-0516	湿る	しめる	축축해지다	雨林は地表のわずか２％をしめるに過ぎないが、世界の野生の動植物、及び昆虫の半分以上の種類がそこで生息している。	우림은 지표의 2%에 불과하지만, 세계 야생 동식물 및 곤충의 절반 이상의 종류가 그곳에서 서식한다.	Although rain forests make up only two percent of the earth's surface, over half the world's wild plant, animal and insect species live there.	
JLPT-한끝-N2-0517	地元	じもと	그 지역, 연고지	地元の人だけでなく、観光客もその広場に買い物に訪れる。	현지인뿐만 아니라 관광객들도 그 광장에 쇼핑을 하러 온다.	The tourists as well as local people come to the square for shopping.	
JLPT-한끝-N2-0518	視野	しや	시야	独り立ちする能力がだんだん増すにつれて賢明に行動することが出来るようになるために、視野を広げなさい。	홀로서기 능력이 점점 늘어남에 따라 현명하게 행동할 수 있도록 시야를 넓혀라.	Broaden your horizon so that as you become more and more able to take care of yourself you will move intelligently.	
JLPT-한끝-N2-0519	弱点	じゃくてん	약점	彼には弱点があるからかえってよけいに彼が好きだ。	그에게는 약점이 있기 때문에 오히려 더더욱 그를 좋아한다.	I like him all the more for his weaknesses.	
JLPT-한끝-N2-0520	しゃべる	しゃべる	이야기하다, 수다를 떨다	ただだらだらとしゃべっていて、試験に必要なことにはなかなか触れてくれないんだ。	그냥 대충 말하고 있어서 시험에 필요한 건 잘 건드리지 않아.	He just drones on and on but hardly even touches on what we need to know for the test.	
JLPT-한끝-N2-0521	邪魔	じゃま	방해, 거추장스러움	先日、あなたの邪魔をしたことをゆるしてください。	지난번에 당신을 방해한 것을 용서해 주세요.	Forgive me for interrupting you the other day.	
JLPT-한끝-N2-0522	周囲	しゅうい	주위	こうした複雑な状況が生じるのは、周囲の環境それ自体から得られる信号が不十分なものとなりうるからである。	이러한 복잡한 상황이 생기는 것은 주위 환경 그 자체로부터 얻어지는 신호가 불충분한 것이 될 수 있기 때문이다.	This complex situation arose because signals from the environment itself can be inadequate.	
JLPT-한끝-N2-0523	収穫	しゅうかく	수확	新種の稲によっては年に２、３回収穫できる物もある。	신종 벼에 따라서는 일 년에 두세 번 수확할 수 있는 것도 있다.	Some new kinds of rice can be harvested two or three times a year.	
JLPT-한끝-N2-0524	終日	しゅうじつ	종일	１月１４日（火曜日）のＤＴＡ終日技術会議には、１８社、３２人が出席しました。	1월 14일(화요일) DTA 종일 기술회의에는 18개 회사, 32명이 참석했습니다.	The all-day DTA Technical meeting on Tuesday Jan 14 was attended by 32 people from 18 DTA firms.	
JLPT-한끝-N2-0525	就職	しゅうしょく	취직	彼は学校を卒業したとき、もう就職が決まっていた。	그는 학교를 졸업했을 때 이미 취직이 결정되어 있었다.	His job had already been settled when he left school.	
JLPT-한끝-N2-0526	就職率	しゅうしょくりつ	취업률	景気の回復にもかかわらず、若者の就職率は思ったほど上がっていない。	경기 회복에도 불구하고 청년 취업률은 생각만큼 오르지 않고 있다.		
JLPT-한끝-N2-0527	住宅街	じゅうたくがい	주택가	駅に近い住宅街では、交通量の増加が問題となっている。	역과 가까운 주택가에서는 교통량의 증가가 문제가 되고 있다.		
JLPT-한끝-N2-0528	集中力	しゅうちゅうりょく	집중력	テレビからの小さい音でさえ、私の集中力を妨げる。	TV에서 나오는 작은 소리조차도 내 집중력을 방해한다.	Even a small sound from the TV interferes with my concentration.	
JLPT-한끝-N2-0529	柔軟	じゅうなん	유연함	VISUACTは、お客様の多様な環境やニーズにも柔軟に対応し、さまざまな運用方法をご提供します。	비주얼은 고객의 다양한 환경과 니즈에도 유연하게 대응하고 다양한 운영방법을 제공합니다.	VISUACT supports flexibly the varied environments and needs of our customers and offers a variety of operational procedures.	
JLPT-한끝-N2-0530	柔軟に	じゅうなんに	유연하게	VISUACTは、お客様の多様な環境やニーズにも柔軟に対応し、さまざまな運用方法をご提供します。	비주얼은 고객의 다양한 환경과 니즈에도 유연하게 대응하고 다양한 운영방법을 제공합니다.	VISUACT supports flexibly the varied environments and needs of our customers and offers a variety of operational procedures.	
JLPT-한끝-N2-0531	収納	しゅうのう	수납	アンディーは自分のシャツを収納室に掛けた。	앤디는 자신의 셔츠를 수납실에 걸었다.	Andy hung his shirt up in the closet.	
JLPT-한끝-N2-0532	充満	じゅうまん	충만, 가득함	プラモ作りは家でやってくださいよ。ラッカー液の臭い、充満してるじゃないですか。	플라모 만들기는 집에서 해주세요 래커액 냄새 충만하잖아요.	Please do your model building at home! The room's full of the smell of lacquer.	
JLPT-한끝-N2-0533	宿泊	しゅくはく	숙박	そのホテルは５０人の客を宿泊させることができる。	그 호텔은 50명의 손님을 숙박시킬 수 있다.	The hotel can accommodate fifty guests.	
JLPT-한끝-N2-0534	取材	しゅざい	취재	ニューヨークタイムズは彼女のギャラリーにいつも取材にくるんだから。	뉴욕 타임스는 그녀의 갤러리에 항상 취재하러 오거든.	The New York Times reviews her gallery all the time.	
JLPT-한끝-N2-0535	首相	しゅしょう	수상	今日の新聞によると、首相は渡米を断念したそうだ。	오늘 신문에 따르면 총리는 미국을 단념했다고 한다.	Today's paper reports that the premier has given up the idea of visiting America.	
JLPT-한끝-N2-0536	手術	しゅじゅつ	수술	彼が手術するかどうかは、移植する臓器の提供次第だ。	그가 수술할지는 이식할 장기 기증에 달려 있다.	Whether he has the operation depends upon the availability of the organ.	
JLPT-한끝-N2-0537	主成分	しゅせいぶん	주성분	商品の主成分に関しては、容器の裏側に詳しく表示されている。	상품의 주성분에 관해서는 용기 뒷면에 자세히 표시되어 있다.		
JLPT-한끝-N2-0538	出世	しゅっせ	출세	彼の腹心の部下が彼を裏切って、彼の出世の邪魔をした。	그의 심복 부하들이 그를 배신하고 그의 출세를 방해했다.	His right-hand man gave him away and got in his way to the top.	
JLPT-한끝-N2-0539	出版	しゅっぱん	출판	ドイルの研究で提出されている議論は、最初、麻薬に関連する犯罪に関する白書として出版されたものである。	도일의 연구에서 제기되고 있는 논의는 첫째, 마약과 관련된 범죄에 관한 백서로 출판된 것이다.	The argument presented in Doyle's study was first published as a white paper on drug-related crimes.	
JLPT-한끝-N2-0540	出版社	しゅっぱんしゃ	출판사	詳細は当出版社に申し出あり次第お知らせ致します。	자세한 내용은 저희 출판사에 문의하시는 대로 알려드리겠습니다.	More detailed information will be supplied on application to the publisher.	
JLPT-한끝-N2-0541	首脳	しゅのう	수뇌, 정상	首脳たちは経済成長に障害となるものを排除しようとしています。	정상들은 경제 성장에 장애가 되는 것을 배제하려고 하고 있습니다.	Leaders are trying to do away with impediments to economic growth.	
JLPT-한끝-N2-0542	趣味	しゅみ	취미	彼は趣味については彼女とは何の共通点も持っていません。	그는 취미에 대해서는 그녀와는 아무런 공통점도 가지고 있지 않습니다.	He has nothing in common with her as to their tastes.	
JLPT-한끝-N2-0543	寿命	じゅみょう	수명	王を得た麒麟もまた寿命を持たない生き物だが、この病ばかりは治癒の方法がない。	왕을 얻은 기린 또한 수명을 갖지 못하는 생물이지만, 이 병만은 치유의 방법이 없다.	A qilin with a king too has no limit on its lifespan, but this illness alone admits of no remedy.	
JLPT-한끝-N2-0544	主要	しゅよう	주요	今日主要な輸送手段としては、自動車が馬にとって代っている。	오늘날 주요 수송 수단으로는 자동차가 말을 대체하고 있다.	Today automobiles have taken the place of horses as the principal means of transportation.	
JLPT-한끝-N2-0545	準決勝	じゅんけっしょう	준결승	そのチームは準決勝に勝って決勝に進出した。	그 팀은 준결승에 이겨 결승에 진출했다.	The team won the semifinals and advanced to the finals.	
JLPT-한끝-N2-0546	順調	じゅんちょう	순조로움	私に関する限りでは、すべて順調です。	저에 관한 한 모두 순조롭습니다.	As far as I am concerned, everything is all right.	
JLPT-한끝-N2-0547	準備	じゅんび	준비	消息筋によると、○○社は東証一部への上場を準備している。	소식통에 따르면 ○○사는 도쿄증권거래소 일부 상장을 준비하고 있다.	According to informed sources, ____ Ltd. is preparing for the move up to the first section of the Tokyo Stock exchange.	
JLPT-한끝-N2-0548	準優勝	じゅんゆうしょう	준우승	決勝で敗れて準優勝に終わったものの、選手たちは最後まで全力を尽くした。	결승에서 패해 준우승에 그쳤지만 선수들은 마지막까지 전력을 다했다.		
JLPT-한끝-N2-0549	〜賞	〜しょう	~상	言うまでもなく、彼は賞を取ることができなかった。	말할 것도 없이 그는 상을 받을 수 없었다.	Needless to say, he could not get the prize.	
JLPT-한끝-N2-0550	〜状	〜じょう	~상태	本状には微妙な情報が含まれており、気分を害することがあるかもしれない。	본상에는 미묘한 정보가 포함되어 있어 기분을 상하게 할 수도 있다.	This letter contains sensitive information that may offend some people.	
JLPT-한끝-N2-0551	紹介	しょうかい	소개	３人の生徒が短いスピーチを言い、自己紹介をしたり自分の国について話した。	세 명의 학생이 짧은 연설을 하고 자기소개를 하거나 자기 나라에 대해 이야기했다.	Three students made short speeches and introduced themselves and their countries.	
JLPT-한끝-N2-0552	蒸気	じょうき	증기	かつてはロードローラーは馬が曳いていたが、蒸気機関の発明により、スチームローラーが現れた。	예전에는 로드롤러는 말이 몰고 다녔으나 증기기관의 발명으로 스팀롤러가 나타났다.	Horses used to pull road-rollers, but the steamroller arrived with the invention of the steam engine.	
JLPT-한끝-N2-0553	状況	じょうきょう	상황	現在、参加を希望する方々がとても多く、状況によって１ヶ月先まで満席になっております。	현재 참여를 원하시는 분들이 굉장히 많고, 상황에 따라 한 달 전까지만 해도 만석입니다.	At present a very great number of people are seeking to participate and, depending on circumstances, up to a month ahead is fully booked.	
JLPT-한끝-N2-0554	条件	じょうけん	조건	条件は多少異なってはいるものの、我々の実験結果はロビンソンのものと同一である。	조건은 다소 다르기는 하지만 우리의 실험 결과는 로빈슨의 것과 동일하다.	Although the conditions are slightly different, the result of our experiment was identical with Robinson's.	
JLPT-한끝-N2-0555	正直	しょうじき	정직	正直言って私はクラシック音楽が好きじゃない。かたや、モリーの方が完全にはまっている。	솔직히 나는 클래식 음악을 좋아하지 않아, 아니, 몰리가 완전히 빠져있어.	To tell the truth, I don't like classical music. On the other hand, Molly is really into it.	
JLPT-한끝-N2-0556	症状	しょうじょう	증상	医者が部屋に入ってきて、彼女の症状について訊ねた。	의사가 방에 들어와 그녀의 증상에 대해 물었다.	The doctor came into the examination room and asked about her problem.	
JLPT-한끝-N2-0557	上昇	じょうしょう	상승	機は急角度で上昇し、それから海岸を離れるにつれて水平飛行に移った。	비행기는 급각도로 상승했고 이후 해안을 벗어나면서 수평 비행으로 넘어갔다.	The plane rose sharply before leveling off as it left the coast.	
JLPT-한끝-N2-0558	生じる	しょうじる	발생하다	こうした複雑な状況が生じるのは、周囲の環境それ自体から得られる信号が不十分なものとなりうるからである。	이러한 복잡한 상황이 생기는 것은 주위 환경 그 자체로부터 얻어지는 신호가 불충분한 것이 될 수 있기 때문이다.	This complex situation arose because signals from the environment itself can be inadequate.	
JLPT-한끝-N2-0559	招待	しょうたい	초대	きっと彼は私たちの招待に応じてくれると思います。	분명 그는 우리의 초대에 응할 거라고 생각해요.	I am sure of his will accepting our invitation.	
JLPT-한끝-N2-0560	招待状	しょうたいじょう	초대장	私たちはそのパーティーの招待状をすでに発送していた。	우리는 그 파티 초대장을 이미 발송했었다.	We had already sent the letters of invitation to the party.	
JLPT-한끝-N2-0561	象徴	しょうちょう	상징	はるか昔の初期の文化においては、競技で使われているボールは太陽を象徴していました。	아득한 옛날 초기 문화에서는 경기에서 사용되는 공은 태양을 상징했습니다.	Long ago in early cultures, the ball in the game was the symbol of the sun.	
JLPT-한끝-N2-0562	焦点	しょうてん	초점	しかし、ほとんどの研究はエメットの理論がコンピューター・グラフィックに与えた影響については焦点を当てていない。	그러나 대부분의 연구들은 에밋의 이론이 컴퓨터 그래픽에 미친 영향에 대해서는 초점을 맞추지 않는다.	Most studies, however, have not focused on the influence Emmet's theory had on the computer graphics.	
JLPT-한끝-N2-0563	商店街	しょうてんがい	상점가	この商店街は地元では唯一のショッピング街で、日用品から勉強に必要なものまで一通り揃ってしまう。	이 상가는 동네에서 유일한 쇼핑거리로 생필품부터 공부에 필요한 물건까지 두루 갖추어져 있다.	This shopping district is the only high street in the local area; it stocks the whole line-up from products for daily life to school study equipment.	
JLPT-한끝-N2-0564	衝突	しょうとつ	충돌	この問題は、アイドルのエゴとヲタのエゴの衝突だ。	이 문제는 아이돌 에고와 에타 에고의 충돌이다.	This problem is the clash of the idol's and obsessive fan's egos.	
JLPT-한끝-N2-0565	承認	しょうにん	승인	この件を、ご承認いただけますよう、お願いいたします。	이 건을 승인해 주시길 부탁드립니다.	We would appreciate it if you grant us this concession.	
JLPT-한끝-N2-0566	消費	しょうひ	소비	一国の経済力はその生産力だけでなく消費力にも存する。	한 나라의 경제력은 그 생산력뿐만 아니라 소비력에도 속한다.	The economic strength of a country lies not alone in its ability to produce but also in its capacity to consume.	
JLPT-한끝-N2-0567	商品	しょうひん	상품	カタログを通じて郵便で買い物をすることによって、人々は幅広い商品を選ぶことが出来る。	카탈로그를 통해 우편으로 쇼핑을 함으로써 사람들은 폭넓은 상품을 선택할 수 있다.	Shopping by mail through catalogs gives people a wide choice of merchandise.	
JLPT-한끝-N2-0568	情報	じょうほう	정보	日本の経済問題について何か情報を得るには、この本がおおいに役にたつでしょう。	일본의 경제 문제에 대해 뭔가 정보를 얻는 데는 이 책이 큰 도움이 될 것입니다.	In order to get some information about Japanese economic problems, you'll find this book very useful.	
JLPT-한끝-N2-0569	消防署	しょうぼうしょ	소방서	火事のときには消防署に電話しなさい。	화재 시에는 소방서에 전화하세요.	In case of fire, telephone the fire station.	
JLPT-한끝-N2-0570	将来	しょうらい	장래	彼らは、将来のためにとっておくほど十分な収入がありません。	그들은 장래를 위해 남겨둘 만큼 충분한 수입이 없습니다.	They don't have enough income to lay aside for the future.	
JLPT-한끝-N2-0571	省略	しょうりゃく	생략	省略は立派な表現技法の一つであり、多くの文法書でも紹介されています。	생략은 훌륭한 표현 기법 중 하나이며 많은 문법서에도 소개되어 있습니다.	Omission is a perfectly good example of an expression technique, and is brought up in many grammar books.	
JLPT-한끝-N2-0572	諸外国	しょがいこく	여러 외국	テレビが普及したおかげで、諸外国の風景を楽しく眺めることができる。	TV가 보급된 덕분에 여러 나라의 풍경을 즐겁게 바라볼 수 있다.	The spread of television enables us to enjoy the scenery of foreign countries.	
JLPT-한끝-N2-0573	初期	しょき	초기	はるか昔の初期の文化においては、競技で使われているボールは太陽を象徴していました。	아득한 옛날 초기 문화에서는 경기에서 사용되는 공은 태양을 상징했습니다.	Long ago in early cultures, the ball in the game was the symbol of the sun.	
JLPT-한끝-N2-0574	食欲	しょくよく	식욕	私はストレスがたまると食欲がなくなるのではなく、逆に何か食べないと気が済まなくなる。	나는 스트레스가 쌓이면 식욕이 없어지는 것이 아니라 반대로 뭔가 먹지 않으면 정신이 없어진다.	I don't lose my appetite when I get stressed, rather I can't calm down unless I eat something.	
JLPT-한끝-N2-0575	職場	しょくば	직장	彼は、その計画を私と話し合うために、わざわざ私の職場にやってきた。	그는 그 계획을 나와 이야기하기 위해 일부러 내 직장에 왔다.	He came all the way to my office to discuss the plan with me.	
JLPT-한끝-N2-0576	諸国	しょこく	여러 나라	世界は、特に先進諸国において、思考と行動を変える必要があります。	세계는 특히 선진국에서 사고와 행동을 바꿀 필요가 있습니다.	The world needs to change its thinking and behavior, especially in the developed nations.	
JLPT-한끝-N2-0577	徐々に	じょじょに	서서히	だが、徐々に生活水準が高まるようになるにつれて、ますます大勢の人が我が家に浴室を持つようになった。	하지만 점차 생활 수준이 높아짐에 따라 점점 더 많은 사람들이 우리 집에 욕실을 갖게 되었다.	However, as living standards gradually came to rise, more and more people began to have their own bathrooms at home.	
JLPT-한끝-N2-0578	食器類	しょっきるい	식기류	彼女は夕食後テーブルから食器類を片付けた。	그녀는 저녁 식사 후 테이블에서 식기류를 정리했다.	She cleared the table of the dishes after dinner.	
JLPT-한끝-N2-0579	ショック	ショック	충격	彼女の夫が事故で死んだというニュースは、彼女にとっては大変ショックであった。	그녀의 남편이 사고로 죽었다는 소식은 그녀에게 큰 충격이었다.	The news that her husband had been killed in an accident was a great shock to her.	
JLPT-한끝-N2-0580	初年度	しょねんど	초년도	研究の初年度に、彼は自分がＡＬＳにかかっていることを知った。	연구 첫 해에 그는 자신이 ALS에 걸려 있다는 것을 알게 되었다.	During his first year of study, he learned he had ALS.	
JLPT-한끝-N2-0581	初歩	しょほ	초보	彼ほどの確立した科学者がそのような初歩的な誤りを犯すとは実際上考えられないことである。	그 정도로 정립한 과학자가 그런 초보적인 오류를 범하리라고는 사실상 생각할 수 없는 일이다.	It is practically unthinkable that a scientist of his stature would have made such an elementary mistake.	
JLPT-한끝-N2-0582	署名	しょめい	서명	１８世紀の後半には、アメリカ人のパスポートは通常、合衆国大統領によって署名されていた。	18세기 후반에는 미국인의 여권이 보통 합중국 대통령에게 서명되어 있었다.	In the late eighteenth century, a passport for an American was usually signed by the President of the United States.	
JLPT-한끝-N2-0583	諸問題	しょもんだい	여러 문제	多くの国々が経済の分野で困難な諸問題を抱えている。	많은 나라들이 경제 분야에서 어려운 문제들을 안고 있다.	Many countries are having difficulties in the economic sphere.	
JLPT-한끝-N2-0584	女優	じょゆう	여배우	彼女は女優であるばかりでなく、有名な画家でもあった。	그녀는 여배우일 뿐만 아니라 유명한 화가이기도 했다.	Besides being an actress she was a famous painter.	
JLPT-한끝-N2-0585	所有	しょゆう	소유	「状況報告を」「現在目標は目視４。最大７か。小口径火器を所有」	"""상황 보고를"" ""현재 목표는 육시 4. 최대 7이나. 소구경 화기를 소유"""	"""Situation report."" ""At present 4 in sight. At most probably 7. Holding small calibre arms."""	
JLPT-한끝-N2-0586	処理	しょり	처리	知識と経験によって、彼はそのトラブルを処理することができた。	지식과 경험을 통해 그는 그 문제를 처리할 수 있었다.	His intelligence and experience enabled him to deal with the trouble.	
JLPT-한끝-N2-0587	資料	しりょう	자료	これらのコースについての詳細な資料をお送りください。	이 코스에 대한 자세한 자료를 보내주세요.	Please send details of these courses.	
JLPT-한끝-N2-0588	じろじろ	じろじろ	빤히, 유심히	私たちはみな彼女をじろじろ見ました。ずいぶん彼女は変わったのです。	우리는 모두 그녀를 빤히 봤어요, 많이 변했어요.	All of us stared at her; she had changed so much.	
JLPT-한끝-N2-0589	進学率	しんがくりつ	진학률	大学への進学率が上昇する一方で、地域による差も広がっている。	대학 진학률이 상승하는 한편 지역에 따른 차이도 벌어지고 있다.		
JLPT-한끝-N2-0590	真剣	しんけん	진지함	スケートが上手になりたいのなら、真剣に習い始めるべきだ。	스케이트를 잘 타고 싶다면 진지하게 배우기 시작해야 한다.	If you want to skate well, you should take it up seriously.	
JLPT-한끝-N2-0591	深刻	しんこく	심각함	近いうちに雨が降らない限り、この町は深刻な水不足になるだろう。	조만간 비가 오지 않는 한 이 마을은 심각한 물 부족이 될 것이다.	This city will suffer from an acute water shortage unless it rains soon.	
JLPT-한끝-N2-0592	心臓	しんぞう	심장	万一私が死んだら、私の心臓を必要な人に提供して下さい。	만일 제가 죽으면 제 심장을 필요한 사람에게 제공해주세요.	If I should die, please offer my heart to someone who needs it.	
JLPT-한끝-N2-0593	慎重	しんちょう	신중함	彼はいつも慎重に計画を練ってから、それを実行に移す。	그는 항상 신중하게 계획을 짜고 그것을 실행에 옮긴다.	He always plans a thing out carefully before he does it.	
JLPT-한끝-N2-0594	しばしば	しばしば	자주	事故は、しばしばちょっとした不注意によって起こる。	사고는 종종 사소한 부주의로 인해 일어난다.	An accident is often brought about by a bit of carelessness.	
JLPT-한끝-N2-0595	しばらく	しばらく	잠시	その法律によってしばらくフットボールはできませんでした。	그 법에 의해 한동안 풋볼은 할 수 없었어요.	The law kept people from playing football for a while.	
JLPT-한끝-N2-0596	深夜	しんや	심야	彼は四人の警官によって深夜拉致された。	그는 4명의 경찰관에 의해 심야 납치되었다.	He was spirited away by four police officers in the middle of the night.	
JLPT-한끝-N2-0597	信用	しんよう	신용	私は彼のことが好きだが、けれども心から彼を信用しているわけではない。	나는 그를 좋아하지만, 하지만 진심으로 그를 믿는 건 아니야.	I like him but at the same time I don't really trust him.	
JLPT-한끝-N2-0598	信頼	しんらい	신뢰	彼の性格についてもっとよく知っていたなら、彼を信頼しなかっただろう。	그의 성격에 대해 더 잘 알았다면 그를 신뢰하지 않았을 것이다.	Had I known more about his character, I would not have trusted him.	
JLPT-한끝-N2-0599	人類	じんるい	인류	人類補完についての問題は今委員会で検討されています。	인류보완에 대한 문제는 지금 위원회에서 검토되고 있습니다.	"The problem about ""the instrumentality of mankind"" is being looked into by the committee."	
JLPT-한끝-N2-0600	垂直	すいちょく	수직	ヘリコプターは垂直に離陸し、着陸することができる。	헬리콥터는 수직으로 이륙하여 착륙할 수 있다.	A helicopter is able to take off and land straight up and down.	
JLPT-한끝-N2-0601	水滴	すいてき	물방울	気密性でない窓ならば、水滴ができるだろう。	기밀성이 아닌 창이라면 물방울이 생길 것이다.	If your windows are not airtight, moisture will seep in.	
JLPT-한끝-N2-0602	数年	すうねん	수년	この点に関しては、私が英語学習を志した２０数年前とは隔世の感があります。	이 점에 관해서는 제가 영어 학습을 지향했던 20여 년 전과 격세지감이 있습니다.	On this point it is poles apart from when I set myself on learning English 20 years ago.	
JLPT-한끝-N2-0603	隙	すき	틈	目の前で繰り広げられるやり取りは、俺が入り込む隙なんて一ミリもない。	눈앞에서 벌어지는 대화는 내가 파고드는 틈 따위는 한 치의 빈틈도 없다.	The exchange unfolding in front of my eyes had not a single millimetre of a gap for me to slip in.	
JLPT-한끝-N2-0604	スキー場	スキーじょう	스키장	私たちはスキー場で偶然に出会いました。	우리는 스키장에서 우연히 만났어요.	Chance has thrown us together at a skiing resort.	
JLPT-한끝-N2-0605	救う	すくう	구하다	神が御子を世に遣わされたのは、世を裁くためでなく、御子によって、世が救われるためである。	신이 자녀를 세상에 내려보낸 것은 세상을 구제하기 위해서가 아니라 자녀에 의해서 세상이 구원되기 때문이다.	For God so loved the world that he gave his only begotten Son, but to save the world through him. [Bible]	
JLPT-한끝-N2-0606	優れる	すぐれる	뛰어나다	私が知る限り、彼は町で最もすぐれた医者の一人だ。	내가 아는 한, 그는 마을에서 가장 뛰어난 의사 중 한 명이다.	As far as I know, he is one of the best doctors in town.	
JLPT-한끝-N2-0607	スケジュール	スケジュール	스케줄	ミーティングやスケジュールなどの詳細については、直接、私にお問い合わせ下さい。	미팅이나 일정 등의 자세한 내용은 직접 저에게 문의해 주시기 바랍니다.	Please feel free to contact me for details about the meeting or the schedule.	
JLPT-한끝-N2-0608	涼しい	すずしい	시원하다	でも典型的なサバンナ気候の国で、涼しい気温に恵まれているのです。	하지만 전형적인 사바나 기후 나라에서 서늘한 기온을 받고 있는 것입니다.	But it's a typical savanna country, and we enjoy cooler temperatures.	
JLPT-한끝-N2-0609	スタート	スタート	시작	スタートを切ってしまった以上、私達はこの仕事を最後までやり通さねばならない。	시작을 다 한 이상 우리는 이 일을 끝까지 해내야 한다.	Now that we've got off the mark, we must get through this work.	
JLPT-한끝-N2-0610	すっきり	すっきり	산뜻함	まさかオレがごねずにすっきり起きると思っていなかったに違いない。	설마 내가 이러지도 저러지도 못하고 속 시원하게 일어날 줄 몰랐던 게 틀림없어.	Certainly she wouldn't have dreamt that I would get up promptly without grumbling.	
JLPT-한끝-N2-0611	すなわち	すなわち	즉	クレジットとは銀行によって自由に使えることが許されている金額、すなわち信用供与、ローンです。	신용이란 은행에 의해 자유롭게 사용할 수 있는 것이 허용되는 금액, 즉 신용공여, 대출입니다.	Credit is the amount or sum placed at a person's disposal by a bank; a loan of money.	
JLPT-한끝-N2-0612	スピード	スピード	속도	彼は彼女に車のスピードの出し過ぎに対して警告をした。	그는 그녀에게 차의 과속을 경고했다.	He gave her a warning against driving too fast.	
JLPT-한끝-N2-0613	スペース	スペース	공간	その新しい機械を置いたら、スペースが随分なくなるだろう。	그 새로운 기계를 두면 공간이 많이 없어질 것이다.	The new machine will take a lot of room.	
JLPT-한끝-N2-0614	済ます	すます	마치다	私はただの１日でさえ、この辞書なしで済ますことは出来ない。	나는 단 하루도 이 사전 없이 끝낼 수 없어.	I cannot do without this dictionary even for a single day.	
JLPT-한끝-N2-0615	すまない	すまない	미안하다	ジョー、すまないが、君の電話を借りてもいいかい。	조, 미안하지만 네 전화를 빌려도 될까?	Excuse me, Joe, can I use your phone?	
JLPT-한끝-N2-0616	隅	すみ	구석	その人形は、ほこりをかぶって、部屋の隅に立っていた。	그 인형은 먼지를 뒤집어쓰고 방 구석에 서 있었다.	Covered with dust, the doll stood in the corner of the room.	
JLPT-한끝-N2-0617	スムーズ	スムーズ	원활함	課長が我々に対して、あれこれとうるさく言うのを止めた途端に、何もかもがスムーズに行き始めた。	과장이 우리에 대해 이것저것 시끄럽게 말하는 것을 막자마자 모든 것이 원활하게 돌아가기 시작했다.	As soon as our manager got off our backs, everything started to go off without a hitch.	
JLPT-한끝-N2-0618	スムーズに	スムーズに	원활하게	課長が我々に対して、あれこれとうるさく言うのを止めた途端に、何もかもがスムーズに行き始めた。	과장이 우리에 대해 이것저것 시끄럽게 말하는 것을 막자마자 모든 것이 원활하게 돌아가기 시작했다.	As soon as our manager got off our backs, everything started to go off without a hitch.	
JLPT-한끝-N2-0619	ずるい	ずるい	교활하다	狐は他のどんな動物よりもずるいということだ。	여우는 다른 어떤 동물보다도 교활하다는 것이다.	It is said that the fox is more cunning than any other animal.	
JLPT-한끝-N2-0620	鋭い	するどい	날카롭다	鋭い舌は絶えず用いることによって、ますます鋭利になる片刃の道具である。	날카로운 혀는 끊임없이 사용함으로써 점점 예리해지는 편날의 도구이다.	A sharp tongue is the only edged tool that grows keener with constant use.	
JLPT-한끝-N2-0621	座る	すわる	앉다	英語の授業では、時々輪になって座り、読んでいる本について話し合いをすることもあります。	영어 수업에서는 종종 빙 둘러 앉아 읽고 있는 책에 대해 이야기를 나누기도 합니다.	In the English class sometimes we sit in a circle to talk about a book we are reading.	
JLPT-한끝-N2-0622	精一杯	せいいっぱい	힘껏, 있는 힘을 다해	彼の質問に対して、私は英語で精一杯の答えをした。	그의 질문에 나는 영어로 한껏 대답했다.	I did the best answer in English toward his question.	
JLPT-한끝-N2-0623	声援	せいえん	성원	ルチアーノは大声援を背負って戦えるかもしれないが、彼はまだヒヨコに過ぎない。	루치아노는 성원을 짊어지고 싸울 수 있을지 모르지만 그는 아직 병아리일 뿐이다.	Luciano might have the crowd behind him, but he's still wet behind the ears.	
JLPT-한끝-N2-0624	性格	せいかく	성격	彼の性格については保証します。よく彼のことをしっていますから。	그의 성격에 대해서는 보장합니다, 자주 그를 놀리고 있으니까요.	I'll answer for his character I know him very well.	
JLPT-한끝-N2-0625	生活	せいかつ	생활	人間や動物の生活も、この大気という環境への対応の仕方によって左右される。	인간과 동물의 생활도 이 대기라는 환경에 대한 대응 방식에 따라 좌우된다.	Human and animal life are influenced by their reactions to the atmospheric environment.	
JLPT-한끝-N2-0626	清潔	せいけつ	청결함	しかし、エヴァンス一家は清潔だし、食べ物も十分ありました。	하지만 에반스 가족은 깨끗하고 먹을 것도 충분히 있었어요.	But the Evans were clean and they had enough to eat.	
JLPT-한끝-N2-0627	成功	せいこう	성공	彼は自分の成功を、良い教育を受けたことによると考えた。	그는 자신의 성공을 좋은 교육을 받은 데 따른 것으로 생각했다.	He referred his success to the good teaching he had had.	
JLPT-한끝-N2-0628	成功率	せいこうりつ	성공률	治療の成功率は高いものの、危険がまったくないわけではない。	치료 성공률은 높지만 위험이 전혀 없는 것은 아니다.		
JLPT-한끝-N2-0629	精算	せいさん	정산	彼は精算をしてホテルを出た。	그는 정산을 하고 호텔을 나왔다.	He checked out of the hotel.	
JLPT-한끝-N2-0630	政治	せいじ	정치	ここで現在行われているオゾン層の将来についての論議は、ほとんどが利益追求と政治中心のものです。	여기서 현재 진행되고 있는 오존층의 미래에 대한 논의는 대부분 이익 추구와 정치 중심의 것입니다.	This debate about the future of the ozone layer has been mostly about profits and politics.	
JLPT-한끝-N2-0631	政治色	せいじしょく	정치색	教育問題を政治色の強い議論に持ち込むべきではない。	교육 문제를 정치색이 강한 논쟁으로 끌고 가서는 안 된다.		
JLPT-한끝-N2-0632	せいぜい	せいぜい	기껏해야	彼らがとった手段は、せいぜい問題の一時的な解決しかもたらさなかった。	그들이 취한 수단은 기껏해야 문제의 일시적인 해결밖에 초래하지 못했다.	The step they took provided at best a temporary solution to the problem.	
JLPT-한끝-N2-0633	成績	せいせき	성적	君の最終成績について言えば、最終試験次第である。	너의 최종 성적에 대해 말하자면, 최종 시험하기 나름이다.	When talking about your last results, it is dependent on the last examination.	
JLPT-한끝-N2-0634	製造	せいぞう	제조	自動車製造は人間の労働者に代わって、コンピューターが組み込まれたロボットによって行われている。	자동차 제조는 인간 노동자를 대신해 컴퓨터가 내장된 로봇에 의해 이루어지고 있다.	Car manufacturing is carried out by computer-programmed robots in place of human workers.	
JLPT-한끝-N2-0635	ぜいたく	ぜいたく	사치스러움	アメリカ人が貿易赤字を累積したのは、限度を超えたぜいたくをしたからですよ。	미국인이 무역적자를 누적한 것은 한도를 넘은 사치였기 때문이에요.	Americans accumulated their trade deficits by living far beyond their means.	
JLPT-한끝-N2-0636	成長	せいちょう	성장	フランクは悪い少年という評判だったが、成長するにつれてその汚名をそそいだ。	프랭크는 나쁜 소년이라는 평판이었지만, 성장하면서 그 오명을 벗었다.	Frank had a reputation as a bad boy but he lived it down as he grew up.	
JLPT-한끝-N2-0637	生徒	せいと	학생 (주로 초·중·고생)	ここの生徒の全員がスポーツ好きというわけではない。	이곳 학생들 모두가 스포츠를 좋아하는 것은 아니다.	It's not that every student likes sports.	
JLPT-한끝-N2-0638	政党	せいとう	정당	注目すべき重要な点は、両方の政党がこの問題に対しては似たような解決策を提示したことである。	주목할 만한 중요한 점은 두 정당이 이 문제에 대해서는 비슷한 해결책을 제시했다는 점이다.	The important point to note is both parties offered similar solutions to this problem.	
JLPT-한끝-N2-0639	製品	せいひん	제품	ご注文を受け取り次第、製品を貴社にお送りします。	주문을 받는 대로 제품을 귀사로 보내겠습니다.	We will ship the product immediately after receiving your order.	
JLPT-한끝-N2-0640	成分	せいぶん	성분	その液から溶剤を揮発させる。残るのは、香り成分と植物ワックスの塊。	그 액에서 용제를 휘발시킨다. 남는 것은 향기 성분과 식물 왁스 덩어리.	Vaporise the solvent from the liquid.  What's left is the perfume component and a lump of vegetable wax.	
JLPT-한끝-N2-0641	責任	せきにん	책임	君だけでなく、私もそのことについてには責任がある。	너뿐만 아니라 나도 그 일에 대해서는 책임이 있어.	Not only you but I am responsible for it.	
JLPT-한끝-N2-0642	世間	せけん	세간, 세상	世間知らずのその男は、恥ずかしさで顔を赤らめた。	철부지 그 남자는 부끄러움으로 얼굴을 붉혔다.	The naive man blushed with shame.	
JLPT-한끝-N2-0643	せっかく	せっかく	모처럼	せっかく君にそれがやれるなら、やってほしいんだが。	기왕 네가 그걸 할 수 있다면 했으면 좋겠는데.	If you could do it at all, I'd like you to do it.	
JLPT-한끝-N2-0644	積極的	せっきょくてき	적극적	彼女は仕事に対してとても積極的な態度を示している。	그녀는 일에 대해 매우 적극적인 태도를 보이고 있다.	She shows a very positive attitude to her work.	
JLPT-한끝-N2-0645	接する	せっする	접하다	ボブにはやさしく接してあげてくれよ。ほら、彼は最近辛いこと続きなのだ。	밥()한테는 잘 대해줘. 봐, 그는 요즘 힘든 일이 계속인 거야.	Go easy on Bob. You know, he's been going though a rough period recently.	
JLPT-한끝-N2-0646	設備	せつび	설비	経済の先行きが明るくなっているので、日本の大企業が今年予定している設備投資は上方修正された。	경제 전망이 밝아지고 있어 일본 대기업들이 올해 예정하고 있는 설비투자는 상향 조정됐다.	Capital investments planned by major Japanese businesses for this year have been revised upward in view of an improving economic outlook.	
JLPT-한끝-N2-0647	節約	せつやく	절약	長い目で見ると、私達はこの機械を買うことによって、沢山のお金を節約できます。	긴 안목으로 보면 우리는 이 기계를 구입함으로써 많은 돈을 절약할 수 있습니다.	In the long run we can save much money by buying this machine.	
JLPT-한끝-N2-0648	背中	せなか	등	あなたが私の背中をかいてくれれば、私もあなたの背中をかきます。	당신이 내 등을 닦아준다면 나도 당신의 등을 쓸 것입니다.	You scratch my back and I'll scratch yours.	
JLPT-한끝-N2-0649	狭い	せまい	좁다	企業は、競合他社を業界内の狭い範囲で捉えて、本当のライバルを明確に理解してない場合が数多くあります。	기업은 경쟁사를 업계 내 좁은 범위에서 파악하고 진정한 라이벌을 명확히 이해하지 못하는 경우가 많이 있습니다.	Businesses perceive as competitors a narrow range of the business world; there are many cases where they don't understand their real rivals.	
JLPT-한끝-N2-0650	迫る	せまる	다가오다	間近に迫った景気回復は、急速で力強いものだろう。	가까이 다가온 경기 회복은 빠르고 강력할 것이다.	Business recovery, which looks just around the corner, will be rapid and strong.	
JLPT-한끝-N2-0651	せめて	せめて	적어도	君は全部のドアを施錠するか、せめて閉じるべきだった。	너는 모든 문을 잠그거나 최소한 닫았어야 했어.	You should have locked, or at least closed, all the doors.	
JLPT-한끝-N2-0652	責める	せめる	탓하다, 꾸짖다	一方では君は間違っている。かといって、私はそのことであなたを責めることはできない。	한편으로 보면 네가 틀렸지만, 그렇다고 그 일로 너를 탓할 수는 없다.	On the one hand, you are wrong, but on the other hand, I can't blame you for that.	
JLPT-한끝-N2-0653	前社長	ぜんしゃちょう	전 사장	前社長の方針を引き継ぎつつ、新たな事業にも取り組むことになった。	전 사장의 방침을 이어가면서 새로운 사업에도 임하게 됐다.		
JLPT-한끝-N2-0654	戦争	せんそう	전쟁	アメリカ人が事件に対して影響力をもっと持っていなかったならば、戦争はたぶん避けられたかも知れない。	미국인이 사건에 대해 영향력을 더 갖지 않았다면 전쟁은 어쩌면 피할 수 있었을지도 모른다.	If the Americans had had less influence on affairs, war might well have been avoided.	
JLPT-한끝-N2-0655	選択	せんたく	선택	目標は授業設計をするときの、学生の思考を触発するメディア教材の選択および活用方法について理解することである。	목표는 수업 설계를 할 때 학생의 사고를 촉발하는 미디어 교재의 선택 및 활용 방법에 대해 이해하는 것이다.	Our aim is that when planning classes we should know how to select stimulating material for the students and how to put it into use.	
JLPT-한끝-N2-0656	前町長	ぜんちょうちょう	전 마을 대표	前町長が進めた計画について、住民から見直しを求める声が上がった。	전 이장이 진행한 계획에 대해 주민들로부터 재검토를 요구하는 목소리가 나왔다.		
JLPT-한끝-N2-0657	専念	せんねん	전념	私が言葉遣いの上達に専念していたとき、一冊の英文法書と出会った。	내가 말하기 향상에 전념하고 있을 때 한 권의 영문법 서적과 마주쳤다.	While I was intent on improving my language, I met with an English grammar book.	
JLPT-한끝-N2-0658	全般	ぜんぱん	전반, 전체	アメリカにいる間、いろいろ大変なことがありましたが、全般に楽しかったです。	미국에 있는 동안 여러 가지 힘든 일이 있었지만 전반적으로 즐거웠습니다.	I had many problems during my visit to the U.S., but overall, I had a good time.	
JLPT-한끝-N2-0659	線路沿い	せんろぞい	기찻길 옆	線路沿いの住宅では、騒音対策を求める声が高まっている。	철길 옆 주택가에서는 소음 대책을 요구하는 목소리가 커지고 있다.		
JLPT-한끝-N2-0660	相違	そうい	다름	両者の間には、あったとしても、相違はごくわずかである。	둘 사이에는 있었다 해도 차이는 아주 미미하다.	There is little, if any, difference between the two.	
JLPT-한끝-N2-0661	そういえば	そういえば	그러고 보니	そういえば、前ここで働いていたあの人、どうなったの。	그러고 보니 전에 여기서 일하던 그 사람, 어떻게 됐어?	Now that you mention it, what happened to that man who used to work here?	
JLPT-한끝-N2-0662	総売上	そううりあげ	총매출	今年の総売上は前年を上回ったものの、利益は減少した。	올해 총매출은 전년을 웃돌았지만 이익은 감소했다.		
JLPT-한끝-N2-0663	総額	そうがく	총액	ＧＮＰは一定期間に国によって生産されたすべての商品とサービスの市場価値の総額として計算される。	GNP는 일정 기간 동안 국가에 의해 생산된 모든 상품과 서비스의 시장가치의 총액으로 계산된다.	GNP is measured as the total market value of all the goods and service produced by a nation during a specified period.	
JLPT-한끝-N2-0664	相互	そうご	상호	両国間の文化交流が進むにしたがって、相互理解も一段と深まっていった。	양국 간의 문화 교류가 진행됨에 따라 상호 이해도 한층 깊어졌다.	As cultural exchange continued between the two countries their mutual understanding became even deeper.	
JLPT-한끝-N2-0665	操作	そうさ	조작	３．電話をかけても、アナウンス等に従って操作したりせず、すぐに切ること。	3. 전화를 걸어도 방송 등에 따라 조작하거나 하지 말고 즉시 끊는다.	3. If you do phone then hang up immediately, without following any instructions given.	
JLPT-한끝-N2-0666	送信元	そうしんもと	발신지	不審なメールを受け取った場合は、まず送信元を確認してください。	수상한 메일을 받은 경우 먼저 송신처를 확인하십시오.		
JLPT-한끝-N2-0667	総人口	そうじんこう	총인구	日本の総人口を知っていますか。	일본의 총인구를 알고 있습니까?	Do you know the total population of Japan?	
JLPT-한끝-N2-0668	想像	そうぞう	상상	食物を取るのにこれ以上効果的なやり方は想像できないほどなのである。	음식을 섭취하는 데 이보다 더 효과적인 방법은 상상할 수 없을 정도다.	It is hard to imagine a more efficient way of catching food.	
JLPT-한끝-N2-0669	騒々しい	そうぞうしい	시끄럽다	今日世界中の人々は、田舎の小さな村から出て騒々しい大都会へ移動しつつある。	오늘날 전 세계 사람들은 시골의 작은 마을에서 벗어나 시끄러운 대도시로 이동하고 있다.	Today, people all over the world are moving out of small villages in the country to go and live in big, noisy cities.	
JLPT-한끝-N2-0670	装置	そうち	장치	車の速度を落とす装置（ハンプや狭さく）について、意見があったら書いてください。	자동차의 속도를 줄이는 장치(횡단이나 좁힘)에 대해 의견이 있으면 적어주세요.	If you have any opinions concerning traffic calming devices (humps, curb extensions, etc.) please write them.	
JLPT-한끝-N2-0671	相当	そうとう	상당히	アメリカへの旅は彼女にとって２年間の給与に相当した。	미국 여행은 그녀에게 2년간의 급여에 해당했다.	A trip to America was equivalent to a two-year salary for her.	
JLPT-한끝-N2-0672	即座に	そくざに	즉각	たとえ私たちが即座に使用をやめても、南極のオゾンホールが元に戻るのにはさらに後６０年かかります。	설령 우리가 즉각적으로 사용을 그만두더라도 남극의 오존 구멍이 원래대로 돌아가는 데는 앞으로 60년이 더 걸립니다.	Even if we do this, it will be another sixty years before the Antarctic ozone hole is repaired.	
JLPT-한끝-N2-0673	続出	ぞくしゅつ	속출	新しい制度の導入後、手続きに関する問い合わせが続出した。	새로운 제도 도입 이후 절차에 대한 문의가 속출했다.		
JLPT-한끝-N2-0674	属する	ぞくする	속하다	人間にとっては自然に属するものや野性の動物よりも人間のほうが危険な相手なのである。	인간에게는 자연에 속하는 것이나 야생의 동물보다 인간이 더 위험한 상대인 것이다.	Man is a more dangerous foe to man than the elements of nature or animals in the wild.	
JLPT-한끝-N2-0675	続々と	ぞくぞくと	잇달아	劇場から続々と人が出てきた。	극장에서 줄줄이 사람들이 나왔다.	A stream of people came out of the theater.	
JLPT-한끝-N2-0676	底	そこ	바닥	あんな底の厚いサンダル履いてたら、転んで捻挫しちゃうぞ。	저런 밑창 두꺼운 샌들 신고 있으면 넘어져서 삐져나올거야.	You're going to fall and sprain your ankle wearing sandals with such huge platforms.	
JLPT-한끝-N2-0677	素材	そざい	소재	私達はあらゆる素材を活用して、この書類を書き上げた。	우리는 온갖 소재를 활용해 이 서류를 작성했다.	We put all the resources to use in writing up this paper.	
JLPT-한끝-N2-0678	組織	そしき	조직	党幹部らは、党組織の欠陥問題に取り組んでいます。	당 간부들은 당 조직의 결함 문제를 다루고 있습니다.	Party leaders are grappling with flaws in the party system.	
JLPT-한끝-N2-0679	そそっかしい	そそっかしい	경솔하다	バスに傘を忘れるとは彼女はそそっかしい。	버스에 우산을 두고 온다고 하니 그녀는 의아하다.	It was careless of her to leave her umbrella in the bus.	
JLPT-한끝-N2-0680	卒業	そつぎょう	졸업	私の兄は、大学を卒業した後、さらに研究を進めるために合衆国に行った。	내 형은 대학을 졸업한 후 연구를 더 진행하기 위해 합중국에 갔다.	After graduating from college my brother went to the United States for the purpose of doing further research.	
JLPT-한끝-N2-0681	そっくり	そっくり	꼭 닮음	映画、ジュラシックパークの恐竜は本物そっくりだ。	영화 쥬라기공원의 공룡은 진짜와 똑같다.	"The dinosaurs in the film ""Jurassic Park"" were true to life."	
JLPT-한끝-N2-0682	率直	そっちょく	솔직함	先生は私が東大に入る可能性について非常に率直だった。	선생님은 내가 도쿄대에 들어갈 가능성에 대해 매우 솔직했다.	The teacher was quite candid about my chances of entering Tokyo University.	
JLPT-한끝-N2-0683	備える	そなえる	준비하다, 대비하다	人間も極度に寒い温度に対しては、防御装置を備えている。	인간도 극도로 추운 온도에 대해서는 방어 장치를 갖추고 있다.	Man, too, has been given protective devices against extreme temperatures.	
JLPT-한끝-N2-0684	それとも	それとも	그렇지 않으면	人は生まれながら賢かったり愚かだったりするのか、それとも知性は生き方の結果なのか。	사람은 태어나면서부터 똑똑하거나 어리석거나 하는가, 아니면 지성은 삶의 결과인가.	Are people born intelligent or stupid, or is intelligence the result of how you live?	
JLPT-한끝-N2-0685	揃う	そろう	갖추어지다	証拠は揃った。アリバイがないことを合わせて考えると、彼が犯人に違いない。	증거는 갖춰졌다 알리바이가 없다는 것을 아울러 생각하면, 그가 범인임에 틀림없다.	The evidence is laid out before us. Considering that, together with the fact that he has no alibi, there's no question that he's the guilty one.	
JLPT-한끝-N2-0686	揃える	そろえる	맞추다, 정돈하다	そんな早く歩かないでください。あなたと歩調をそろえることはできません。	그렇게 빨리 걷지 마세요, 당신과 보조를 맞출 수는 없어요.	Please don't walk so fast, I can't keep pace with you.	
JLPT-한끝-N2-0687	損	そん	손해	安いと思って買ったのに、腐っていたのでかえって損をした。	싸다고 생각해서 샀는데 상해서 오히려 손해를 봤다.	I bought it thinking it cheap, but it was rotten so I ended up losing out.	
JLPT-한끝-N2-0688	損害	そんがい	손해	一方で我々は大損害を被ったが、他方その経験から学んだものも大きかった。	한편으로 우리는 큰 손해를 입었지만, 다른 한편으로 그 경험에서 배운 것도 컸다.	On the one hand we suffered a heavy loss, but on the other hand we learned a great deal from the experience.	
JLPT-한끝-N2-0689	尊敬	そんけい	존경	彼は欠点があるにもかかわらず、だれからも尊敬されている。	그는 결점이 있음에도 불구하고 누구로부터 존경을 받고 있다.	With all his faults, he is respected by everybody.	
JLPT-한끝-N2-0690	存在	そんざい	존재	分子Ｄの運動の観察に基づき、可能な出口が３つ存在するようシステムに変更を加える。	분자 D의 운동 관찰을 기반으로 가능한 출구가 3개 존재하도록 시스템에 변화를 가한다.	Based on my observation of the movement of particle D, I modify the system so that there exist three possible exits.	
JLPT-한끝-N2-0691	尊重	そんちょう	존중	２人は完全に理解し合い、お互いの長所を尊重していた。	두 사람은 완전히 이해하고 서로의 장점을 존중하고 있었다.	The two men understood one another perfectly, and had a mutual respect for each other's strong qualities.	
JLPT-한끝-N2-0692	損得	そんとく	손익	損得なしにしよう。	이득 보지말자.	Let's make it a fair trade.	
JLPT-한끝-N2-0693	退院	たいいん	퇴원	でも次の日、医者はトムに新年のお祝いには間に合うように退院できる可能性は十分あると言って、元気づけた。	하지만 다음날 의사는 톰에게 새해 축하에는 늦지 않게 퇴원할 가능성이 충분하다며 기운을 북돋았다.	The following day, however, the doctor consoled him by telling him that his chances of being able to leave hospital in time for New Year celebrations were good.	
JLPT-한끝-N2-0694	体格	たいかく	체격	骨格たくましい体格なので彼は柔道家でとおっている。	골격 깡충한 체격이라 그는 유도선수라 칭하고 있다.	With his muscular constitution he passes for a judoist.	
JLPT-한끝-N2-0695	退屈	たいくつ	지루함	幾何学について私は何も知らないが、とても退屈な学科らしい。	기하학에 대해 나는 아무것도 모르지만, 매우 지루한 학과라고 해.	Geometry, about which I know nothing, seems a very dull subject.	
JLPT-한끝-N2-0696	大した	たいした	대단한	たいしたことではないのに必要以上に物々しい言い方です。	별거 아닌데도 필요 이상으로 까칠한 말투입니다.	Despite being no big deal it's unnecessarily pompous.	
JLPT-한끝-N2-0697	大臣	だいじん	장관	元総理大臣の鈴木氏が、委員会の議長になるだろう。	스즈키 전 총리인 스즈키 씨가 위원회의 의장이 될 것이다.	Mr Suzuki, who is a former Prime Minister, will be chairman of the committee.	
JLPT-한끝-N2-0698	代表	だいひょう	대표	代表の人間が彼らの部署の誰であろうと、大切に扱え。	대표인 인간이 그들 부서의 누구든 소중히 여겨라.	Whoever the representative is from their division, treat him well.	
JLPT-한끝-N2-0699	タイミング	タイミング	타이밍	その論文は教授の誕生日とタイミングが合うように出版された。	그 논문은 교수님의 생일과 타이밍이 맞도록 출판되었다.	Publication of the article was timed to coincide with the professor's birthday.	
JLPT-한끝-N2-0700	対立	たいりつ	대립	そのヤクザ達は対立するヤクザの親分を暗殺する計画の仲間に彼を入れた。	그 깡패들은 대립하는 깡패들을 암살할 계획의 동료로 그를 넣었다.	The gangsters let him in on their plan to knock off a rival gang leader.	
JLPT-한끝-N2-0701	倒す	たおす	쓰러뜨리다	シート横にあるノブを前に動かし、シートを倒します。	시트 옆에 있는 손잡이를 앞으로 움직여 시트를 젖힙니다.	Move the knob at the side of the seat forwards, collapse the seat.	
JLPT-한끝-N2-0702	互い	たがい	서로	彼らは、貴社とお互いに利益となる事柄について話し合うことを望んでいます。	그들은 귀사와 서로 이익이 되는 사항에 대해 논의하기를 원합니다.	They want to talk to you about areas of mutual interest.	
JLPT-한끝-N2-0703	炊く	たく	밥을 짓다	貴社との間の財政上の問題を解決するために貴社のご助力を仰ぎたく、お願いをする次第です。	귀사와의 재정적 문제를 해결하기 위해 귀사의 도움을 받고자 부탁을 드리는 바입니다.	We would like to ask your help in clearing up our financial problems with your company.	
JLPT-한끝-N2-0704	たくましい	たくましい	늠름하다	骨格たくましい体格なので彼は柔道家でとおっている。	골격 깡충한 체격이라 그는 유도선수라 칭하고 있다.	With his muscular constitution he passes for a judoist.	
JLPT-한끝-N2-0705	蓄える	たくわえる	저장하다	彼女は引退に備えて、毎月いくらかずつお金を貯えていた。	그녀는 은퇴를 대비해 매달 얼마씩 돈을 모으고 있었다.	She put some money away every month for her retirement.	
JLPT-한끝-N2-0706	多彩	たさい	다채로움	メニューにはいろいろ多彩な料理があった。	메뉴에는 여러 가지 다채로운 요리가 있었다.	There was a great variety of dishes on the menu.	
JLPT-한끝-N2-0707	確か	たしか	아마	新聞が天候について伝えていることは確かに適中している。	신문이 날씨를 전하고 있는 것은 확실히 적중하고 있다.	What the newspaper said about the weather has certainly come true.	
JLPT-한끝-N2-0708	ただし	ただし	다만	ただし、安全日だからって、中出ししても妊娠しないというわけではないらしいです。	다만 안전일이라고 해서 내놓고도 임신을 안 한다는 건 아닌 것 같습니다.	However, it seems that just because it's a 'low risk day' doesn't mean that you won't get pregnant from intravaginal ejaculation.	
JLPT-한끝-N2-0709	直ちに	ただちに	즉시	その数百年後に、フォークが西洋のテーブルに現れることになるが、ただちに受け入れられたわけではなかった。	그 수백 년 후에 포크가 서양의 테이블에 나타나게 되는데, 곧바로 받아들여진 것은 아니었다.	The fork made its way to Western tables several hundred years later, but it was not immediately accepted.	
JLPT-한끝-N2-0710	ただの	ただの	단순한	ただの本なら、宇宙警察がでしゃばりはしないわ、問題はこれがオーバーテクノロジーの塊だってこと。 [F]	그냥 책이라면 우주 경찰이 가만히 있지 않을 거야, 문제는 이게 오버 테크놀로지 덩어리라는 거야. [F]	If it was just a book the Space Police wouldn't be sticking their noses is.  The problem is that it's a bundle of super technology.	
JLPT-한끝-N2-0711	畳	たたみ	다다미	このわらのマット（日本語で畳）は、もはや手で作られない。	이 짚 매트는 더 이상 손으로 만들어지지 않는다.	"These straw mats (""tatami"") are no longer made by hand."	
JLPT-한끝-N2-0712	畳む	たたむ	개다	彼はタオルをきれいにたたみ、それを物入れに仕舞った。	그는 수건을 깨끗이 접고 그것을 물건 들여놓았다.	She folded up the towels and put them away in the cupboard.	
JLPT-한끝-N2-0713	達する	たっする	도달하다	その新しい企画について３時間話し合って、私たちはアンドリューの計画が一番だという結論に達した。	그 새로운 기획에 대해 3시간 동안 논의했고, 우리는 앤드루의 계획이 최고라는 결론에 도달했다.	Having discussed the new project for three hours, we conclude that Andrew's plan was the best.	
JLPT-한끝-N2-0714	たっぷり	たっぷり	듬뿍	駅からその学校まで、たっぷり５キロはありました。	역에서 그 학교까지 넉넉히 5킬로미터는 있었어요.	It was a good five kilometers from the station to the school.	
JLPT-한끝-N2-0715	たちまち	たちまち	금방	列車が脱線すると、たちまちパニック状態になった。	열차가 탈선하자 금세 패닉 상태가 되었다.	The train was derailed, and panic ensued.	
JLPT-한끝-N2-0716	妥当	だとう	타당	あのレストランなら、妥当な値段でいい料理が食べられますよ。	저 레스토랑이라면 합리적인 가격에 좋은 요리를 먹을 수 있어요.	You can get a good food for a modest sum at the restaurant.	
JLPT-한끝-N2-0717	谷	たに	계곡	谷には星をちりばめたように黄色い花が咲いている。	계곡에는 별을 수놓은 듯 노란 꽃이 피어 있다.	The valley was starred with yellow flowers.	
JLPT-한끝-N2-0718	他人	たにん	타인	他人にしてもらいたいと思うように、他人に対してしなさい。	다른 사람이 해주기를 바라는 것처럼 다른 사람에 대해 하세요.	Do to others as you would have others do to you.	
JLPT-한끝-N2-0719	頼みづらい	たのみづらい	부탁하기 어렵다	忙しそうな上司には休暇の相談を頼みづらいものだ。	바빠 보이는 상사에게는 휴가 상담을 부탁하기 어려운 법이다.		
JLPT-한끝-N2-0720	頼もしい	たのもしい	믿음직스럽다	彼は頼もしい男だ。	그는 믿음직한 남자다.	He is a man to be depended on.	
JLPT-한끝-N2-0721	束ねる	たばねる	묶다, 통솔하다	彼は、まきを束ねた。	그는 포대를 묶었다.	He made up a bundle of firewood.	
JLPT-한끝-N2-0722	たびたび	たびたび	자주	女房の尻にしかれている亭主は、幸せな独り者に話してはじめて、自分の問題を認識することがたびたびだ。	부잣집 규수만 있는 정자는 행복한 홀아비에게 말을 해야 자기 문제를 인식하는 경우가 종종 있다.	Many time a hen - pecked husband doesn't know his problems until he talks to a happy bachelor.	
JLPT-한끝-N2-0723	卵	たまご	달걀	これらの卵が全部新鮮というわけではない。	이 계란들이 모두 싱싱한 것은 아니다.	All these eggs are not fresh.	
JLPT-한끝-N2-0724	たまたま	たまたま	우연히	すると、たまたま少女のおばあちゃんが通りかかる。	그러자 마침 소녀 할머니가 지나가신다.	Along comes the grandmother and sees her grand-daughter.	
JLPT-한끝-N2-0725	保つ	たもつ	유지하다	天然染料の方が人工染料より、長い年月にわたって美しい色を保つ。	천연염료가 인공염료보다 오랜 세월에 걸쳐 아름다운 색을 유지한다.	Natural dyes keep a more beautiful color over the years than artificial dyes.	
JLPT-한끝-N2-0726	頼る	たよる	의지하다	彼は年金に頼ることなく、その仕事に応募することを決心した。	그는 연금에 의지하지 않고 그 일에 응모하기로 결심했다.	Instead of relying on a pension, he resolved to apply for the job.	
JLPT-한끝-N2-0727	〜だらけ	〜だらけ	~투성이	彼は金持ちではない。それどころか、彼は借金だらけだ。	그는 부자가 아니다 그건 그렇고, 그는 빚투성이야.	He is not rich.  On the contrary, he is deep in debt.	
JLPT-한끝-N2-0728	だらしない	だらしない	칠칠치 못하다	だらしない女性は、かんたんに男から男へと移ってゆく。	칠칠치 못한 여자는 쉽게 남자에게서 남자로 옮겨간다.	It is duck soup for a girl of easy virtue to find a new man.	
JLPT-한끝-N2-0729	単純	たんじゅん	단순함	ちょっと待ってよ、そんなに単純に、終わりよければ総て良し、ってわけにはいかないよ。	잠깐만, 그렇게 단순하게, 끝이면 다 좋은 거라고 할 수는 없어.	Wait a second. Do you just think that all's well that ends well? That's not the way it is.	
JLPT-한끝-N2-0730	団体	だんたい	단체	女性の権利を主張する団体はセクハラ問題を追求しています。	여성의 권리를 주장하는 단체들은 성희롱 문제를 추구하고 있습니다.	Women's rights groups are going after sexual harassment.	
JLPT-한끝-N2-0731	担当者	たんとうしゃ	담당자	合併その他の交渉のために同社は２５人の担当者を加えた。	합병 기타 협상을 위해 이 회사는 25명의 담당자를 추가했다.	The firm has added 25 new associates to work on mergers and other deals.	
JLPT-한끝-N2-0732	単なる	たんなる	단순한	しかしこの期待は第二次世界大戦が始まったとき、単なる楽観主義の表明に過ぎなかったことが明らかとなった。	그러나 이 기대는 제2차 세계대전이 시작될 때 단순한 낙관주의의 표명에 불과했던 것으로 드러났다.	That proved to be no more than an expression of optimism when World War II began.	
JLPT-한끝-N2-0733	チーム	チーム	팀	しかし、アメリカではふつう、スポーツチームは腕で選ばれ、学業のコースは学力によって選ばれます。	그러나 미국에서는 보통 스포츠 팀은 솜씨로 선발되고 학업 코스는 학력에 의해 선발됩니다.	However, in America, sports teams are generally chosen by skill, and academic courses by ability.	
JLPT-한끝-N2-0734	知恵	ちえ	지혜	私たちにとって彼の勇気は言うまでもなく、彼の知恵にも感嘆した。	우리에게 있어 그의 용기는 말할 것도 없고 그의 지혜에도 감탄했다.	We admired his wisdom, not to mention his courage.	
JLPT-한끝-N2-0735	地球	ちきゅう	지구	地球の生態系はある程度自己修正されるもので、その結果が他の変化によって隠されているという可能性もある。	지구의 생태계는 어느 정도 자기 수정되는 것이고, 그 결과가 다른 변화에 의해 가려져 있을 수도 있다.	The earth's ecosystem is to some extent self-correcting, so it is also possible that the effects are being masked by other changes.	
JLPT-한끝-N2-0736	遅刻	ちこく	지각	ビルは２０分も遅刻だ。どこかで道に迷ったに違いない。	빌딩은 20분이나 지각이야 어디선가 길을 잃은 게 틀림없어.	Bill is 20 minutes late. He must have gotten lost somewhere.	
JLPT-한끝-N2-0737	知識	ちしき	지식	他の文化について十分な知識を持っていなければ、色々な問題が容易に起こりうる。	다른 문화에 대해 충분한 지식을 가지고 있지 않으면 여러 가지 문제가 쉽게 일어날 수 있다.	If we do not have an essential knowledge of their cultures, various problems will occur too easily.	
JLPT-한끝-N2-0738	縮む	ちぢむ	줄어들다	この服は縮んで、おまけに色褪せてしまった。	이 옷은 헐거워졌고 게다가 빛이 바래버렸다.	This dress shrank, and what's more it faded.	
JLPT-한끝-N2-0739	縮める	ちぢめる	줄이다	すさんだ生活を送るのは、命を縮めるようなものだ。	허술한 생활을 하는 것은 생명을 단축시키는 것과 같다.	Living life in the fast lane is like burning the candle at both ends.	
JLPT-한끝-N2-0740	着々と	ちゃくちゃくと	착착	入試制度の改革、カリキュラムの改革は着々と進んでいるが、歩みは遅い。	입시제도 개혁, 교육과정 개혁은 착착 진행되고 있지만 행보는 느리다.	The reform of both entrance examination system and curriculum makes slow progress.	
JLPT-한끝-N2-0741	チャンス	チャン스	기회	これは、市場シェアを拡大するすばらしいチャンスです。	이것은 시장 점유율을 확대할 수 있는 훌륭한 기회입니다.	This is a great opportunity to increase our market share.	
JLPT-한끝-N2-0742	ちゃんと	ちゃんと	제대로	おばあちゃんは戸棚から飛び出し、赤ずきんちゃんとおばあさんは僕について例のひどい話をしたのだ。	할머니는 대청마루에서 뛰쳐나오셨고, 빨갱이 할머니와 할머니는 저에 대해 예스러운 끔찍한 이야기를 한 것이다.	Granny jumped out of the closet and the two of them told that terrible story about me.	
JLPT-한끝-N2-0743	中継	ちゅうけい	중계	テレビ中継された大阪での追跡劇の末、彼は逮捕された。	TV 중계된 오사카에서의 추적극 끝에 그는 체포되었다.	He was arrested by police after a TV chase in Osaka.	
JLPT-한끝-N2-0744	駐車	ちゅうしゃ	주차	そのビルのすぐ前に、何とか駐車できる場所を見つけた。	그 빌딩 바로 앞에 어떻게든 주차할 수 있는 곳을 찾았다.	I managed to find a parking place right in front of the building.	
JLPT-한끝-N2-0745	駐車場	ちゅうしゃじょう	주차장	市街地には駐車場がほとんどなく、深刻な問題になっている。	시가지에는 주차장이 거의 없어 심각한 문제가 되고 있다.	There are few places downtown for parking, which is a serious problem.	
JLPT-한끝-N2-0746	抽象的	ちゅうしょうてき	추상적	批評家はこれまでに述べた特徴づけはすべて非常に抽象的であると反論するかもしれない。	비평가는 지금까지 언급한 특징짓기가 모두 매우 추상적이라고 반박할지 모른다.	Critics may argue that all the foregoing characterizations are very abstract.	
JLPT-한끝-N2-0747	抽選	ちゅうせん	추첨	応募者が定員を超えた場合、参加者は抽選によって決められる。	응모자가 정원을 초과할 경우 참가자는 추첨을 통해 결정된다.		
JLPT-한끝-N2-0748	中断	ちゅうだん	중단	３０分ばかり中断して、コーヒーでもいただきましょう。	30분만 중단하고 커피라도 마시죠.	Let's break off for half an hour and have some coffee.	
JLPT-한끝-N2-0749	注目	ちゅうもく	주목	注目すべき重要な点は、両方の政党がこの問題に対しては似たような解決策を提示したことである。	주목할 만한 중요한 점은 두 정당이 이 문제에 대해서는 비슷한 해결책을 제시했다는 점이다.	The important point to note is both parties offered similar solutions to this problem.	
JLPT-한끝-N2-0750	〜兆	〜ちょう	~조	このような障害が完全に取り除かれるまで、極めてささいな、ちょう発でさえ争いが起こる可能性がいつもある。	이런 장애가 완전히 제거될 때까지 극히 사소한, 단발조차도 다툼이 일어날 가능성이 언제나 있다.	Until such difficulties are ironed out completely, there is always a chance of fighting breaking out at the slightest provocation.	
JLPT-한끝-N2-0751	超過	ちょうか	초과	申し訳ありませんが、重量超過料をお支払いください。	죄송합니다만, 중량 초과료를 지불해 주십시오.	I'm sorry, you have to pay for the extra weight.	
JLPT-한끝-N2-0752	調査	ちょうさ	조사	次の記述分析は１５００以上の厳密に管理されたアンケート調査によって得られたものである。	다음의 기술 분석은 1500개 이상의 엄밀하게 관리된 설문조사를 통해 얻어진 것이다.	The following descriptive analysis was derived from over 1500 closely-monitored questionnaires.	
JLPT-한끝-N2-0753	頂上	ちょうじょう	정상	天気が良ければ、明日はあの山の頂上に到達するだろう。	날씨가 좋으면 내일은 저 산 정상에 도달할 것이다.	Weather permitting, we are going to get to the top of the mountain tomorrow.	
JLPT-한끝-N2-0754	調節	ちょうせつ	조절	暖かい天候の時は、発汗作用が体温の調節をする上で役立つ。	따뜻한 날씨 때는 발한 작용이 체온 조절을 하는 데 도움이 된다.	During warm weather, sweating helps man regulate his body temperature.	
JLPT-한끝-N2-0755	頂点	ちょうてん	꼭대기, 정상	経済は今景気循環の頂点にある。	경제는 지금 경기순환의 정점에 있다.	The economy is at peak of a business cycle at present.	
JLPT-한끝-N2-0756	直接	ちょくせつ	직접	理論的側面については、ピーターソンの主要は我々の議論に直接関係がある。	이론적 측면에 대해서는 피터슨의 주요 내용은 우리의 논의와 직접 관련이 있다.	As for the theoretical side, Peterson's claim is pertinent to our discussion.	
JLPT-한끝-N2-0757	直前	ちょくぜん	직전	生徒たちは試験の直前になるまで本気になって勉強しない。	학생들은 시험 직전에야 진심이 되어 공부하지 않는다.	The students never really get with it till just before the exam.	
JLPT-한끝-N2-0758	著者	ちょしゃ	저자	ここにおいて、著者たちは方法論の中心的な問題に言及している。	여기서 저자들은 방법론의 중심적인 문제를 언급하고 있다.	Here the authors touch on the central methodological issue.	
JLPT-한끝-N2-0759	貯蔵	ちょぞう	저장	災害に備えて食料を長期間貯蔵するには、温度管理が欠かせない。	재난에 대비해 식량을 장기간 저장하려면 온도관리가 필수다.		
JLPT-한끝-N2-0760	散らかす	ちらかす	어지르다	シンガポールでは通りにゴミを散らかすと罰金を課せられる。	싱가포르에서는 거리에 쓰레기를 투기하면 벌금이 부과된다.	They fine you in Singapore if you throw trash in the streets.	
JLPT-한끝-N2-0761	散らかる	ちらかる	흩어지다	私の部屋は散らかっています。片づけなくてはなりません。	제 방은 어질러져 있어요, 치워야 해요.	My room is very untidy. I must put it in order.	
JLPT-한끝-N2-0762	治療	ちりょう	치료	彼女はその治療にもかかわらず少しも良くならなかった。	그녀는 그 치료에도 불구하고 조금도 나아지지 않았다.	She was none the better for the treatment.	
JLPT-한끝-N2-0763	追加	ついか	추가	この例文は、書き方のサンプルなので必要に応じて内容を追加削除をしてからお使いください。	이 예문은 쓰는 방법의 샘플이므로 필요에 따라 내용을 추가 삭제를 한 후 사용하시기 바랍니다.	This example text is a how-to-write sample, so please add to and delete from it as required before using.	
JLPT-한끝-N2-0764	ついている	ついている	행운이 따르다	ケンは、今ごろいえについているに違いない。	켄은 지금쯤 말투에 능한 게 틀림없어.	Ken must be home by now.	
JLPT-한끝-N2-0765	通行	つうこう	통행	ヨーロッパの大ていの国では、車は右側通行しなければならない。	유럽의 웬만한 나라에서는 자동차는 우측통행해야 한다.	In most of the countries in Europe, cars have to keep to the right.	
JLPT-한끝-N2-0766	通じない	つうじない	통하지 않다	私は英語では話が通じないのではないかと思います。	나는 영어로는 말이 통하지 않는 것이 아닐까 생각합니다.	I'm afraid I cannot make myself understood in English.	
JLPT-한끝-N2-0767	使い道	つかいみち	용도, 쓸모	我々はオーストラリアにいる間、お金の使い道を把握していた。	우리는 호주에 있는 동안 돈의 사용처를 파악하고 있었다.	We kept track of all our expenses while we were in Australia.	
JLPT-한끝-N2-0768	疲れ	つかれ	피로	私は疲れていたが、それにもかかわらず眠れなかった。	나는 피곤했지만 그럼에도 불구하고 잠이 오지 않았다.	I was very tired, but I was nevertheless unable to sleep.	
JLPT-한끝-N2-0769	疲れる	つかれる	피곤하다	私は疲れていたが、それにもかかわらず眠れなかった。	나는 피곤했지만 그럼에도 불구하고 잠이 오지 않았다.	I was very tired, but I was nevertheless unable to sleep.	
JLPT-한끝-N2-0770	次々と	つぎつぎと	잇달아	互いに助け合いながら、二人は次々と実験を試みた。	서로 도와주면서 두 사람은 차례대로 실험을 시도했다.	Both tried one experiment after another, helping each other.	
JLPT-한끝-N2-0771	尽きる	つきる	다하다, 끝나다	その時以来、彼は自分を虐待するものに対して尽きる事のない憎しみを感じるようになった。	그때 이후로 그는 자신을 학대하는 것에 대해 끝없는 증오를 느끼게 되었다.	From that moment on he felt undying hatred for his oppressors.	
JLPT-한끝-N2-0772	机	つくえ	책상	「あなたの本はどこですか」「それらは机の上です」	"""당신 책은 어디에 있습니까."" ""그것들은 책상 위에 있습니다"""	"""Where are your books?"" ""They are on the desk."""	
JLPT-한끝-N2-0773	伝える	つたえる	전하다	この（英語で）４語はたくさんの複雑な情報を伝えるばかりでなく、諺の持つ説得力もあるのである。	이 네 단어는 많은 복잡한 정보를 전달할 뿐만 아니라 속담들이 가진 설득력도 있는 것이다.	Those four words carried not only a lot of complex information, but also the persuasive force of a proverb.	
JLPT-한끝-N2-0774	続く	つづく	계속되다	今の傾向が続くと、今後３０年以内に６５歳以上の人が人口の４分の１を占めることになる。	지금의 추세가 이어진다면 앞으로 30년 안에 65세 이상 인구가 인구의 4분의 1을 차지하게 된다.	If these tendencies continue, those aged 65 or more will account for a quarter of the whole population within 30 years.	
JLPT-한끝-N2-0775	包む	つつむ	싸다, 포장하다	そのため、いつも清新な雰囲気に包まれますが、今回もその通りの充実した一日となりました。	그래서 항상 청신호에 휩싸이지만 이번에도 그런대로 알찬 하루가 되었습니다.	For that reason it's always held in a fresh atmosphere, and this time too it was a fulfilling day.	
JLPT-한끝-N2-0776	努める	つとめる	노력하다	しかし人々は政府に対して５年間の兵役を努めなければならなかった。	그러나 사람들은 정부를 위해 5년간 군 복무를 해야 했다.	But every man had to give five years of service to the government.	
JLPT-한끝-N2-0777	務める	つとめる	임무를 맡다	私は長年議長を務めてきたので、もうそろそろ引退しようかと思っている。	나는 오랫동안 의장을 맡아 왔기 때문에 이제 슬슬 은퇴할까 생각 중이야.	I've spent so many years as chairman that I feel it's time I stepped down.	
JLPT-한끝-N2-0778	常に	つねに	항상	辞書に書いてあることが、常に正しいとは限らない。	사전에 쓰여 있는 것이 항상 옳은 것은 아니다.	What a dictionary says is not always right.	
JLPT-한끝-N2-0779	つまずく	つまずく	넘어지다, 실패하다	足元に気をつけなさい。さもないと手荷物につまずくよ。	발밑 조심해 그렇지 않으면 수하물에 발이 걸려.	Watch your step, or else you will trip on the baggage.	
JLPT-한끝-N2-0780	詰まる	つまる	막히다	その祭りはつまらないどころではありませんでした。	그 축제는 재미없는 것은 아니었어요.	The festival was far from dull.	
JLPT-한끝-N2-0781	積む	つむ	쌓다, 싣다	それで雪を踏み固めてブロックを作り、それを積むような方法が適しているんですね。	그래서 눈을 부시게 해서 블록을 만들고 그걸 쌓는 그런 방법이 적합하군요.	And so the method that works is treading down the snow to harden it, making blocks and piling them up.	
JLPT-한끝-N2-0782	強火	つよび	센불	ふたをして始めは強火、沸騰したら中火にして約７分間煮ます。	뚜껑을 덮고 시작은 센 불, 끓으면 중불로 해서 약 7분간 끓입니다.	Put the lid on and start at high flame, when it boils set to medium flame and boil for about seven minutes.	
JLPT-한끝-N2-0783	強み	つよみ	강점	彼は立派な教育を受けたという強みがある。	그는 훌륭한 교육을 받았다는 강점이 있다.	He has the advantage of a good education.	
JLPT-한끝-N2-0784	辛い	つらい	괴롭다	意識不明の人は痛みを感じませんが、その家族や友人にとっては、長く、つらい経験になりうるでしょう。	의식이 없는 사람은 고통을 느끼지 않지만, 그 가족과 친구들에게는 길고 힘든 경험이 될 수 있을 것입니다.	The unconscious person feels no pain, but for the family and friends it can be a long and painful experience.	
JLPT-한끝-N2-0785	抵抗	ていこう	저항	顔に平手打ちされたけれども、私は抵抗しなかった。	얼굴에 손바닥을 맞았지만 나는 저항하지 않았다.	Slapped on the face, I didn't fight back.	
JLPT-한끝-N2-0786	低価格	ていかかく	저가	低価格だからといって、品質まで低いとは限らない。	저가라고 해서 품질까지 낮다고 할 수는 없다.		
JLPT-한끝-N2-0787	低カロリー	ていカロリー	저칼로리	低カロリーだからといって、いくら食べても太らないわけではない。	저칼로리라고 해서 아무리 먹어도 살이 찌지 않는 것은 아니다.		
JLPT-한끝-N2-0788	提供	ていきょう	제공	彼が手術するかどうかは、移植する臓器の提供次第だ。	그가 수술할지는 이식할 장기 기증에 달려 있다.	Whether he has the operation depends upon the availability of the organ.	
JLPT-한끝-N2-0789	訂正	ていせい	정정	この議事録に関して、訂正、追加がありましたらお願いします。	이 회의록에 정정하거나 추가할 사항이 있으면 알려 주십시오.	I welcome any corrections or additions to these minutes.	
JLPT-한끝-N2-0790	手軽	てがる	간단함	年来の経済病には手軽にきく万能薬などありません。	오래되어가는 경제병에는 간편하게 쓸 수 있는 만병통치약이 없습니다.	There is no easy cure-all for old economic ills.	
JLPT-한끝-N2-0791	適切	てきせつ	적절함	そのデザイン・ハウスにとって、コンピューター製造にさらに急進的な色彩を導入することは適切な戦略であった。	그 디자인하우스에게 컴퓨터 제조에 더욱 급진적인 색채를 도입하는 것은 적절한 전략이었다.	For this design house it was an appropriate strategy to introduce even more radical colors into computer production.	
JLPT-한끝-N2-0792	適度	てきど	적당함	しかし、実は適度なストレスは、身体の健康にとって必要なものとなっています。	그러나 사실 적당한 스트레스는 신체의 건강에 있어서 필요한 것이 되고 있습니다.	However a suitable level of stress is actually a necessary thing for your body's health.	
JLPT-한끝-N2-0793	テクニック	テクニック	기술	詐欺師は新たに人をだますまえに、目隠し、すなわち、人をだますテクニックを磨く。	사기꾼은 새롭게 사람을 속이기 전에 눈가리개, 즉 사람을 속이는 테크닉을 연마한다.	"A confidence man polishes his ""hood winking"" or ""eye-washing"" techniques before bilking a new victim."	
JLPT-한끝-N2-0794	手ごろ	てごろ	알맞음	手ごろなアパートがあると聞いて、それが気になった。	적당한 아파트가 있다고 해서 그게 궁금했어.	I pricked up my ears when I heard of the available apartment.	
JLPT-한끝-N2-0795	デザイン	デザイン	디자인	現実面では、エメット理論の応用によっていくつかの傑出したデザインが生み出されている。	현실면에서는 에메트 이론의 응용에 의해 몇 가지 걸출한 디자인이 창출되고 있다.	On the practical side, the application of Emmet's theory has produced several outstanding designs.	
JLPT-한끝-N2-0796	でたらめに	でたらめに	엉터리로	動物はでたらめに動くように見える。	동물은 엉터리처럼 움직이는 것처럼 보인다.	Animals seem to move at random.	
JLPT-한끝-N2-0797	鉄橋	てっきょう	철교	その川には鉄橋がすでに建設中だ。	그 강에는 철교가 이미 건설 중이다.	A railway bridge is already being built over the river.	
JLPT-한끝-N2-0798	徹夜	てつや	철야	３日連続で徹夜してるから、もうアップアップだよ。	3일 연속 밤새워서, 벌써 업텐션이야.	After three straight late nights at work I feel like I'm drowning in work.	
JLPT-한끝-N2-0799	手間	てま	수고, 품	ずいぶんお手間をかけさせまして、すみませんでした。	많은 번거로움을 끼쳐드려서 죄송합니다.	It was nice of you to go to so much trouble.	
JLPT-한끝-N2-0800	展開	てんかい	전개	フロイトは、親子間の愛憎関係をエディプス・コンプレックスとして展開しました。	프로이트는 부자간의 애증 관계를 에픽스 콤플렉스로 전개했습니다.	Freud developed the love-hate relationship between parents and child as the Oedipus complex.	
JLPT-한끝-N2-0801	転勤	てんきん	전근	ジャクソンさんはニューヨークから東京に最近転勤してきた。	잭슨 씨는 뉴욕에서 도쿄로 최근 전근을 왔다.	Mr Jackson has recently transferred to Tokyo from Los Angeles.	
JLPT-한끝-N2-0802	点検	てんけん	점검	くれぐれも浄水器の悪質訪問販売業者や無料点検商法にはご注意ください。	아무쪼록 정수기 악성 방문판매업자나 무료점검 상술은 주의해 주시기 바랍니다.	Please exercise every caution against cowboy salesmen of water purifiers and fraudulent-test sales.	
JLPT-한끝-N2-0803	電車賃	でんしゃちん	전철 요금	通勤にかかる電車賃は、原則として会社から支給される。	출퇴근에 드는 전철임금은 원칙적으로 회사에서 지급한다.		
JLPT-한끝-N2-0804	伝統	でんとう	전통	過去を志向する社会では、人々は過去と伝統にいつまでもこだわり続ける。	과거를 지향하는 사회에서 사람들은 과거와 전통에 언제까지나 집착한다.	In a past-oriented society, people dwell on the past and on tradition.	
JLPT-한끝-N2-0805	添付	てんぷ	첨부	つまり、前のメールに添付して送った「ｐｌａｎ．ｄｏｃ」のファイルがウイルスに汚染されているのです。	즉, 이전 메일에 첨부해 보낸 'plan.doc' 파일이 바이러스에 오염되어 있는 것입니다.	In short, it is because the 'plan.doc' file I attached in the previous email was infected with a virus.	
JLPT-한끝-N2-0806	テンポ	テンポ	템포	リズムは軽快でテンポは速く、その曲は若者に好まれている。	리듬은 경쾌하고 템포는 빠르며, 그 곡은 젊은이들이 좋아한다.	The rhythm is light, and the tempo fast - that song is liked by young people.	
JLPT-한끝-N2-0807	問い合わせる	といあわせる	문의하다	ミーティングやスケジュールなどの詳細については、直接、私にお問い合わせ下さい。	미팅이나 일정 등의 자세한 내용은 직접 저에게 문의해 주시기 바랍니다.	Please feel free to contact me for details about the meeting or the schedule.	
JLPT-한끝-N2-0808	どうしても	どうしても	아무래도, 꼭	その戸はどうしても開かない、鍵が壊れているに違いない。	그 문은 아무래도 열리지 않는다, 열쇠가 깨져 있는 게 틀림없다.	The door will not open; lock must be out of order.	
JLPT-한끝-N2-0809	同情	どうじょう	동정	私は彼らに同情し、私に出来ることは手伝うと約束した。	나는 그들을 동정하고 내가 할 수 있는 일은 돕겠다고 약속했다.	I sympathized with them, and promised that I would do what I could to help.	
JLPT-한끝-N2-0810	どうせ	どうせ	어차피	あんたらの名前なんか興味ないね。どうせこの仕事が終わるとお別れだ。	너희 이름 따윈 관심없어 어차피 이 일이 끝나면 작별이야.	I don't care what your names are. Once this job's over, I'm out of here.	
JLPT-한끝-N2-0811	到着	とうちゃく	도착	渋滞にもかかわらず、私はどうにか空港に遅れずに到着することができた。	교통 체증에도 불구하고 나는 간신히 공항에 늦지 않게 도착할 수 있었다.	In spite of the heavy traffic, I managed to get to the airport in time.	
JLPT-한끝-N2-0812	導入	どうにゅう	도입	そのデザイン・ハウスにとって、コンピューター製造にさらに急進的な色彩を導入することは適切な戦略であった。	그 디자인하우스에게 컴퓨터 제조에 더욱 급진적인 색채를 도입하는 것은 적절한 전략이었다.	For this design house it was an appropriate strategy to introduce even more radical colors into computer production.	
JLPT-한끝-N2-0813	投票率	とうひょうりつ	투표율	若者の投票率を高めるため、学校でも選挙について学ぶ機会が設けられた。	청년들의 투표율을 높이기 위해 학교에서도 선거에 대해 배울 기회가 마련됐다.		
JLPT-한끝-N2-0814	当分	とうぶん	당분간	当分の間、私達ふたりはあまりあわないほうがよい。	당분간 우리 둘은 잘 어울리지 않는 게 좋겠어.	For the time being we two had better not meet too often.	
JLPT-한끝-N2-0815	逃亡	とうぼう	도망	その少年たちは逃亡を試みたが失敗した。	그 소년들은 도망을 시도했지만 실패했다.	The boys attempted an escape, but failed.	
JLPT-한끝-N2-0816	動揺する	どうようする	동요하다	彼はその知らせに自ら動揺するのを覚えた。	그는 그 소식에 스스로 동요하는 것을 느꼈다.	He felt himself shaken at the news.	
JLPT-한끝-N2-0817	道路	どうろ	도로	老婦人は、道路を横断するのを手伝ったことに対して、私に感謝した。	노부인은 도로를 횡단하는 것을 도와준 것에 대해 나에게 감사했다.	The old lady thanked me for helping her across the road.	
JLPT-한끝-N2-0818	登録	とうろく	등록	申込書に記入した後で、登録係から手数料が８ドルだといわれた。	신청서를 작성한 뒤 등록계로부터 수수료가 8달러라고 했다.	After she filled out the application, the records clerk told her that the fee was eight dollars.	
JLPT-한끝-N2-0819	討論	とうろん	토론	私はその問題について彼と激しく討論したことを覚えている。	나는 그 문제에 대해 그와 치열하게 토론했던 것을 기억한다.	I remember having a hot discussion about the matter with him.	
JLPT-한끝-N2-0820	都会育ち	とかいそだち	도시 출신	彼は都会育ちでありながら、農村で働くことを希望している。	그는 도시에서 자랐지만 농촌에서 일하기를 희망하고 있다.		
JLPT-한끝-N2-0821	特殊	とくしゅ	특수	特殊能力があるかどうかは分かりませんが、普通の人間以上の力はあった事でしょう。	특수 능력이 있는지 없는지는 모르겠지만 보통 사람 이상의 힘은 있었겠지요.	I don't know if he has any special powers or not, but he's probably stronger than a normal human.	
JLPT-한끝-N2-0822	特色	とくしょく	특색	いく層もの卸業者の存在が特色である日本の流通機構は、複雑でコストもかかる。	여러 도매상의 존재가 특색인 일본의 유통 기구는 복잡하고 비용도 많이 든다.	The Japanese distribution system, characterized by layers of wholesale, is complex and costly.	
JLPT-한끝-N2-0823	独特	どくとく	독특함	この喫茶店は、独特のレトロさが若者にうけている。	이 찻집은 독특한 레트로함이 젊은이들에게 어필하고 있다.	The retro feel of this cafe is a hit with young people.	
JLPT-한끝-N2-0824	登山	とざん	등산	登山は困難と冒険と伴うが故に、特に青年にとって魅力がある。	등산은 어려움과 모험과 동반되기 때문에 특히 청년에게 매력이 있다.	Mountaineering is attractive especially to young people because it is accompanied with hardships and adventures.	
JLPT-한끝-N2-0825	途中	とちゅう	도중	いったん物事を始めた以上、途中で放棄してはいけない。	일단 일을 시작한 이상 도중에 포기해서는 안 된다.	Once you have begun to do something, never give it up.	
JLPT-한끝-N2-0826	とっくに	とっくに	이미, 훨씬 전에	おまえ達子供が寝る時間はもうとっくに来ているよ。	너희 아이가 잘 시간은 벌써부터 왔어.	It's high time you children went to bed.	
JLPT-한끝-N2-0827	突然	とつぜん	갑자기	いろいろな説はあるものの、恐竜がなぜ突然絶滅してしまったのかはまだ謎のままである。	여러 가지 설이 있기는 하지만 공룡이 왜 갑자기 멸종해 버렸는지는 여전히 수수께끼로 남아 있다.	There are many theories about the sudden extinction of the dinosaurs, but the real cause still remains anyone's guess.	
JLPT-한끝-N2-0828	どっと	どっと	왈칵, 한꺼번에	彼が部屋を出ていったとたんみんなどっと吹き出した。	그가 방을 나가자마자 모두들 우르르 소리를 냈다.	He had no sooner gone out of the room than all of them burst out laughing.	
JLPT-한끝-N2-0829	届く	とどく	도착하다	私はその電話の届く範囲より遠くに引っ越すわけではない。	나는 그 전화가 오는 범위보다 멀리 이사하는 것은 아니야.	I'm not moving out of range of that telephone.	
JLPT-한끝-N2-0830	整う	ととのう	갖추어지다	あなたの出発の準備がすべて整うよう取り計らいます。	당신의 출발 준비가 모두 갖추어지도록 재촉하겠습니다.	I will see to it that everything is ready for your departure.	
JLPT-한끝-N2-0831	隣	となり	옆	もうこれ以上隣近所の人たちとはうまくやっていけない。	이제 더 이상 이웃 사람들과는 잘 지내지 못한다.	I can't get along with the neighbors any more.	
JLPT-한끝-N2-0832	飛び散る	とびちる	흩날리다	作業中に破片が飛び散るおそれがあるため、保護眼鏡を着用してください。	작업 중 파편이 튀어 나갈 수 있으므로 보호 안경을 착용해 주시기 바랍니다.		
JLPT-한끝-N2-0833	飛ぶ	とぶ	날다	愛は愛から飛び去る翼があるに違いないが、また飛んで戻って来る翼も持っているに違いない。	사랑은 사랑에서 날아가는 날개가 있음에 틀림없지만, 또 날아와서 돌아오는 날개도 가지고 있음에 틀림없다.	Love must have wings to fly away from love, And to fly back again.	
JLPT-한끝-N2-0834	乏しい	とぼしい	부족하다	日本は資源が乏しい国にもかかわらず、国際貿易のお陰で経済大国に発展した。	일본은 자원이 부족한 나라임에도 국제 무역 덕분에 경제 대국으로 발전했다.	Though it is poor in natural resources, Japan has become an economic superpower thanks to international trade.	
JLPT-한끝-N2-0835	伴う	ともなう	동반하다	登山は困難と冒険と伴うが故に、特に青年にとって魅力がある。	등산은 어려움과 모험과 동반되기 때문에 특히 청년에게 매력이 있다.	Mountaineering is attractive especially to young people because it is accompanied with hardships and adventures.	
JLPT-한끝-N2-0836	ドライブ	ドライブ	드라이브	今度の日曜日にドライブにつれていってくれませんか。	이번 일요일에 드라이브에 데려가 주지 않겠습니까?	Will you take us for a drive next Sunday?	
JLPT-한끝-N2-0837	とりあえず	とりあえず	일단	とりあえず、あたりさわりのない話をしておいたよ。	일단 상관없는 얘기 해놨어.	I steered clear of sensitive topics.	
JLPT-한끝-N2-0838	努力	どりょく	노력	余計な努力の結果、彼の血圧を通常以上に上がった。	불필요하게 애쓴 결과, 그의 혈압이 평소보다 높아졌다.	The extra effort raised his blood pressure above normal.	
JLPT-한끝-N2-0839	トレーニング	トレーニング	훈련	彼があれだけの苦しいトレーニングをしたのも無駄ではなかった彼は１位になった。	그가 그토록 힘든 훈련을 한 것도 헛수고가 아니었던 그는 1등을 했다.	He had not gone though all that hard training for nothing - he won first prize.	
JLPT-한끝-N2-0840	泥	どろ	진흙	靴をブラシで磨く必要がある。泥で汚れているから。	신발을 브러시로 닦을 필요가 있어 진흙으로 더럽기 때문이야.	Your shoes need brushing. They are muddy.	
JLPT-한끝-N2-0841	とんでもない	とんでもない	말도 안 된다	ジャックが音楽が苦手なんてとんでもない、それどころか、ピアノを弾くのがうまい。	잭이 음악을 잘 못하다니 말도 안 돼, 그건 그렇고 피아노를 잘 치네.	It isn't true that Jack is no good at music : on the contrary, he plays the piano well.	
JLPT-한끝-N2-0842	内容	ないよう	내용	この例文は、書き方のサンプルなので必要に応じて内容を追加削除をしてからお使いください。	이 예문은 쓰는 방법의 샘플이므로 필요에 따라 내용을 추가 삭제를 한 후 사용하시기 바랍니다.	This example text is a how-to-write sample, so please add to and delete from it as required before using.	
JLPT-한끝-N2-0843	なお	なお	여전히, 더욱	叔母は非常なお金持ちだからといって、それだけ幸せというわけではない。	이모는 매우 부자라고 해서 그만큼 행복하다는 것은 아니다.	My aunt is none the happier for her great wealth.	
JLPT-한끝-N2-0844	仲良く	なかよく	사이좋게	インコやオウムと仲良く楽しく健やかに暮らすために、飼鳥の行動学やペットロスについて考える。	잉꼬와 앵무새와 사이좋게 즐겁고 건강하게 살기 위해 애완조류의 행동학과 애완로스에 대해 생각한다.	In order to live happily and healthily with parakeets or parrots (you should) think about the behavioral science of domesticated birds and of pet loss.	
JLPT-한끝-N2-0845	流れる	ながれる	흘러가다	電流が流れる電線にコイルを近づけると、コイルにも電気が流れます。	전류가 흐르는 전선에 코일을 가까이 하면 코일에도 전기가 흘러요.	When a coil is moved near to a wire with current flowing in it current flows in the coil as well.	
JLPT-한끝-N2-0846	和やか	なごやか	온화함	オフィスにはなごやかな雰囲気がある。	사무실에는 어수선한 분위기가 있다.	There is a friendly atmosphere in the office.	
JLPT-한끝-N2-0847	なだらか	なだらか	완만함	日本における今年の賃上げはなだらかなものだった。	일본의 올해 임금 인상은 완만한 것이었다.	Wage settlements in Japan this year were moderate.	
JLPT-한끝-N2-0848	懐かしい	なつかしい	그립다	この景色を見ると、懐かしい生まれ故郷の町を思い出すよ。	이 경치를 보면 그리운 고향 동네가 생각나.	This scenery carries me back to my old native town.	
JLPT-한끝-N2-0849	納得	なっとく	납득	君の主張は、ぼくの頑固親父のと同じく納得できない。	너의 주장은 나의 완고한 친아버지와 마찬가지로 납득할 수 없어.	Your argument is not any more convincing than that of my stubborn father.	
JLPT-한끝-N2-0850	夏休み明け	なつやすみあけ	여름방학 직후	夏休み明けには生活のリズムを戻すのに時間がかかる学生も多い。	여름방학 직후에는 생활 리듬을 되찾는 데 시간이 걸리는 학생도 많다.		
JLPT-한끝-N2-0851	波	なみ	파도	空気の場合、大気中には常にある程度の湿気があるが、その量が大幅に増えると光の波に影響してくる。	공기의 경우 대기 중에는 항상 어느 정도의 습기가 있는데, 그 양이 크게 늘어나면 빛의 파동에 영향을 받아 온다.	As for the air, there is always some moisture in the atmosphere, but when the amount increases a great deal, it affects the light waves.	
JLPT-한끝-N2-0852	涙	なみだ	눈물	彼女はほおに涙を流しながら、彼に向かって叫んだ。	그녀는 뺨에 눈물을 흘리며 그를 향해 소리쳤다.	She called out to him, with tears running down her cheeks.	
JLPT-한끝-N2-0853	悩む	なやむ	고민하다	彼女のことでそんなに真剣に悩む必要はなかったのに。	그녀 때문에 그렇게 진지하게 고민할 필요는 없었는데.	You need not have worried about her so seriously.	
JLPT-한끝-N2-0854	倣う	ならう	본받다	我々は読み書きをならう。	우리는 읽고 쓸 줄 안다.	We learn to read and write.	
JLPT-한끝-N2-0855	慣れる	なれる	익숙해지다	何かについて文句を言うことが、新しい環境に慣れる１つの方法である。	무언가에 대해 불평하는 것이 새로운 환경에 적응하는 한 방법이다.	Complaining about something is one way to adapt yourself to a new environment.	
JLPT-한끝-N2-0856	何度も	なんども	여러 번	何度も失敗したけれども、彼は決してその計画をあきらめなかった。	여러 번 실패했지만 그는 결코 그 계획을 포기하지 않았다.	Having failed many times, he never gave up the plan.	
JLPT-한끝-N2-0857	苦手	にがて	서투름	ジャックが音楽が苦手なんてとんでもない、それどころか、ピアノを弾くのがうまい。	잭이 음악을 잘 못하다니 말도 안 돼, 그건 그렇고 피아노를 잘 치네.	It isn't true that Jack is no good at music : on the contrary, he plays the piano well.	
JLPT-한끝-N2-0858	握る	にぎる	쥐다	あまりしっかりうなぎを握ると、かえって逃げられる。	너무 꽉 장어를 잡으면 오히려 도망칠 수 있어.	Holding an eel too fast is the way to let her escape.	
JLPT-한끝-N2-0859	憎い	にくい	밉다	憎い憎いは可愛いの裏。	밉지 밉지 귀여운거 이면.	Who love too much, hate in like extreme. [Proverb]	
JLPT-한끝-N2-0860	憎む	にくむ	미워하다	私は彼があまり好きでなかった、それどころか憎んでさえいた。	나는 그를 별로 좋아하지 않았다, 그건커녕 미워하기까지 했다.	I didn't like him much, in fact I hated him.	
JLPT-한끝-N2-0861	逃げる	にげる	도망치다	奇跡でも起こらない限り、彼はそこから逃げられないんじゃないか。	기적이라도 일어나지 않는 한, 그는 거기서 도망칠 수 없지 않을까.	He won't be able to escape from there without a miracle, will he?	
JLPT-한끝-N2-0862	濁る	にごる	탁해지다	やがて濁った雨がオレを濡らし始めた。	이윽고 탁한 비가 올라를 적시기 시작했다.	The dirty rain started to fall on me.	
JLPT-한끝-N2-0863	日課	にっか	일과	朝食前に新聞を読むのが私の日課です。	아침 식사 전에 신문을 읽는 것이 제 일과예요.	My routine is to read the newspaper before breakfast.	
JLPT-한끝-N2-0864	にっこり	にっこり	방긋	部屋に入ってきた時、彼女は私ににっこりと笑った。	방에 들어왔을 때 그녀는 나에게 활짝 웃었다.	She grinned at when she came into the room.	
JLPT-한끝-N2-0865	日中	にっちゅう	낮, 주간	昨日は、何もする事が無かったので、一日中家でゴロゴロしていた。	어제는 아무것도 할 일이 없었기 때문에 하루 종일 집에서 뒹굴고 있었다.	Yesterday I didn't have anything to do so I was just lolling around all day long.	
JLPT-한끝-N2-0866	鈍い	にぶい	둔하다	彼女の運転は、注意深いのではなくて、のろいのだ。	그녀의 운전은 주의 깊은 것이 아니라 느린 것이다.	She drives not carefully but slowly.	
JLPT-한끝-N2-0867	日本式	にほんしき	일본식	訪問者は通常日本式の家に入る前に、靴を脱ぐようにと求められます。	방문객은 보통 일본식 집에 들어가기 전에 신발을 벗으라고 요구됩니다.	Visitors are usually asked to remove their shoes before they enter a Japanese house.	
JLPT-한끝-N2-0868	日本流	にほんりゅう	일본류	海外の制度をそのまま導入するのではなく、日本流に調整する必要がある。	해외 제도를 그대로 도입할 것이 아니라 일본식으로 조정할 필요가 있다.		
JLPT-한끝-N2-0869	盗む	ぬすむ	훔치다	彼がその辞書を盗んだに違いない、とふと私はおもった。	그가 그 사전을 훔친 게 틀림없어, 라고 문득 나는 생각했다.	It occurred to me that he must have stolen the dictionary.	
JLPT-한끝-N2-0870	塗る	ぬる	바르다	もうやめろよ。これ以上傷口に塩を塗るようなことは彼に可哀想だ。	그만해, 더 이상 상처 부위에 소금을 바르는 것 같은 일은 그에게 불쌍하다.	Cut that out. You're just rubbing salt in the poor guy's wounds.	
JLPT-한끝-N2-0871	願う	ねがう	바라다	この議事録に関して、訂正、追加がありましたらお願いします。	이 회의록에 정정하거나 추가할 사항이 있으면 알려 주십시오.	I welcome any corrections or additions to these minutes.	
JLPT-한끝-N2-0872	熱演	ねつえん	열연	主演俳優の熱演によって、観客は物語の世界に引き込まれた。	주연 배우들의 열연으로 인해 관객들은 이야기의 세계로 빨려 들어갔다.		
JLPT-한끝-N2-0873	年中	ねんじゅう	연중, 항상	その山の頂上はほとんど１年中雪で覆われています。	그 산의 정상은 거의 1년 내내 눈으로 덮여 있어요.	The mountain top is covered with snow almost all year.	
JLPT-한끝-N2-0874	年代順	ねんだいじゅん	연대순	資料を年代順に並べると、制度の変化が理解しやすい。	자료를 연대순으로 배열하면 제도의 변화를 이해하기 쉽다.		
JLPT-한끝-N2-0875	年齢	ねんれい	연령, 나이	人の考え方は、その人の教育や、性別、階級、年齢などによって決定されるものだ。	사람의 사고방식은 그 사람의 교육이나 성별, 계급, 나이 등에 따라 결정되는 것이다.	One's view is determined by his education, sex, class and age.	
JLPT-한끝-N2-0876	残る	のこる	남다	調査官は、証拠物件をもとめて残るくまなく捜索した。調査官がその場を去る時、そこはまったく目茶苦茶だった。	조사관은 증거물을 들여놓고 남몰래 수색했다. 조사관이 그 자리를 떠날 때 그곳은 전혀 엉망이었다.	The investigator left no stone unturned in his search for evidence. When he left the place, it was in an utter mess.	
JLPT-한끝-N2-0877	除く	のぞく	제거하다, 제외하다	金儲けのことを除けば、私は不動産のことには興味はない。	돈벌이를 제외하면 나는 부동산에 관심이 없다.	Apart from earning money, I have no interest in real estate.	
JLPT-한끝-N2-0878	ノック	ノック	노크	私はノックをしないでドアを開けたので、彼女は腹をたてた。	나는 노크를 하지 않고 문을 열었기 때문에 그녀는 화를 냈다.	As I opened the door without knocking, she lost her temper.	
JLPT-한끝-N2-0879	述べる	のべる	말하다, 서술하다	その件について自分の意見を述べないわけには行かない。	그 건에 대해 자신의 의견을 말하지 않을 수 없다.	I cannot refrain from expressing my opinion about the affair.	
JLPT-한끝-N2-0880	乗り越す	のりこす	(목적지) 지나치다	帰宅の途中電車の中で居眠りをして、乗り越してしまった。	퇴근길에 기차 안에서 졸다가 넘어지고 말았다.	On my way home I fell asleep in the train, and rode past my station.	
JLPT-한끝-N2-0881	乗り継ぐ	のりつぐ	갈아타다	地方の会場へ行くには、電車を二度乗り継がなければならない。	지방 회장에 가려면 전철을 두 번 갈아타야 한다.		
JLPT-한끝-N2-0882	のんびり	のんびり	느긋함	彼女はもっとのんびりした生活を望んだが、あの状況ではそれは不可能であった。	그녀는 좀 더 여유로운 생활을 원했지만, 그 상황에서는 그게 불가능했다.	She wished for a more relaxing life, but that was impossible under the circumstances.	
JLPT-한끝-N2-0883	歯	は	이, 치아	歯を食い縛る、喉元までせりあがった感情を強引に飲み込む。	이를 악무는 목구멍까지 차오른 감정을 억지로 삼킨다.	He gritted his teeth; forced back his growing fear.	
JLPT-한끝-N2-0884	ハード	ハード	힘듦	Xbox 360については「いいハードです」と開口一番切り出した。	"X박스360에 대해서는 ""좋은 하드입니다""라고 개구진 듯 잘라 말했다."	"On the Xbox 360 the very first thing he said was ""good hardware."""	
JLPT-한끝-N2-0885	〜杯	〜はい	~잔	さあ、駆けつけ三杯、威勢よくぱっといきましょう。	자, 달려온 세 잔, 위풍당당하게 쫙 갑시다.	Anybody who shows up late (at the party) has to chug!	
JLPT-한끝-N2-0886	〜倍	〜ばい	~배	今日では１９５０年の３倍以上の数の車が走っている。	오늘날에는 1950년의 3배 이상의 수의 자동차가 달리고 있다.	Today we have more than three times as many vehicles as on the loads in 1950.	
JLPT-한끝-N2-0887	灰色	はいいろ	잿빛, 회색	彼が笑うと、子供達には彼の長い灰色の歯が見えました。	그가 웃자 아이들에게는 그의 긴 회색 이빨이 보였습니다.	When he smiled the children saw his long, gray teeth.	
JLPT-한끝-N2-0888	廃止	はいし	폐지	ＮＴＴは３００度数以上のテレホンカードを廃止した。	NTT는 300도 이상 전화카드를 폐지했다.	NTT cancelled telephone cards with over 300 units.	
JLPT-한끝-N2-0889	配達	はいたつ	배달	配達のレシートに受け取った品物の正確なリストがない限り、サインをしてはいけません。	배달 영수증에 받은 물건의 정확한 목록이 없는 한 사인을 해서는 안 됩니다.	Do not sign a delivery receipt unless it accurately lists the goods received.	
JLPT-한끝-N2-0890	配布	はいふ	배포	政府提案の一つは高等学校にコンドームを配布するというものである。	정부 제안 중 하나는 고등학교에 콘돔을 배포한다는 것이다.	One of the government's proposals is to give out condoms in high schools.	
JLPT-한끝-N2-0891	拍手	はくしゅ	박수	私が部屋へ入ったとき、彼らは拍手喝采をしてくれた。	내가 방에 들어왔을 때 그들은 박수갈채를 해주었다.	As I entered the room, they applauded.	
JLPT-한끝-N2-0892	爆発	ばくはつ	폭발	爆発によって、彼らの生存はありえなくなってしまいました。	폭발로 인해 그들의 생존은 있을 수 없게 되어 버렸습니다.	The explosion ruled out their survival.	
JLPT-한끝-N2-0893	激しい	はげしい	격하다, 심하다	激しい雪にもかかわらず、彼女はわざわざ駅まで来た。	심한 눈에도 불구하고 그녀는 일부러 역까지 왔다.	In spite of the heavy snow, she came all the way to the station.	
JLPT-한끝-N2-0894	恥	はじ	부끄러움	今までこんなに恥をかかされたことは一度もなかった。	지금까지 이렇게 창피를 당한 적은 한 번도 없었다.	I was never so humiliated in my life.	
JLPT-한끝-N2-0895	外す	はずす	풀다, 벗다	安全のため、使用前にプラスチック・ケースをはずして下さい。	안전을 위해 사용 전에 플라스틱 케이스를 분리하십시오.	For safety purposes, remove the plastic casing before use.	
JLPT-한끝-N2-0896	果たす	はたす	완수하다	現代は情報の時代で、私たちの日常生活でコンピューターが果たす役割はますます大きくなっている。	현대는 정보의 시대이고, 우리의 일상생활에서 컴퓨터가 하는 역할은 점점 커지고 있다.	This is the age of information, and computers are playing an increasingly important role in our everyday life.	
JLPT-한끝-N2-0897	働き手	はたらきて	일꾼	企業は率先して事にあたる働き手を歓迎する。	기업은 솔선수범하여 일에 임하는 일꾼을 환영한다.	Companies welcome workers who take the initiative.	
JLPT-한끝-N2-0898	〜発	〜はつ	~발	このような障害が完全に取り除かれるまで、極めてささいな、ちょう発でさえ争いが起こる可能性がいつもある。	이런 장애가 완전히 제거될 때까지 극히 사소한, 단발조차도 다툼이 일어날 가능성이 언제나 있다.	Until such difficulties are ironed out completely, there is always a chance of fighting breaking out at the slightest provocation.	
JLPT-한끝-N2-0899	発揮	はっき	발휘	ポールは会計報告の裏面操作について知識があったので、その隠れた才能を発揮して必要なものを全て手に入れていた。	폴은 회계보고의 이면 조작에 대해 지식이 있었으므로 그 숨은 재능을 발휘하여 필요한 것을 모두 손에 넣고 있었다.	Paul's knowledge of creative bookkeeping has been the secret of his ability to get all the staffing he needs.	
JLPT-한끝-N2-0900	発射	はっしゃ	발사	マリナー９号は、１９７１年５月３０日に発射された。	마리너 9호는 1971년 5월 30일에 발사되었다.	Mariner 9 was launched on May 30, 1971.	
JLPT-한끝-N2-0901	発達	はったつ	발달	非行、学校嫌い、人格の未発達などの問題が現在以上に顕在化してくることが懸念される。	비행, 학교 불편, 인격 미성숙 등의 문제가 현재 이상으로 대두될 것으로 우려된다.	We are concerned about children's problems such as delinquency.	
JLPT-한끝-N2-0902	派手	はで	화려함	彼女の派手なドレスはそのときと場所にふさわしくない、と私達は思った。	그녀의 화려한 드레스는 그때와 장소에 어울리지 않는다고 우리는 생각했다.	We did not think her loud dress was appropriate for the time and place.	
JLPT-한끝-N2-0903	話しかける	はなしかける	말을 걸다	彼は恥ずかしがりやで、話しかけない限り、話しません。彼には話しかける必要があります。	그는 부끄러움이 많아서 말을 걸지 않는 한 말을 하지 않습니다. 그에게는 말을 걸 필요가 있습니다.	He's shy, and never speaks unless spoken to. You have to talk to him.	
JLPT-한끝-N2-0904	離れる	はなれる	떨어지다	機は急角度で上昇し、それから海岸を離れるにつれて水平飛行に移った。	비행기는 급각도로 상승했고 이후 해안을 벗어나면서 수평 비행으로 넘어갔다.	The plane rose sharply before leveling off as it left the coast.	
JLPT-한끝-N2-0905	省く	はぶく	생략하다	彼女が手紙をくれたので、彼女の家を訪ねる手間が省けた。	그녀가 편지를 주었기 때문에 그녀의 집을 방문하는 수고를 덜 수 있었다.	Her letter saved me the trouble of visiting her house.	
JLPT-한끝-N2-0906	破片	はへん	파편	彼は壊れた花瓶の破片をくっつけようとした。	그는 부서진 꽃병의 파편을 붙이려고 했다.	He tried to put the fragments of a broken vase together.	
JLPT-한끝-N2-0907	場面	ばめん	장면	時々、政治家の一人がテレビの討論会に出て傍聴者の意見を押さえつけようとする場面をみる。	가끔 정치인 한 명이 TV 토론회에 나와 방청자의 의견을 짓누르려는 장면을 본다.	One of the politicians attends the televised discussions, and can occasionally be seen trying to oppose the audience.	
JLPT-한끝-N2-0908	速さ	はやさ	빠르기	地上で空費される時間が飛行機の速さという有利な店を帳消しにしてしまう。	지상에서 공비되는 시간이 비행기의 속도라는 유리한 가게를 탕진해 버린다.	Hours lost on the ground cancel out the advantage of speed in the air.	
JLPT-한끝-N2-0909	腹を立てる	はらをたてる	화를 내다	あまりたくさん質問すると、彼は腹を立てる傾向がある。	너무 많이 질문하면 그는 화를 내는 경향이 있다.	He is apt to get angry if you ask a lot of questions.	
JLPT-한끝-N2-0910	バランス	バランス	균형	アシカは大きなボールの上でうまくバランスを取った。	바다사자는 큰 공 위에서 균형을 잘 잡았다.	The seal kept its balance well on the large ball.	
JLPT-한끝-N2-0911	針	はり	바늘	富んでいるものが神の国に入るよりは、らくだが針の穴を通る方がもっと易しい。	풍성한 것들이 하나님의 나라에 들어가는 것보다 낫게도 바늘구멍을 통과하는 것이 더 쉽다.	It is easier for a camel to pass through the eye of a needle than for a rich man to enter the kingdom of God.	
JLPT-한끝-N2-0912	張り切る	はりきる	의욕이 넘치다	新しい担当になった彼は張り切っているものの、無理をしすぎないか心配だ。	새로운 담당자가 된 그는 의욕이 넘치지만 너무 무리하지 않을까 걱정이다.		
JLPT-한끝-N2-0913	範囲	はんい	범위	私はその電話の届く範囲より遠くに引っ越すわけではない。	나는 그 전화가 오는 범위보다 멀리 이사하는 것은 아니야.	I'm not moving out of range of that telephone.	
JLPT-한끝-N2-0914	反映	はんえい	반영	ある国の風習、習慣はその国の文化を反映している。	한 나라의 풍습, 습관은 그 나라의 문화를 반영하고 있다.	The manners and customs of a country reflect its culture.	
JLPT-한끝-N2-0915	パンク	パンク	펑크	多分、君は冗談だと思うだろうけど、若い頃、僕はパンクロッカーだったんだ。	아마 너는 농담이라고 생각하겠지만 젊었을 때 나는 펑크 로커였어.	You're probably going to think this is a joke, but I was a punk rocker when I was a kid.	
JLPT-한끝-N2-0916	犯罪	はんざい	범죄	彼女がどうしてその犯罪に及んだかという動機については、いまだによくわかりません。	그녀가 왜 그 범죄에 이르렀는가 하는 동기에 대해서는 아직 잘 모릅니다.	They still haven't been able to work out quite what her motive was for resorting to crime.	
JLPT-한끝-N2-0917	反省	はんせい	반성	人々が我々について言っていることが真実であることを反省してみると粛然とせざるをえない。	사람들이 우리에 대해 말하고 있는 것이 진실임을 반성하다 보면 숙연해질 수밖에 없다.	How awful to reflect that what people say of us is true!	
JLPT-한끝-N2-0918	反対	はんたい	반대	その件に関しては、わたしは彼の意見に反対せざるを得ない。	그 건에 관해서는 나는 그의 의견에 반대하지 않을 수 없다.	I cannot but object to his opinion as to the matter.	
JLPT-한끝-N2-0919	判断	はんだん	판단	あなたが彼について見たことから判断すると、この男は臆病者ではない。	당신이 그에 대해 본 것으로 보아 이 남자는 겁쟁이가 아니다.	Judging from what you have seen of him, this fellow is not a coward.	
JLPT-한끝-N2-0920	半透明	はんとうめい	반투명	この仕切りは半透明になっているため、明るさを保ちながら視線を遮れる。	이 칸막이는 반투명으로 돼 있어 밝기를 유지하면서 시선을 가린다.		
JLPT-한끝-N2-0921	販売	はんばい	판매	試合時には、お湯の入ったタンクの中に入れて冷えないようにして、売り子によって販売された。	경기 시에는 뜨거운 물이 담긴 탱크 안에 넣어 식지 않도록 하여 판매자에 의해 판매되었다.	At the games they were sold by men who kept them warm in hot-water tanks.	
JLPT-한끝-N2-0922	被害	ひがい	피해	また、親しい間柄であることから、暴力の被害を受けやすく、その被害を訴えにくいという実態がある。	또한 친한 사이인 관계로 폭력의 피해를 당하기 쉽고, 그 피해를 호소하기 어렵다는 실정이 있다.	Also as they are in a intimate relationship they are in a situation where it is easy for them to suffer from violence and difficult to for them to bring complaints about that to court.	
JLPT-한끝-N2-0923	比較	ひかく	비교	国家の文化とアイデンティティという枢要な問題から切り離された時点で、比較文化はその方向性を失う。	국가의 문화와 정체성이라는 핵심적 문제에서 분리되는 시점에서 비교문화는 그 방향성을 잃는다.	Once divorced from key questions of national culture and identity, comparative literature loses its way.	
JLPT-한끝-N2-0924	比較的	ひかくてき	비교적	以下の説明は多くの異なる理論を比較的対照することによって得られたものである。	다음의 설명은 많은 다른 이론들을 비교적 대조함으로써 얻어진 것이다.	The explanation below was achieved by comparing and contrasting a variety of different theories.	
JLPT-한끝-N2-0925	〜匹	〜ひき	~마리	彼女は猫を二匹飼っている、一方は白でもう一方は黒である。	그녀는 고양이를 두 마리 키우고 있다, 한쪽은 흰색이고 다른 한쪽은 검은색이다.	She has two cats. One is black, and the other is white.	
JLPT-한끝-N2-0926	引き返す	ひきかえす	되돌아가다	人生という道を引き返すことはできない。	인생이라는 길을 되돌아갈 수는 없다.	There is no returning on the road of life.	
JLPT-한끝-N2-0927	引き止める	ひきとめる	붙잡다, 만류하다	彼女は私の腕をつかんで、帰ろうとするのを引き止めた。	그녀는 내 팔을 잡고 돌아가려는 것을 만류했다.	She caught me by the arm and stopped me from going home.	
JLPT-한끝-N2-0928	卑怯	ひきょう	비겁함	そんなふうに言うなんて卑怯だ。	그런 식으로 말하다니 비겁하다.	It's mean of you to talk that way.	
JLPT-한끝-N2-0929	悲劇	ひげき	비극	一人息子を失ったことは彼らにとって大きな悲劇であった。	외아들을 잃은 것은 그들에게 큰 비극이었다.	It was a great tragedy for them to lose their only son.	
JLPT-한끝-N2-0930	非公式	ひこうしき	비공식	ウーマン・リブは底辺は広いが、非公式な民衆の運動である。	우먼 리브는 밑바닥은 넓지만 비공식적인 민중의 운동이다.	Women's Liberation is a broad-based but informal popular movement.	
JLPT-한끝-N2-0931	ビジネスマン風	ビジネスマンふう	비즈니스맨풍	会場にはビジネスマン風の参加者が多く見られた。	행사장에는 비즈니스맨처럼 보이는 참가자가 많이 보였다.		
JLPT-한끝-N2-0932	ひそひそ	ひそひそ	소곤소곤	少年たちはひそひそ話していた。何かをたくらんでいるのがわかった。	소년들은 수군거리고 있었다. 뭔가를 꾸미는 것을 알았다.	The boys were whispering; I knew they were up to something.	
JLPT-한끝-N2-0933	必死	ひっし	필사적	利益追求に必死のブローカーは、必ずしもルールブックにのっとっているとは限らないのです。	이익 추구에 필사적인 브로커는 반드시 룰북에 빠져 있다고는 할 수 없습니다.	Brokers struggling to make a profit don't always play by the book.	
JLPT-한끝-N2-0934	びっしょり	びっしょり	흠뻑 젖음	暑かったので、彼女は汗びっしょりになりました。	더웠기 때문에 그녀는 땀에 흠뻑 젖었습니다.	It being hot, she was wet with sweat.	
JLPT-한끝-N2-0935	必要	ひつよう	필요함	しかし、実は適度なストレスは、身体の健康にとって必要なものとなっています。	그러나 사실 적당한 스트레스는 신체의 건강에 있어서 필요한 것이 되고 있습니다.	However a suitable level of stress is actually a necessary thing for your body's health.	
JLPT-한끝-N2-0936	人柄	ひとがら	인품	彼の財産でなく、彼の人柄のために私は彼が好きだ。	그의 재산이 아니라 그의 인품 때문에 나는 그를 좋아해.	I love him for what he is, not what he has.	
JLPT-한끝-N2-0937	等しい	ひとしい	같다, 동일하다	他の条件が等しいなら、温度がこの実験でもっとも影響を与える要素であるに違いない。	다른 조건이 같다면 온도가 이 실험에서 가장 영향을 미치는 요소임에 틀림없다.	If other conditions are equal, the temperature must be the most influential element in this experiment.	
JLPT-한끝-N2-0938	一仕事	ひとしごと	작은 일, 일거리	彼女を説得するのは一仕事だ。	그녀를 설득하는 것은 일이다.	It is a labor to persuade her.	
JLPT-한끝-N2-0939	批判	ひはん	비판	一方で彼は私の報告書を賞賛したが、他方ではそれを批判した。	한편으로 그는 내 보고서를 칭찬했지만, 다른 한편으로는 그것을 비판했다.	On the one hand he praised my report, but on the other hand he criticized it.	
JLPT-한끝-N2-0940	批評	ひひょう	비평	彼はもう一回、君の作文についての先生の批評を読んだ方がいい。	그는 한 번 더 너의 글쓰기에 대한 선생님의 비평을 읽는 게 좋겠어.	You had better read your teacher's comments on your compositions one more time.	
JLPT-한끝-N2-0941	皮膚	ひふ	피부	例えば、トカゲは皮膚の色を変え、回りの木や葉っぱにとけ込むことが出来る。	예를 들어 도마뱀은 피부색을 바꾸고 주변 나무나 잎사귀로 스며들 수 있다.	For example, lizards can change the color of their skin and blend with the trees and leaves around them.	
JLPT-한끝-N2-0942	微妙	びみょう	미묘함	本状には微妙な情報が含まれており、気分を害することがあるかもしれない。	본상에는 미묘한 정보가 포함되어 있어 기분을 상하게 할 수도 있다.	This letter contains sensitive information that may offend some people.	
JLPT-한끝-N2-0943	ひも	ひも	끈	ボーラは、手に握らないほうの端に２つの石の球と長いひもから成り立っている。	볼라는 손에 잡지 않는 쪽 끝에 2개의 돌 구와 긴 끈으로 이루어져 있다.	Bolas are made up of a long cord with two stone balls at the free ends.	
JLPT-한끝-N2-0944	費用	ひよう	비용	それに関する費用については、僕の知った事ではない。	그에 관한 비용에 대해서는 내가 아는 것이 아니야.	As regards the expense involved, it is of no concern to me.	
JLPT-한끝-N2-0945	〜秒	〜びょう	~초	はい。１００メートルを１２秒で走る事ができます。	네, 100미터를 12초에 달릴 수 있어요.	Yes. He can run 100 meters within twelve seconds.	
JLPT-한끝-N2-0946	評価	ひょうか	평가	国家も個人と同様に、その大きさによって評価すべきものではない。	국가도 개인과 마찬가지로 그 크기에 따라 평가해야 하는 것이 아니다.	Nations are not to be judged by their size any more than individuals.	
JLPT-한끝-N2-0947	表現	ひょうげん	표현	擬声語的表現については、ホピ語に興味深い例がある。	의성어적 표현에 대해서는 호피어에 흥미로운 예가 있다.	As to onomatopoetic expressions, we find interesting examples in Hopi.	
JLPT-한끝-N2-0948	標識	ひょうしき	표지	止まれの標識は日本では３角形だが、アメリカでは８角形だ。	멈춤 표지판은 일본에서는 3각형이지만 미국에서는 8각형이다.	A stop sign in Japan has 3 sides, whereas a stop sign in the U.S. has 8 sides.	
JLPT-한끝-N2-0949	評判	ひょうばん	평판	どんな業界でも評判次第で人は成功もすれば、失敗もします。	어떤 업계에서든 평판에 따라 사람은 성공도 하고 실패도 합니다.	In any industry a reputation can make or break people.	
JLPT-한끝-N2-0950	昼間	ひるま	낮	彼は昼間の仕事のほかに、毎晩定時制高校に通っている。	그는 주간 업무 외에 매일 밤 정시 고등학교에 다니고 있다.	He goes to a part-time high school every evening in addition to the work he does during the day.	
JLPT-한끝-N2-0951	比例	ひれい	비례	給与が増えるに比例して、所得税率もあがっていく。	급여가 늘어나는 데 비례해 소득세율도 올라간다.	The income tax rate increases in proportion as your salary rises.	
JLPT-한끝-N2-0952	拾う	ひろう	줍다	捨てる神あれば拾う神あり。やっと採用試験に合格したよ。	버리는 신이 있으면 줍는 신이 있어. 드디어 채용 시험에 합격했어.	When one lucky spirit abandons you another picks you up. I just passed an exam for a job.	
JLPT-한끝-N2-0953	広がる	ひろがる	넓어지다	エイズは、それぞれがそれに対して行動をとれば広がるのを防ぐことができる。	에이즈는 각자가 그에 대해 행동을 취하면 퍼지는 것을 막을 수 있다.	AIDS can be stopped only if every person decides to take action against it.	
JLPT-한끝-N2-0954	敏感	びんかん	민감함	騒音公害は、人々が環境にもっと敏感でありさえすれば避けることができるのに。	소음 공해는 사람들이 환경에 더 민감하기만 하면 피할 수 있는데 말이다.	Noise pollution could be avoided if only people were more sensitive to the environment.	
JLPT-한끝-N2-0955	不安	ふあん	불안	どうして彼がそんなに不安になっているかについて、君は誤解している。	왜 그가 그렇게 불안해 하는지에 대해 너는 오해하고 있어.	You are mistaken as to what makes him so nervous.	
JLPT-한끝-N2-0956	不安定	ふあんてい	불안정	日本人からが、アメリカ人は不安定で、自由奔放に見える。	일본인에서 미국인은 불안정하고 자유분방해 보인다.	Americans appear unsettled and uncontrolled to Japanese.	
JLPT-한끝-N2-0957	ブーム	ブーム	유행	韓流ドラマブームに便乗して、韓国の製品を売る業者が増えた。	한류 드라마 열풍에 편승해 한국 제품을 파는 업체가 늘었다.	Taking advantage of the popular boom in Korean drama, workers selling Korean goods have increased.	
JLPT-한끝-N2-0958	ぶかぶか	ぶかぶか	헐렁함	通信販売で買った上着はぶかぶかで、交換せざるを得なかった。	통신판매로 산 겉옷은 헐렁헐렁해 교환할 수밖에 없었다.		
JLPT-한끝-N2-0959	普及	ふきゅう	보급	テレビの普及によって我々の読書の時間がかなり奪われている。	텔레비전의 보급으로 인해 우리의 독서 시간이 상당히 빼앗기고 있다.	The spread of television has considerably deprived us of our time for reading.	
JLPT-한끝-N2-0960	副社長	ふくしゃちょう	부사장	副社長によると、会社はいまだに外国の会社から契約をもらっていない。	부사장에 따르면 회사는 아직 외국 회사로부터 계약을 받지 못했다.	According to the vice president, the company has yet to receive a contract from a foreign company.	
JLPT-한끝-N2-0961	副大臣	ふくだいじん	부장관	副大臣は記者会見で、今後の支援策について説明した。	부 장관은 기자회견에서 향후 지원 방안에 대해 설명했다.		
JLPT-한끝-N2-0962	含む	ふくむ	포함하다	基本計画には、レクリエーションだけでなく職を供給する計画も含まれている。	기본 계획에는 레크리에이션뿐만 아니라 일자리를 공급하는 계획도 포함되어 있다.	The master plan includes programs to provide employment as well as recreation.	
JLPT-한끝-N2-0963	含める	ふくめる	포함시키다	この見積もりは経費一切合切を含めたものでしょうね。これ以上はびた一文お金は出さないからね。	이 견적은 경비 일체 합치를 포함한 것이겠죠. 더 이상 돈 한 푼 안 낼 테니까요.	I hope this expense report contains all the relevant business expenses because I'm not paying a cent more after this.	
JLPT-한끝-N2-0964	塞ぐ	ふさぐ	막다	彼女は騒音がきこえないように、両手で耳をふさいだ。	그녀는 소음이 나지 않도록 두 손으로 귀를 막았다.	She put her hands over her ears to shut out the noise.	
JLPT-한끝-N2-0965	ふさわしい	ふさわしい	어울리다	誰もが努力にふさわしい報酬を受けているわけではない。	모두가 노력에 걸맞은 보수를 받고 있는 것은 아니다.	Not everyone is properly rewarded for his efforts.	
JLPT-한끝-N2-0966	不正確	ふせいかく	부정확	我々の実験の結果、彼の報告は不正確なことがわかった。	우리의 실험 결과 그의 보고는 부정확한 것으로 나타났다.	Our experiment has revealed that his report was inaccurate.	
JLPT-한끝-N2-0967	夫婦	ふうふ	부부	妻の思いがけない死は、５０年以上にわたる、幸福な夫婦生活に終止符をうった。	아내의 뜻밖의 죽음은 50년 이상에 걸친 행복한 부부생활에 종지부를 찍었다.	The untimely death of my wife has rung down the curtain on over 50 years of happily married life.	
JLPT-한끝-N2-0968	複雑	ふくざつ	복잡함	この（英語で）４語はたくさんの複雑な情報を伝えるばかりでなく、諺の持つ説得力もあるのである。	이 네 단어는 많은 복잡한 정보를 전달할 뿐만 아니라 속담들이 가진 설득력도 있는 것이다.	Those four words carried not only a lot of complex information, but also the persuasive force of a proverb.	
JLPT-한끝-N2-0969	福祉	ふくし	복지	税金から得られる金額によって政府が社会福祉に支出する金額を左右する。	세금에서 나오는 금액에 따라 정부가 사회복지 지출하는 금액을 좌우한다.	The amount money the government earns in tax conditions the amount of money it spends on welfare.	
JLPT-한끝-N2-0970	含む	ふくむ	포함하다	基本計画には、レクリエーションだけでなく職を供給する計画も含まれている。	기본 계획에는 레크리에이션뿐만 아니라 일자리를 공급하는 계획도 포함되어 있다.	The master plan includes programs to provide employment as well as recreation.	
JLPT-한끝-N2-0971	舞台	ぶたい	무대	我々のクラスが劇を上演した時、私は舞台効果を受け持った。	우리 반이 연극을 상연했을 때 나는 무대 효과를 맡았다.	When our class performed a play, I took charge of stage effects.	
JLPT-한끝-N2-0972	負担	ふたん	부담	金利は、債務者が負担する事業リスクに応じて定まるものと存じます。	금리는 채무자가 부담하는 사업 리스크에 따라 정해질 것입니다.	I know that interest rates are fixed in accordance to the borrower's business risk.	
JLPT-한끝-N2-0973	物価	ぶっか	물가	政府は通常インフレがある水準に達した場合は、物価の抑制の措置に訴える。	정부는 통상 인플레이션이 어느 수준에 도달하면 물가 억제 조치를 호소한다.	Governments usually resort to price control when inflation has reached a certain level.	
JLPT-한끝-N2-0974	物騒	ぶっそう	뒤숭숭함, 위험함	地震の後、この辺りは物騒だ。	지진 후 이 근처는 어수선하다.	I felt the terror of my neighbors after the earthquake.	
JLPT-한끝-N2-0975	部分的	ぶぶんてき	부분적	彼の事業は部分的な成功をおさめたにすぎなかった。	그의 사업은 부분적인 성공을 거둔 것에 불과했다.	His business was only a partial success.	
JLPT-한끝-N2-0976	不平	ふへい	불평	彼は自分の給料について不平をゆうのももっともだ。	그는 자신의 급여에 대해 불평하는 것도 당최하다.	He may well complain about his salary.	
JLPT-한끝-N2-0977	ふもと	ふもと	산기슭	山の麓から山頂までは４時間かかるって。止めようよ。	산자락에서 산 정상까지는 4시간 걸린대 멈춰야지.	If it's going to take four hours from the foot of the mountain to the top, let's forget.	
JLPT-한끝-N2-0978	ぶらぶら	ぶらぶら	어슬렁어슬렁, 빈둥빈둥	彼は妻子を田舎に残して、職を求めてぶらぶらしていた。	그는 처자를 시골에 남겨두고 일자리를 찾아 빈둥거리고 있었다.	With his wife and children in the country, he was at loose ends for something to do.	
JLPT-한끝-N2-0979	プラン	プラン	플랜, 계획	これは、お前の体躯、護衛能力を考慮した上でのプランなのだ。是が非でもやってもらう。	이것은 너의 체구, 호위 능력을 고려한 플랜인거야. 시비가 걸리더라도 해라.	This is a plan that takes into account your stature and your ability to guard.  By all means do it for me.	
JLPT-한끝-N2-0980	振り向く	ふりむく	(뒤를) 돌아보다	振り向くなよ、なにが見えるかは見当つくんだから。	뒤돌아보지 마, 뭐가 보이는지는 알아낼 수 있으니까.	Don't look back cause you know what you might see.	
JLPT-한끝-N2-0981	降る	ふる	(눈·비가) 내리다	雨が降らない限り、祝宴は庭園で開催されるだろう。	비가 오지 않는 한 축제는 정원에서 개최될 것이다.	The festival will be held in garden unless it rains.	
JLPT-한끝-N2-0982	プレッシャー	プレッシャー	압력	ボスにプレッシャーをかけられている。	보스에게 압박을 받고 있다.	I've come under pressure from my boss.	
JLPT-한끝-N2-0983	触れる	ふれる	(문화·주제 등을) 접하다	また一方で、若者たちは仏教に触れる中で、仏教を心の支えに必要なものと考え始めているようだ。	또 한편으로 젊은이들은 불교를 접하면서 불교를 마음의 버팀목에 필요한 것으로 여기기 시작하는 듯하다.	On the other hand, there seem to be those among young folk who, while touching on Buddhism, have started to think of it as a vital spiritual support.	
JLPT-한끝-N2-0984	分解	ぶんかい	분해	光線はプリズムによって七色に分解される。	광선은 프리즘에 의해 일곱 가지 색으로 분해된다.	Light is resolved by a prism into seven colors.	
JLPT-한끝-N2-0985	文学賞	ぶんがくしょう	문학상	彼の小説は文学賞を受賞したことから、広く知られるようになった。	그의 소설은 문학상을 수상함으로써 널리 알려지게 되었다.		
JLPT-한끝-N2-0986	分析	ぶんせき	분석	次の記述分析は１５００以上の厳密に管理されたアンケート調査によって得られたものである。	다음의 기술 분석은 1500개 이상의 엄밀하게 관리된 설문조사를 통해 얻어진 것이다.	The following descriptive analysis was derived from over 1500 closely-monitored questionnaires.	
JLPT-한끝-N2-0987	分担	ぶんたん	분담	あなたは自分の分担の仕事をしないことに対していつもいいわけをする。	당신은 자신의 분담 일을 하지 않는 것에 대해 항상 좋은 셈을 한다.	You always make excuses for not doing your share of the work.	
JLPT-한끝-N2-0988	分野	ぶんや	분야, 활동 범위	サービス産業には、通信、運輸、流通、金融をはじめものの生産には関係ないたくさんの分野が含まれる。	서비스 산업에는 통신, 운수, 유통, 금융을 비롯하여 생산과는 상관없는 많은 분야가 포함된다.	Service industries include communication, transportation, distribution, finance and a host of other areas which do not involve production of goods.	
JLPT-한끝-N2-0989	平均	へいきん	평균	最近の研究によれば、日本人の平均寿命はまだ伸びているそうだ。	최근의 연구에 의하면 일본인의 평균수명은 아직도 증가하고 있다고 한다.	According to a recent study, the average life span of the Japanese is still increasing.	
JLPT-한끝-N2-0990	平和	へいわ	평화	高い山の上で彼らは彼ら自身の小さな町を作り、平和に暮らした。	높은 산 위에서 그들은 그들 자신의 작은 마을을 만들고 평화롭게 살았다.	There on the top of a high mountain they built a small town of their own and lived in peace.	
JLPT-한끝-N2-0991	隔てる	へだてる	사이를 두다, 멀리하다	アイルランドとイギリスは海によって隔てられている。	아일랜드와 영국은 바다에 의해 분리되어 있다.	Ireland and England are separated by the sea.	
JLPT-한끝-N2-0992	別会場	べつかいじょう	다른 회장, 다른 장소	参加者が予想を上回ったため、講演は別会場で行われることになった。	참가자가 예상을 웃돌아 강연은 다른 행사장에서 열리게 되었다.		
JLPT-한끝-N2-0993	減る	へる	줄다	日本の海外援助は、１つには国内の経済の減速によって減りつつある。	일본의 해외 원조는 한 가지로는 국내 경제의 둔화로 인해 줄어들고 있다.	Japan's foreign aid is decreasing in part because of an economic slowdown at home.	
JLPT-한끝-N2-0994	返却	へんきゃく	반환, 반납	間違いを訂正した上で、ファイルをルクセンバーグ氏に返却して下さい。	오류를 정정하고 파일을 루크센버그 씨에게 반환해 주세요.	Correct the mistake and return the file to Mr Luxemburg.	
JLPT-한끝-N2-0995	勉強漬け	べんきょうづけ	공부에 열중함	試験前だからといって、毎日勉強漬けでは集中力が続かない。	시험 전이라고 해서 매일 공부에만 매달리면 집중력이 오래가지 않는다.		
JLPT-한끝-N2-0996	変更	へんこう	변경	分子Ｄの運動の観察に基づき、可能な出口が３つ存在するようシステムに変更を加える。	분자 D의 운동 관찰을 기반으로 가능한 출구가 3개 존재하도록 시스템에 변화를 가한다.	Based on my observation of the movement of particle D, I modify the system so that there exist three possible exits.	
JLPT-한끝-N2-0997	編集	へんしゅう	편집	ブラックリストに載っていれば編集を拒否するてなこと考えてました。	블랙리스트에 올라 있으면 편집을 거부할 생각이었어요.	I considered doing something like blocking edits based on a blacklist.	
JLPT-한끝-N2-0998	返品	へんぴん	반품	返品した品物の代金を私の口座に振り込んで下さい。	반품한 물건의 대금을 제 계좌로 입금해 주세요.	Please credit my account for the returned item.	
JLPT-한끝-N2-0999	貿易	ぼうえき	무역	昨年は輸出が好調の反面、輸入が落ち着いていたので貿易収支は改善した。	지난해에는 수출이 호조를 보인 반면 수입이 진정돼 무역수지는 개선됐다.	The nation's trade balance improved last year as exports were strong, while imports remained steady.	
JLPT-한끝-N2-1000	報告書	ほうこくしょ	보고서	一方で彼は私の報告書を賞賛したが、他方ではそれを批判した。	한편으로 그는 내 보고서를 칭찬했지만, 다른 한편으로는 그것을 비판했다.	On the one hand he praised my report, but on the other hand he criticized it.	
JLPT-한끝-N2-1001	防災	ぼうさい	방재	災害による被害を減らすには、地域全体で防災意識を高める必要がある。	재해로 인한 피해를 줄이려면 지역 전체에서 방재의식을 높일 필요가 있다.		
JLPT-한끝-N2-1002	帽子	ぼうし	모자	女性は、写真から帽子を取り除く事は可能かどうか、カメラマンに聞いた。	여성은 사진에서 모자를 제거하는 것이 가능한지 카메라맨에게 물었다.	She wanted to know if the photographer could remove the hat from the picture.	
JLPT-한끝-N2-1003	方針	ほうしん	방침	個人に関する情報は、教えないのが私どもの方針です。	개인에 관한 정보는 알려주지 않는 것이 저희 방침입니다.	It is our policy not to give out personal information.	
JLPT-한끝-N2-1004	宝石	ほうせき	보석	その老人は、金と宝石で若い女の子の歓心を買った。	그 노인은 금과 보석으로 젊은 여자아이의 환심을 샀다.	The old man bribed a young girl with money and jewelry.	
JLPT-한끝-N2-1005	豊富	ほうふ	풍부함	なるほど彼女は料理の知識は豊富だが、料理は上手ではない。	그렇구나 그녀는 요리 지식은 풍부하지만 요리는 잘하지 못한다.	True she knows a lot about cooking, but she is not a good cook.	
JLPT-한끝-N2-1006	方法	ほうほう	방법	何かについて文句を言うことが、新しい環境に慣れる１つの方法である。	무언가에 대해 불평하는 것이 새로운 환경에 적응하는 한 방법이다.	Complaining about something is one way to adapt yourself to a new environment.	
JLPT-한끝-N2-1007	方々	ほうぼう	여러 곳	現在、参加を希望する方々がとても多く、状況によって１ヶ月先まで満席になっております。	현재 참여를 원하시는 분들이 굉장히 많고, 상황에 따라 한 달 전까지만 해도 만석입니다.	At present a very great number of people are seeking to participate and, depending on circumstances, up to a month ahead is fully booked.	
JLPT-한끝-N2-1008	ほぼ	ほぼ	거의	日本は４つの大きな島と、３、０００以上の小さな島からなり、面積はカリフォルニアとほぼ同じです。	일본은 4개의 큰 섬과 3,000개 이상의 작은 섬으로 이루어져 있으며, 면적은 캘리포니아와 거의 비슷합니다.	Japan consists of four major islands and over 3,000 small islands, and is about equal to California in area.	
JLPT-한끝-N2-1009	訪問	ほうもん	방문	やむを得ず訪問するのはいやだったが、やはりしないわけには行かなかった。	어쩔 수 없이 방문하는 것은 싫었지만 역시 안 할 수 없었다.	I disliked the idea of the necessary call, but it was to be done.	
JLPT-한끝-N2-1010	法律	ほうりつ	법률	我々自身にとっての法律は、我々の理性が法律である。	우리 자신에게 법은 우리의 이성이 법이다.	Law to ourselves, our reason is our law.	
JLPT-한끝-N2-1011	ボール状	ボールじょう	둥근 형태, 둥근 모양	回収された物質は、冷えるにつれてボール状に固まっていった。	회수된 물질은 식으면서 공 모양으로 굳어 갔다.		
JLPT-한끝-N2-1012	ほがらか	ほがらか	명랑함	彼女は勇敢でほがらかで、いつも自分の苦難などは問題にしなかった。	그녀는 용감하고 포복해서 항상 자신의 고난 등은 문제 삼지 않았다.	She was brave and cheerful, and always made little of her troubles.	
JLPT-한끝-N2-1013	星	ほし	별	われわれは必ずしもあの星を肉眼で見られるとは限らない。	우리는 반드시 저 별을 육안으로 볼 수 있는 것은 아니다.	We cannot necessarily see the star with the naked eye.	
JLPT-한끝-N2-1014	募集	ぼしゅう	모집	うちのバスケット部は背の高い男子を募集している。	우리 농구부는 키가 큰 남자를 모집하고 있어.	Our basketball team is recruiting tall boys.	
JLPT-한끝-N2-1015	保証	ほしょう	보증	彼の性格については保証します。よく彼のことをしっていますから。	그의 성격에 대해서는 보장합니다, 자주 그를 놀리고 있으니까요.	I'll answer for his character I know him very well.	
JLPT-한끝-N2-1016	補足	ほそく	보충	補足情報には、副詞や副詞のはたらきをするものが入ります。	보충 정보에는 부사나 부사의 분무를 하는 것이 들어갑니다.	Supplementary information includes adverbs and things that function as adverbs.	
JLPT-한끝-N2-1017	保存	ほぞん	보존	彼の研究室には、１、０００冊以上のノートが保存されていた。	그의 연구실에는 1,000권 이상의 노트가 보존되어 있었다.	Preserved in his laboratory were more than a thousand notebooks.	
JLPT-한끝-N2-1018	ほっと	ほっと	안심하는 모양	私たちが本当にほっとした事には、翌朝彼が無事帰宅した。	우리가 정말 안심했던 일에는 다음날 아침 그가 무사히 귀가했다.	The next morning, to our great relief, he returned home safe and sound.	
JLPT-한끝-N2-1019	骨	ほね	뼈	眼窩とは、目をいれている骨のいれもののことです。	안와는 눈을 넣고 있는 뼈의 뼈 있는 것을 말합니다.	The eye socket is the bone receptacle in which the eye fits.	
JLPT-한끝-N2-1020	掘る	ほる	파다	直径１メートル、深さ２メートルの穴を掘るのに、約２時間半かかりました。	직경 1미터, 깊이 2미터의 구덩이를 파는 데 약 2시간 반이 걸렸습니다.	It took me about two hours and a half to dig a hole one meter in diameter and two meters in depth.	
JLPT-한끝-N2-1021	ほんの	ほんの	그저, 단지	大発明に関しては、偶然はほんの小さな役割しかしなかった。	그러나 대발명에 관해서는 우연은 아주 작은 역할만 했다.	With regard to big inventions, chance has played a very small part.	
JLPT-한끝-N2-1022	本物	ほんもの	진짜	映画、ジュラシックパークの恐竜は本物そっくりだ。	영화 쥬라기공원의 공룡은 진짜와 똑같다.	"The dinosaurs in the film ""Jurassic Park"" were true to life."	
JLPT-한끝-N2-1023	ぼんやり	ぼんやり	멍하니, 흐릿하게	ぼんやり運転していたら、入っていく道を見逃すよ。	멍하니 운전하다 보면 들어가는 길을 놓칠 거야.	If you drive carelessly, you will miss your turn.	
JLPT-한끝-N2-1024	真新しい	まあたらしい	아주 새롭다	駅前に建った真新しい図書館は、地域交流の拠点として期待されている。	역 앞에 들어선 새로운 도서관은 지역 교류의 거점으로 기대되고 있다.		
JLPT-한끝-N2-1025	まあまあ	まあまあ	그런대로	彼は銀行員として、まあまあの給料をもらっている。	그는 은행원으로서 그럭저럭 월급을 받고 있다.	He gets a reasonable salary as a bank clerk.	
JLPT-한끝-N2-1026	マイペース	マイペース	자기 나름의 방식	周囲に急かされても、彼はマイペースを崩すことなく作業を続けた。	주위에 재촉해도 그는 제 페이스만 잃지 않고 작업을 계속했다.		
JLPT-한끝-N2-1027	真後ろ	まうしろ	바로 뒤	彼は私の真後ろにいた。	그는 내 바로 옆에 있었다.	He was just behind me.	
JLPT-한끝-N2-1028	間際	まぎわ	직전	診察室を出る間際、先生が「バイバイ」と手を振ってくださいました。	"진료실을 나가기 직전 선생님이 ""바이바이""라며 손을 흔들어주셨습니다."	Just as we were leaving the exam room the doctor waved his hand saying, 'bye-bye'.	
JLPT-한끝-N2-1029	混じる	まじる	섞이다	彼はそうそうたる学者に混じって落ち着かなかった。	그는 쟁쟁한 학자에 섞여 어수선했다.	He felt ill at ease among prominent scholars.	
JLPT-한끝-N2-1030	増す	ます	늘다	独り立ちする能力がだんだん増すにつれて賢明に行動することが出来るようになるために、視野を広げなさい。	홀로서기 능력이 점점 늘어남에 따라 현명하게 행동할 수 있도록 시야를 넓혀라.	Broaden your horizon so that as you become more and more able to take care of yourself you will move intelligently.	
JLPT-한끝-N2-1031	貧しい	まずしい	가난하다	マザー・テレサは、貧しい人々が何を必要としているかを見て回ることから活動を始めた。	테레사는 가난한 사람들이 무엇을 필요로 하는지 살피는 일부터 활동을 시작했다.	Mother Teresa began her work by looking around to see what was needed.	
JLPT-한끝-N2-1032	乾く	かわく	마르다	舌の根も乾かぬ内に、またいいかげんな話をするなよ。	혀 뿌리도 마르지 않는 동안에 또 쓸데없는 말을 하지 마.	No sooner is one lie out of your mouth than you're telling (yet) another.	
JLPT-한끝-N2-1033	祭り	まつり	축제	その祭りはつまらないどころではありませんでした。	그 축제는 재미없는 것은 아니었어요.	The festival was far from dull.	
JLPT-한끝-N2-1034	窓	まど	창문	私は窓を閉め忘れただけでなく、掃除することも忘れた。	나는 창문을 닫는 것뿐만 아니라 청소하는 것도 잊었다.	Not only did I forget to close the window, but I also forgot to sweep.	
JLPT-한끝-N2-1035	招く	まねく	초대하다, 초래하다	子どもを甘やかして育てたことで、ステラは後に自ら災いを招くことになってしまった。	아이를 애지중지 키우면서 스텔라는 나중에 스스로 화를 자초하게 되고 말았다.	In spoiling her child, Stella made a rod for her own back in the years that were to follow.	
JLPT-한끝-N2-1036	守る	まもる	지키다	私達が守るべき最善の策は、人のことには口出ししないことだ。	우리가 지켜야 할 최선의 방책은 남의 일에 참견하지 않는 것이다.	The best policy for us to observe is to mind our own business.	
JLPT-한끝-N2-1037	迷う	まよう	망설이다, 길을 잃다	ビルは２０分も遅刻だ。どこかで道に迷ったに違いない。	빌딩은 20분이나 지각이야 어디선가 길을 잃은 게 틀림없어.	Bill is 20 minutes late. He must have gotten lost somewhere.	
JLPT-한끝-N2-1038	真夜中	まよなか	한밤중	次のバスには遅れるだろうが、とにかく真夜中前には着くよ。	다음 버스는 늦겠지만 어쨌든 한밤중 전에는 도착할 거야.	We may miss the next bus but at any rate we'll be there before midnight.	
JLPT-한끝-N2-1039	まれ	まれ	드묾	彼らがフランス語を話すことは、もしあってもまれだ。	그들이 프랑스어를 하는 일은 혹시 있어도 드물다.	They seldom, if ever, speak in French.	
JLPT-한끝-N2-1040	万年筆	まんねんひつ	만년필	私は万年筆をなくしてしまった。明日買わなければならない。	나는 만년필을 잃어버렸어 내일 사야겠어.	I've lost my fountain pen. I have to buy one tomorrow.	
JLPT-한끝-N2-1041	磨く	みがく	닦다	ケイトが演技を磨くために注ぐ力を邪魔する物は、何もありませんでした。	케이트가 연기를 연마하기 위해 쏟는 힘을 방해하는 것은 아무것도 없었습니다.	Nothing could hinder Kate from using all her energy to polish her performances.	
JLPT-한끝-N2-1042	未経験	みけいけん	미경험	彼は若くて未経験だがやる気満々だ。	그는 젊고 경험이 없지만 의욕이 넘친다.	He is young and inexperienced, but quite enterprising.	
JLPT-한끝-N2-1043	見事	みごと	훌륭함	「お見事、よくやった」と小川選手を褒め称える報道が多かった。	"""멋지다, 잘했다""며 오가와 선수를 치켜세우는 보도가 많았다."	"There were many journalists who praised Ogawa with, ""bravo, good show!"""	
JLPT-한끝-N2-1044	未使用	みしよう	미사용	未使用の商品に限り、購入後一週間以内であれば返品できる。	미사용 상품에 한해 구매 후 일주일 이내면 반품할 수 있다.		
JLPT-한끝-N2-1045	湖	みずうみ	호수	この湖についての不思議な伝説が言い伝えられている。	이 호수에 대한 신기한 전설이 전해져 내려오고 있다.	A mysterious legend has been handed down about this lake.	
JLPT-한끝-N2-1046	自ら	みずから	스스로	みつなは綺麗好きだから、よく自ら進んで掃除をしています。	미누는 예뻐하기 때문에 자주 스스로 나서서 청소를 하고 있습니다.	Mitsuna is very tidy so she often cleans up off her own bat.	
JLPT-한끝-N2-1047	見出し	みだし	표제	この辞書は見出し語が約４万はいっている。	이 사전은 표제어가 약 4만 개는 되어 있다.	This dictionary contains about 40,000 headwords.	
JLPT-한끝-N2-1048	乱れる	みだれる	흐트러지다	恋人の死の知らせに彼女の心は乱れた。	연인의 죽음 소식에 그녀의 마음은 동요했다.	She was agitated by the news of her lover's death.	
JLPT-한끝-N2-1049	導く	みちびく	이끌다	このことから、大規模な人口移動は経済変化の結果ではないという議論を導くことができる。	이런 점에서 대규모 인구 이동은 경제 변화의 결과가 아니라는 논의를 이끌 수 있다.	From this we can derive the argument that major population shifts are not the result of economic change.	
JLPT-한끝-N2-1050	密接	みっせつ	밀접함	典型的な労働者にとって、その全生涯は勤務する会社と密接につながっている。	전형적인 노동자들에게는 그 전 생애는 근무하는 회사와 밀접하게 연결되어 있다.	Even now, the typical worker's whole life is still bound up with the company he works for.	
JLPT-한끝-N2-1051	みっともない	みっともない	보기 흉하다	若い者が、自分の望むような仕事につけないという、ただ、それだけの理由で、ぶらぶらしているとすれば、それはみっともないだろう。	젊은 사람이 자신이 원하는 일을 할 수 없다는, 그저 그만한 이유로 어슬렁거리고 있다면 그것은 보기 흉할 것이다.	It would be a shame for a young man to be at loose ends just because he can't get the kind of job he wants.	
JLPT-한끝-N2-1052	密閉	みっぺい	밀폐	この食品は密閉された容器に入れておけば一週間もつ。	이 식품은 밀폐된 용기에 넣어두면 일주일 동안 보관한다.	This food will keep for a week in an airtight container.	
JLPT-한끝-N2-1053	認める	みとめる	인정하다	ボスは部下の一人がやったことを認めるわけにはいかない。	보스는 부하 중 한 명이 한 짓을 인정할 수는 없다.	The boss could not approve of what one of his men did.	
JLPT-한끝-N2-1054	皆	みな	모두	法学を学んでいる学生が皆法律家になれるというわけではない。	법학을 공부하는 학생들이 모두 법조인이 될 수 있는 것은 아니다.	Not every student studying law can be a lawyer.	
JLPT-한끝-N2-1055	見逃す	みのがす	놓치다	ぼんやり運転していたら、入っていく道を見逃すよ。	멍하니 운전하다 보면 들어가는 길을 놓칠 거야.	If you drive carelessly, you will miss your turn.	
JLPT-한끝-N2-1056	見本	みほん	견본	まずは自ら見本を示す。そういった率先垂範の気持ちがなければ誰も君には付いてこないよ。	우선은 스스로 본보기를 보여. 그런 솔선수범하는 마음이 없으면 아무도 너를 따라오지 않아.	You have to think of the example you're setting. You'll never be able to lead if you don't set an example worth of following.	
JLPT-한끝-N2-1057	耳にする	みみにする	듣다	テレビを見たりラジオを聞いたりするとき、耳にする音楽はしばしばアフリカ起源のものです。	TV를 보거나 라디오를 들을 때 듣는 음악은 종종 아프리카 기원입니다.	When you watch television or listen to the radio, the music which you hear is often African in origin.	
JLPT-한끝-N2-1058	妙	みょう	묘함	彼は自分の妙な行動について明確に説明はしなかった。	그는 자신의 묘한 행동에 대해 명확하게 설명하지는 않았다.	He offered no specific explanation for his strange behavior.	
JLPT-한끝-N2-1059	未来	みらい	미래	予知能力とは霊力を使って、未来に起こることがらについて知ること。	예지 능력이란 영력을 사용해서 미래에 일어날 일에 대해 아는 것.	Precognition is the act of using spiritual-power to know things that will occur in the future.	
JLPT-한끝-N2-1060	向かい	むかい	맞은편	彼の足の状態は深刻でしたが、運良く快方に向かいました。	그의 다리 상태는 심각했지만 운 좋게 쾌적해졌습니다.	His leg was in critical condition but fortunately it got better.	
JLPT-한끝-N2-1061	迎え	むかえ	마중	もしもし、僕だけど、駅まで迎えに来てくれないかい？	여보세요, 나지만 역까지 마중 나와주지 않을래?	Hello, it's me. Will you come to the station for me?	
JLPT-한끝-N2-1062	迎える	むかえる	맞이하다	人生の危機を無事、通り抜けてはじめて、平穏な時期を迎えることができる。	인생의 위기를 무사히 지나가야만 평온한 시기를 맞을 수 있다.	We cannot expect to have halcyon days until we get safely through the crucial period in life.	
JLPT-한끝-N2-1063	昔	むかし	옛날	私が知っている限りでは、彼は昔優秀な生徒だった。	내가 알기로는 그는 옛날에 우수한 학생이었어.	So far as I know, he used to be a good student.	
JLPT-한끝-N2-1064	むかつく	むかつく	화가 치밀다	クリスがどんなにむかつくかと思うと、頭が痛くなりそう。	크리스가 얼마나 짜증나려고 하면 머리가 아플 것 같아.	I fear I'm getting a headache thinking about how annoying Chris is.	
JLPT-한끝-N2-1065	無口	むくち	말이 없음	彼は無口で、話しかけられなければしゃべりません。	그는 말없이 말을 걸지 못하면 말을 하지 않습니다.	He is reticent and he never speaks unless spoken to.	
JLPT-한끝-N2-1066	無計画	むけいかく	무계획	無計画に開発を進めれば、自然環境を損なうおそれがある。	계획 없이 개발을 진행하면 자연환경이 훼손될 우려가 있다.		
JLPT-한끝-N2-1067	矛盾	むじゅん	모순	矛盾する報告を受けて、その役員は自分の立場を考え直した。	모순되는 보고를 받고 그 임원은 자신의 입장을 다시 생각했다.	Conflicting reports prompted the director to reconsider her position.	
JLPT-한끝-N2-1068	娘	むすめ	딸	私の娘は最近口答えをしなくなった。気持ちを新たにして生活を一新したに違いない。	내 딸은 요즘 말대꾸를 하지 않아. 마음을 새롭게 하고 생활을 일신한 게 틀림없어.	My daughter does not talk back these days; she must have turned over a new leaf.	
JLPT-한끝-N2-1069	無責任	むせきにん	무책임	彼は怠惰で無責任だった。結局、彼は退社を命じられた。	그는 게으르고 무책임했다. 결국 그는 퇴사를 명령받았다.	He was lazy and irresponsible. Thus, he was told to leave the company.	
JLPT-한끝-N2-1070	夢中	むちゅう	열중	彼は映画に夢中になっているので、手当たり次第に映画を見る。	그는 영화에 푹 빠져 있기 때문에 닥치는 대로 영화를 본다.	Since he is the movie crazy, he watches a movie randomly.	
JLPT-한끝-N2-1071	村	むら	마을	聞くところによると、彼は村ではひとかどの人物だそうだ。	듣기로는 그는 마을에서는 일급의 인물이라고 한다.	I hear he is somebody in his village.	
JLPT-한끝-N2-1072	群れ	むれ	무리	一面の黄色は、どう繁茂したのか見当もつかないヒマワリの群れだ。	한 폭의 노란색은 어떻게 번성했는지 가늠할 수 없는 병아리 떼다.	The landscape of yellow, a mass of sunflowers flourishing beyond measure.	
JLPT-한끝-N2-1073	明確	めいかく	명확함	彼は仕事の進め方について明確な考えを持っていない。	그는 일의 진행 방식에 대해 뚜렷한 생각을 가지고 있지 않다.	He has no distinct idea of how to proceed.	
JLPT-한끝-N2-1074	名所	めいしょ	명소	名所があまり多くて１、２日で見るわけにはいかなかった。	명소가 너무 많아서 하루 이틀에 볼 수는 없었다.	There were too many sights to see in a day or two.	
JLPT-한끝-N2-1075	目上	めうえ	윗사람	目上の人のすることについて話す時、尊敬語を使います。	웃어른이 하는 일에 대해 말할 때 존경어를 사용합니다.	When speaking about your superiors' actions, you use respectful language.	
JLPT-한끝-N2-1076	恵まれる	めぐまれる	혜택받다	世の中のすべての人々が、あなたが与えられてきたような有利な条件に恵まれてきたわけではない。	세상의 모든 사람들이 당신이 주어진 것과 같은 유리한 조건을 누려 온 것은 아니다.	All the people in this world haven't had the advantages that you've had.	
JLPT-한끝-N2-1077	めくる	めくる	(책장을) 넘기다	半角カタカナをインターネット上で使っていろんな所にいけば、いつか顰蹙をかいまくる事になるよ。	반각 가타카나를 인터넷에 쓰고 여러 곳에 가면 언젠가 빈축을 사게 될 거야.	If you go around the Internet, using half-width katakana in various places, eventually you're going to end up pissing off a lot of people.	
JLPT-한끝-N2-1078	目指す	めざす	목표로 하다	その民主主義者は、自分の目指すことを達成させようと一人で努力した。	그 민주주의자는 자신이 목표로 하는 바를 달성하려고 혼자서 노력했다.	The democrat endeavored to accomplish his aim by himself.	
JLPT-한끝-N2-1079	珍しい	めずらしい	드물다	それまで外国にいったことがなかったから、全てが私にとっては珍しかった。	그때까지 외국에 가본 적이 없었기 때문에 모든 것이 나에게는 드물었다.	I had never been abroad, so everything seemed strange to me.	
JLPT-한끝-N2-1080	面する	めんする	면하다	ニューヨークは、ハドソン川に面している。	뉴욕은 허드슨강에 접해 있다.	New York is on the Hudson River.	
JLPT-한끝-N2-1081	面接	めんせつ	면접	面接がとてもうまくいったので、彼はその仕事についた。	면접이 너무 잘 되어서 그는 그 일에 붙었다.	The interview went off so well that he got the job.	
JLPT-한끝-N2-1082	面倒	めんどう	귀찮음	君が働きに出ることには反対しないけれども、子供達の面倒はどうするつもりだい。	네가 일하러 나가는 것은 반대하지 않지만, 아이들을 돌보는 것은 어떻게 할 거야.	I don't object to your going out to work, but who will look after the children?	
JLPT-한끝-N2-1083	申し込み	もうしこみ	신청	われわれの広告に対してたくさんの申し込みがあった。	우리의 광고에 대해 많은 신청이 있었다.	We've received a lot of applications in answer to our advertisements.	
JLPT-한끝-N2-1084	申し訳ない	もうしわけない	죄송하다	申し訳ないが、ついさっきまで君をうそつきだと思っていた。	미안하지만, 방금 전까지만 해도 널 거짓말쟁이로 생각했어.	I'm sorry that I had been viewing you as a liar until just a few minutes ago.	
JLPT-한끝-N2-1085	目的	もくてき	목적	宇宙の利用は、日本の参加に関する限りでは、非軍事的目的に限定されるべきである。	우주의 이용은 일본의 참여에 관한 한 비군사적 목적에 국한되어야 한다.	The use of space must be limited to non-military purposes as far as Japan's involvement is concerned.	
JLPT-한끝-N2-1086	持つ	もつ	가지다	この（英語で）４語はたくさんの複雑な情報を伝えるばかりでなく、諺の持つ説得力もあるのである。	이 네 단어는 많은 복잡한 정보를 전달할 뿐만 아니라 속담들이 가진 설득력도 있는 것이다.	Those four words carried not only a lot of complex information, but also the persuasive force of a proverb.	
JLPT-한끝-N2-1087	最も	もっとも	가장	私が知る限り、彼は町で最もすぐれた医者の一人だ。	내가 아는 한, 그는 마을에서 가장 뛰어난 의사 중 한 명이다.	As far as I know, he is one of the best doctors in town.	
JLPT-한끝-N2-1088	戻す	もどす	되돌리다	僕の聞いたのとは違うな。奥さんとのよりを戻そうとしているらしいわよ。	내가 들은 것과는 다르네, 부인과의 사이를 되돌리려고 하는 것 같아.	That's not what I heard. I heard he's patching everything up with his wife.	
JLPT-한끝-N2-1089	求める	もとめる	구하다	最近では、人々が移民していく場合、日光とか植物、あるいは召使いを求めていくというわけではない。	요즘에는 사람들이 이민을 가는 경우 햇빛이라든가 식물, 혹은 하인을 찾아가는 것은 아니다.	These days, when people emigrate, it is not so much in search of sunshine, or food, or even servants.	
JLPT-한끝-N2-1090	物語	ものがたり	이야기	しかし、これは死にたいと思っているある老人の物語です。	하지만 이건 죽고 싶어하는 한 노인의 이야기예요.	But this is the story of an old man who wants to die.	
JLPT-한끝-N2-1091	物足りない	ものたりない	어딘가 부족하다	このドラマは単純な勧善懲悪もので、今一つ深みに欠けて物足りない。	이 드라마는 단순한 권선징악물로, 지금 한 가지 깊이가 빠져 아쉬움이 남는다.	This drama is missing something. All it is is a simple cautionary tale with no real depth.	
JLPT-한끝-N2-1092	模範	もはん	모범	厄介者が、模範市民になることはあまりない。	골칫거리가 모범 시민이 되는 경우는 별로 없다.	Troublemakers rarely become model citizens.	
JLPT-한끝-N2-1093	催し	もよおし	행사	アカデミー授賞式は、ハリウッド最大の華やかな催しだ。	아카데미 시상식은 할리우드 최대의 화려한 행사다.	The Oscar ceremonies are Hollywood's biggest extravaganza.	
JLPT-한끝-N2-1094	最寄	もより	가장 가까움	その事故で負傷した乗客は最寄りの病院に運ばれた。	그 사고로 부상을 입은 승객은 가까운 병원으로 옮겨졌다.	The passengers who were injured in the accident were taken to the nearest hospital.	
JLPT-한끝-N2-1095	文句	もんく	불평	何かについて文句を言うことが、新しい環境に慣れる１つの方法である。	무언가에 대해 불평하는 것이 새로운 환경에 적응하는 한 방법이다.	Complaining about something is one way to adapt yourself to a new environment.	
JLPT-한끝-N2-1096	約	やく	약, 대략	一方の本は薄い、他方は厚い、厚いのは約２００ページある。	한편의 책은 얇고, 다른 한편은 두껍고, 두꺼운 것은 약 200페이지 있다.	One book is thin. The other is thick. The thick one has about 200 pages.	
JLPT-한끝-N2-1097	役に立つ	やくにたつ	도움이 되다	薬によっては、役に立つどころか逆に害になるものもある。	약에 따라서는 도움이 되기는커녕 오히려 해가 되는 것도 있다.	Some medicines will do you more harm than good.	
JLPT-한끝-N2-1098	役目	やくめ	역할	「修飾語」は、その名前のとおり、文を飾る役目をします。	수식어는 그 이름처럼 글을 장식하는 역할을 합니다.	"A ""modifier"" has, just as it sounds, the role of embellishing sentences."	
JLPT-한끝-N2-1099	焼ける	やける	타다, 구워지다	それで中央郵便局が焼けて、やつらが私たちの大統領を誘拐したことを知ったの。	그래서 중앙 우체국이 불타서 녀석들이 우리 대통령을 유괴했다는 것을 알게 되었어.	That's when we learned that the main post office was on fire and that they had kidnapped our President.	
JLPT-한끝-N2-1100	養う	やしなう	기르다	家族を養っていく事は、彼にとって大変な重荷であった。	가족을 먹여 살리는 일은 그에게 큰 짐이었다.	Supporting his family was a great burden for him.	
JLPT-한끝-N2-1101	家賃	やちん	집세	彼は家賃をだいぶ滞納し、そのためアパートをたちのかされた。	그는 월세를 많이 체납했고, 그래서 아파트를 빼앗겼다.	He was way behind on his rent. As a result, he was evicted from his apartment.	
JLPT-한끝-N2-1102	雇う	やとう	고용하다	あの会社は、人種や宗教、国籍に関係なく人を雇う。	그 회사는 인종이나 종교, 국적에 관계없이 사람을 고용한다.	That company hires people without regard to race, religion, or nationality.	
JLPT-한끝-N2-1103	敗れる	やぶれる	패배하다	ナポレオンの軍隊は１８１５年にワーテルローの戦いに敗れた。	나폴레옹의 군대는 1815년 워털루 전투에서 패했다.	Napoleon's army lost the battle of Waterloo in 1815.	
JLPT-한끝-N2-1104	破れる	やぶれる	찢어지다	バスに遅れて、会社に遅れてストッキングが破れて。	버스에 늦어서 회사에 늦어서 스타킹이 찢어져서요.	I was late for the bus, late for work, and got a run my stockings.	
JLPT-한끝-N2-1105	山のふもと	やまのふもと	산기슭	紀元前７７６年、最初のオリンピック競技大会は、ギリシャ人の主神ゼウスをたたえるため、オリンポス山のふもとで開催された。	기원전 776년 최초의 올림픽 경기대회는 그리스인들의 주신 제우스를 기리기 위해 올림포스산 자락에서 개최되었다.	In 776 B.C. the first Olympic Games were held at the foot of Mount Olympus to honor the Greeks chief god, Zeus.	
JLPT-한끝-N2-1106	やむを得ない	やむをえない	어쩔 수 없다	この若人に対してねたましく思う気持ちを、君はやむを得ないものと受け入れなければならない。	이 젊은이한테 홀딱 반하는 마음을 너는 어쩔 수 없는 것으로 받아들여야 해.	You need to come to terms with your jealousy of this young man.	
JLPT-한끝-N2-1107	辞める	やめる	그만두다	彼がその仕事を辞める理由は、それに耐えられないからである。	그가 그 일을 그만두는 이유는 그것을 견딜 수 없기 때문이다.	The reason why he should resign his job is that he is not equal to it.	
JLPT-한끝-N2-1108	やや	やや	약간	身振り言語はしかしながら、暗い所や、やや離れた所では使えないので重大な限界があった。	몸짓 언어는 그러나 어두운 곳이나 다소 떨어진 곳에서는 사용할 수 없기 때문에 중대한 한계가 있었다.	Gestural language had, however, serious limitations, since it could not be used in the dark or at distance.	
JLPT-한끝-N2-1109	柔らか	やわらか	부드러움	巣は柔らかそうでもろそうに見えるが、丈夫である。	둥지는 부드러워 보글보글해 보이지만 튼튼하다.	Although the web looks soft and delicate, it is strong.	
JLPT-한끝-N2-1110	有効	ゆうこう	유효함	私は有効なビザを持っていたので、入国を許可された。	나는 유효한 비자를 가지고 있었기 때문에 입국을 허가받았다.	I had a valid visa, so I was allowed to enter the country.	
JLPT-한끝-N2-1111	優秀	ゆうしゅう	우수함	私が知っている限りでは、彼は昔優秀な生徒だった。	내가 알기로는 그는 옛날에 우수한 학생이었어.	So far as I know, he used to be a good student.	
JLPT-한끝-N2-1112	優勝	ゆうしょう	우승	その競技で優勝したそうで、おめでとうございます。	그 경기에서 우승했다고 하니 축하드립니다.	Congratulations on coming first in the competition.	
JLPT-한끝-N2-1113	ユーモア	ユーモア	유머	しかし、最近新しいタイプのユーモアが流行してきている。これは主にアメリカで生まれたものである。	그러나 최근 새로운 유형의 유머가 유행하고 있다 이는 주로 미국에서 생겨난 것이다.	However, a new type of humor, which stems largely from America, has recently come into fashion.	
JLPT-한끝-N2-1114	有利	ゆうり	유리함	世の中のすべての人々が、あなたが与えられてきたような有利な条件に恵まれてきたわけではない。	세상의 모든 사람들이 당신이 주어진 것과 같은 유리한 조건을 누려 온 것은 아니다.	All the people in this world haven't had the advantages that you've had.	
JLPT-한끝-N2-1115	愉快	ゆうかい	유쾌함	老人は我々にその愉快な事件について話した。	노인은 우리에게 그 유쾌한 사건에 대해 이야기했다.	The old man told us about the amusing incident.	
JLPT-한끝-N2-1116	行方	ゆくえ	행방	われわれは、彼女の行方を突き止めることが出来なかった。	우리는 그녀의 행방을 알아낼 수 없었다.	We couldn't find out her whereabouts.	
JLPT-한끝-N2-1117	豊か	ゆたか	풍요로움	日本文学は、その美しさと豊かさにもかかわらず、西欧ではまだ不十分にしか知られていない。	일본문학은 그 아름다움과 풍요로움에도 불구하고 서구에서는 아직 미흡하게만 알려져 있다.	Japanese literature, in spite of its beauty and riches, is as yet inadequately known in the West.	
JLPT-한끝-N2-1118	譲る	ゆずる	양보하다	彼女は白人のすぐ後に座り、彼女の後から乗ってきた白人の乗客に自分の席を譲るのを拒否した。	그녀는 백인 뒤에 앉아, 그녀의 뒤에서 타고 온 백인 승객에게 자신의 자리를 양보하기를 거부했다.	She sat just behind the seats for whites, and then refused to give up her seat to a white passenger who got on the bus after her.	
JLPT-한끝-N2-1119	油断	ゆだん	방심	我々は危険に対して油断してはならない。	우리는 위험에 대해 방심해서는 안 된다.	We must be alert to dangers.	
JLPT-한끝-N2-1120	溶岩	ようがん	용암	溶岩を地理学的に説明してくれませんか。	용암을 지리학적으로 설명해 주지 않겠습니까?	Can you give me a geological explanation of lava?	
JLPT-한끝-N2-1121	陽気	ようき	명랑함	陽気が寒くなるにつれて彼の具合がますます悪くなった。	날씨가 추워지면서 그의 상태가 점점 나빠졌다.	As the weather became colder, he went from bad to worse.	
JLPT-한끝-N2-1122	要求	ようきゅう	요구	人間の親は自分たちの赤ちゃんに、彼らが要求するものを与えることによって言葉を教える。	인간의 부모는 자신들의 아기에게 그들이 요구하는 것을 줌으로써 말을 가르친다.	Human parents teach some words by giving babies what they ask for.	
JLPT-한끝-N2-1123	容姿	ようし	용모	彼女は自分の容姿については、思い違いはしていなかった。	그녀는 자신의 외모에 대해서는 착각하지 않았다.	She had no illusions about looks.	
JLPT-한끝-N2-1124	用心	ようじん	조심, 주의	雨は降らないと思うが、万一の用心に傘を持っていこう。	비 안 올 거 같은데 혹시 모를 조심해서 우산을 챙기자.	I don't think it will rain, but I'll take an umbrella in case.	
JLPT-한끝-N2-1125	容積	ようせき	용적, 용량	近い将来、ゴミ処理費用が容積基準で有料化される可能性が高い。	가까운 미래에 쓰레기 처리 비용이 용적 기준으로 유료화될 가능성이 높다.	We will soon most likely be charged for garbage disposal by how much of it there is.	
JLPT-한끝-N2-1126	幼稚	ようち	유치함	幼稚な説得とは、人をしつこく、そそのかしていた。	유치한 설득이란, 사람을 끈질기게 속이고 속이고 있었다.	Crude persuasion is to persistently egg someone on.	
JLPT-한끝-N2-1127	用途	ようと	용도	その発見はいろいろな用途に応用できる。	그 발견은 여러 가지 용도로 응용될 수 있다.	We can apply the discovery to various uses.	
JLPT-한끝-N2-1128	予測	よそく	예측	その時計会社は年間１００万個以上の新しい時計を製造すると予測されている。	그 시계 회사는 연간 100만 개 이상의 새로운 시계를 제조할 것으로 예측되고 있다.	It is predicted that the watch company will produce over one million new watches a year.	
JLPT-한끝-N2-1129	世の中	よのなか	세상	科学上の発見が、世の中を今までよりも良い場所にするとは限らない。	과학상의 발견이 세상을 지금까지보다 더 좋은 곳으로 만들지는 않는다.	Scientific discoveries don't always make the world a better place.	
JLPT-한끝-N2-1130	呼び止める	よびとめる	불러 세우다	警察官が私を呼び止めた時、時速１２０キロで走っていた。	경찰관이 나를 불러 세웠을 때 시속 120킬로미터로 달리고 있었다.	I was going 120 kilometers an hour when the police stopped me.	
JLPT-한끝-N2-1131	予約制	よやくせい	예약제	診察は予約制となっているため、来院前に電話で申し込んでください。	진찰은 예약제로 되어 있기 때문에 병원 방문 전에 전화로 신청해 주시기 바랍니다.		
JLPT-한끝-N2-1132	喜ぶ	よろこぶ	기뻐하다	彼が大変喜んだことには、彼チームが試合に勝った。	그가 매우 기뻐한 것은 그의 팀이 경기에서 이겼기 때문이다.	To his great joy, his team won the game.	
JLPT-한끝-N2-1133	ヨーロッパ風	ヨーロッパふう	유럽풍, 유럽식	その町はヨーロッパ風のところがある。	그 동네는 유럽풍의 곳이 있어.	The town has a European air.	
JLPT-한끝-N2-1134	来学期	らいがっき	다음 학기	私は今学期ほとんど勉強をしなかったので、来学期はうんと勉強をするつもりです。	나는 이번 학기 거의 공부를 하지 않았기 때문에 다음 학기에는 공부를 열심히 할 것이에요.	I have hardly studied this term, so I'm going to study hard next term.	
JLPT-한끝-N2-1135	来シーズン	らいシーズン	다음 시즌	来シーズンに向けて、チームは若手選手の育成を進めている。	다음 시즌을 대비해 팀은 젊은 선수 육성을 추진하고 있다.		
JLPT-한끝-N2-1136	楽	らく	편안함, 쉬움	彼女にとって歌うのは鳥が空を飛ぶのと同じくらい楽なことだ。	그녀에게 노래하는 것은 새가 하늘을 나는 것만큼이나 편안한 일이다.	Singing comes as naturally to her as flying does to birds.	
JLPT-한끝-N2-1137	乱暴	らんぼう	난폭함	彼女は乱暴な運転をする人に対しては、いつも批判的だ。	그녀는 난폭 운전을 하는 사람에 대해서는 언제나 비판적이다.	She is always critical of reckless drivers.	
JLPT-한끝-N2-1138	リーダー	リーダー	리더, 지도자	トップのリーダーは犬の行動学では「アルファ」と呼ばれ、以下「ベータ」「ガンマ」と続きます。	총수의 리더는 개 행동학에서 ‘알파’로 불리며, 이하 ‘베타’ ‘감마’로 이어집니다.	In dog ethology the leader is called 'alpha'; after that it continues with 'beta' and 'gamma'.	
JLPT-한끝-N2-1139	利益	りえき	이익	同社は４０億ドルの売上で、３億ドルの利益をあげた。	이 회사는 40억 달러의 매출로 3억 달러의 이익을 냈다.	The company earned $300 million on sales of $4,000 million.	
JLPT-한끝-N2-1140	理解	りかい	이해	彼女はそのことに関して何の予備知識もなかったのに、いつもきちんと理解した。	그녀는 그 일에 관해 아무런 예비 지식도 없었는데 항상 제대로 이해했다.	She had no rule of thumb about it, but she got it right every time.	
JLPT-한끝-N2-1141	利口	りこう	영리함	しかし、トニーは利口な少年ではありませんでした。	하지만 토니는 똑똑한 소년이 아니었습니다.	But Tony was not a clever boy.	
JLPT-한끝-N2-1142	略する	りゃくする	줄이다, 생략하다	私の名前はロバートなので、皆は略してボブと呼びます。	제 이름은 로버트라서 모두 줄여서 밥이라고 부릅니다.	My name is Robert, so they call me Bob for short.	
JLPT-한끝-N2-1143	流行	りゅうこう	유행	かくて、国際化は日本人にとって今はやりのスローガンになっている。	이로써 국제화는 일본인에게 있어 이제 유행하는 슬로건이 되고 있다.	Thus, internationalization has become a fashionable slogan for the Japanese.	
JLPT-한끝-N2-1144	両替	りょうがえ	환전	今回、まだ両替していなかったので、日本円を人民元に替える必要があった。	이번에 아직 환전하지 않았기 때문에 엔화를 위안화로 바꿔야 했다.	This time I hadn't converted my money yet, so I needed to change Yen into Yuan.	
JLPT-한끝-N2-1145	両国	りょうこく	양국	両国の間では貿易摩擦がいつ生じてもおかしくない。	양국 간에는 무역 마찰이 언제 생겨도 이상하지 않다.	Trade friction might arise between the nations at any moment.	
JLPT-한끝-N2-1146	領収書	りょうしゅうしょ	영수증	念のため、銀行振込の領収書のコピーを同封いたしました。	혹시 모르니까, 은행 송금 영수증 사본을 동봉했습니다.	Enclosed is a copy of the bank transfer receipt.	
JLPT-한끝-N2-1147	リラックス	リラックス	릴랙스, 편안함	金曜日になると、私はリラックスして週末を楽しんでいる。	금요일이 되면 나는 편안한 마음으로 주말을 즐기고 있어.	When Friday comes around, it's time for me to let my hair down and enjoy the weekend.	
JLPT-한끝-N2-1148	例外	れいがい	예외	例外は中国で、おそらく平らなパンは食されていなかった。	예외는 중국으로, 그곳에서는 아마 납작한 빵을 먹지 않았을 것이다.	The exception was in China, where flat bread was probably not eaten.	
JLPT-한끝-N2-1149	礼儀	れいぎ	예의	彼の美貌と礼儀正しい身のこなしに、私はだまされた。	그의 미모와 예의 바른 몸놀림에 나는 속았다.	I was taken in by his good looks and gracious manners.	
JLPT-한끝-N2-1150	冷静	れいせい	냉정함	冷静になろうとしたのだが、とうとうかっとなった。	냉정해지려고 했지만 결국 욱했다.	I tried to be calm but finally I lost my temper.	
JLPT-한끝-N2-1151	冷蔵庫	れいぞうこ	냉장고	もしかして、食卓の上におきっぱなし？冷蔵庫に入れておかないと、くさっちゃうよ。	혹시 식탁 위에 올려두었어? 냉장고에 넣어둬야겠어.	Hey, has this been sitting out on the dinner table all day? It has to go in the refrigerator or it'll go bad.	
JLPT-한끝-N2-1152	冷凍	れいとう	냉동	私は冷凍野菜はかわずにいつでも生野菜を買います。	나는 냉동 채소는 그냥 아무 때나 생야채를 사요.	I always buy fresh vegetables instead of frozen ones.	
JLPT-한끝-N2-1153	歴史	れきし	역사	お母さんはコーヒーカップの歴史について調べ始めた。	어머니는 커피 잔의 역사에 대해 알아보기 시작했다.	My mother looked up the history of coffee cups.	
JLPT-한끝-N2-1154	レジャー	レジャー	레저, 여가	レジャー産業は新たなリゾート地にさらなる投資をしています。	레저 산업은 새로운 휴양지에 더 많은 투자를 하고 있습니다.	The leisure industry is sinking more money into new resorts.	
JLPT-한끝-N2-1155	レベル	レベル	레벨, 수준	国際レベルの運動選手になるためには、毎日練習しなければならない。	국제 수준의 운동선수가 되려면 매일 연습해야 한다.	One must practice every day in order to become a world-class athlete.	
JLPT-한끝-N2-1156	連続	れんぞく	연속	今週、３日連続でカーアクションものの外国映画を字幕で見た。	이번 주 3일 연속으로 자동차 액션물 외화들을 자막으로 봤다.	This week I've watched foreign car-action movies for three days in a row by subtitles.	
JLPT-한끝-N2-1157	レンタル	レンタル	대여, 빌림	この店はレンタルビデオ店です。	이 가게는 비디오 대여점입니다.	This shop is a rental video shop.	
JLPT-한끝-N2-1158	連絡	れんらく	연락	私どもの見積書に対してご質問がありましたら、至急ご連絡ください。	저희 견적서에 대해 궁금한 점이 있으시면 바로 연락주세요.	If our quote is inconvenient for you, please let us know.	
JLPT-한끝-N2-1159	論争	ろんそう	논쟁	彼らは幾年間も、その土地の所有権について論争した。	그들은 수년간 그 땅의 소유권에 대해 논쟁을 벌였다.	They disputed the ownership of the land for years.	
JLPT-한끝-N2-1160	輪	わ	고리, 원형	私の夫について、よくもそんないやらしい言い方ができるわね。	내 남편에 대해서 자주 그런 야한 말을 하네요.	How dare you speak about my husband in that disgusting way!	
JLPT-한끝-N2-1161	我がまま	わがまま	제멋대로임	しかしながら彼女はわがままで、ほとんどブライアンの事を気にかけていません。	하지만 그녀는 제멋대로이고, 브라이언을 거의 신경 쓰지 않아요.	However, his girlfriends is selfish and hardly worries about Brian.	
JLPT-한끝-N2-1162	沸く	わく	끓다	私はお湯も沸かせない、まして七面鳥など焼くことができない。	나는 물도 끓일 수 없어, 하물며 칠면조 같은 건 구울 수가 없어.	I cannot even boil water, much less roast a turkey.	
JLPT-한끝-N2-1163	わずか	わずか	약간, 불과	Ｂ要因の取り扱いに関して、両者のアプローチにはわずかな違いがあるようだ。	B요인의 취급과 관련하여 양자의 접근방식은 약간의 차이가 있는 것으로 보인다.	There seems to be a slight difference on the treatment of the B factor between their approaches.	
JLPT-한끝-N2-1164	笑う	わらう	웃다	「おまえの軍など我が軍に対しては無力だよ」と、彼は笑っていった。	"""너희 군 따위 우리 군에 대해서는 무력하단 말이야"" 그는 웃으며 갔다."	"""Your army is impotent against mine!!"" he laughed."	
JLPT-한끝-N2-1165	割合	わりあい	비율	今から２５年後には、就業者２人につき退職者１人の割合になるだろう。	지금으로부터 25년 후에는 취업자 2명당 퇴직자 1명 꼴이 될 것이다.	Twenty-five years from now there will be one retired person for each two working.	
JLPT-한끝-N2-1166	割合に	わりあいに	비교적	今から２５年後には、就業者２人につき退職者１人の割合になるだろう。	지금으로부터 25년 후에는 취업자 2명당 퇴직자 1명 꼴이 될 것이다.	Twenty-five years from now there will be one retired person for each two working.	
JLPT-한끝-N2-1167	割り込む	わりこむ	끼어들다, 새치기하다	私が彼女に求婚していたら、生意気な奴らが割り込んできた。	내가 그녀에게 청혼하고 있었더니 건방진 놈들이 끼어들었다.	Some smart-alecks cut in when I was asking her to marry me.	
JLPT-한끝-N2-1168	わりと	わりと	비교적	難しいと聞いていたが、実際に解いてみるとわりと簡単だった。	어렵다고 들었는데 막상 풀어보니 훨씬 쉬웠다.		
JLPT-한끝-N2-1169	割引	わりびき	할인	全ての商品及びレストランで割引が効くわけではありません。	모든 상품 및 레스토랑에서 할인이 되는 것은 아닙니다.	It is not the case that the discount can be used for all goods or all restaurants.	
JLPT-한끝-N3-001	合図	あいず	(눈짓, 몸짓, 소리) 신호	彼は私を見るとすぐに、私に手を振って合図をした。	그는 나를 보자마자 나에게 손을 흔들어 신호를 보냈다.	The moment he saw me, he waved to me.	
JLPT-한끝-N3-002	相手	あいて	상대	会話をすれば、たぶん相手についてある種のことが、いとも簡単に分かるだろう。	대화를 하면 아마 상대방에 대한 모종의 일을 참 쉽게 알 수 있을 것이다.	In conversation, one is likely to find out certain things about the other person quite easily.	
JLPT-한끝-N3-003	あきる	あきる	질리다, 싫증나다	あなたはもちろん、彼もこの仕事には飽きています。	당신은 물론, 그도 이 일에 질렸어요.	He as well as you is tired of this work.	
JLPT-한끝-N3-004	あくび	あくび	하품	咳、くしゃみ、あくびをする時は口を手で隠しなさい。	기침, 재채기, 하품을 할 때는 입을 손으로 가리세요.	Cover your mouth when you cough, sneeze, or yawn.	
JLPT-한끝-N3-005	浅い	あさい	얕다	「まだ浅いね。足とどく」「結構遠浅だな。よつばもまだ足つくだろ」	‘아직 얕네. 발이 닿아.’ ‘제법 멀리까지 얕구나. 요츠바도 아직 발이 닿겠어.’	"""It's quite shallow, isn't it. My feet still reach."" ""It is quite a shallow beach. I expect Yotsuba could still stand as well."""	
JLPT-한끝-N3-006	預ける	あずける	맡기다	あなたが先に帰ってくるといけないので、お隣に鍵を預けておきます。	당신이 먼저 돌아오면 안되기 때문에 옆에 열쇠를 맡겨 두겠습니다.	I'll leave a key with my next-door neighbour in case you get here before I do.	
JLPT-한끝-N3-007	汗	あせ	땀	お湯の中で一日の汗や汚れ、苦労を洗い落とすだけでなく、日々の生活のことについておしゃべりをするのを楽しんだのである。	뜨거운 물 속에서 하루의 땀과 얼룩, 수고를 씻어낼 뿐만 아니라 일상 생활에 대해 수다를 떠는 것을 즐겼던 것이다.	They not only washed off the sweat, dirt and cares of the day in the hot water, but also enjoyed gossiping about everyday affairs.	
JLPT-한끝-N3-008	遊ぶ	あそぶ	놀다	私は、日本人の友人達と同じように勉強し遊ぶようになりました。	저는 일본인 친구들과 마찬가지로 공부하고 놀게 되었습니다.	I learned to study and play like my Japanese friends.	
JLPT-한끝-N3-009	暖かい	あたたかい	따뜻하다	暖かい天候の時は、発汗作用が体温の調節をする上で役立つ。	따뜻한 날씨 때는 발한 작용이 체온 조절을 하는 데 도움이 된다.	During warm weather, sweating helps man regulate his body temperature.	
JLPT-한끝-N3-010	温める	あたためる	따뜻하게 하다, 데우다	お粥も作ってきました。チンして温めるだけですから。	죽도 만들어 왔습니다. 전자레인지에 데우기만 하면 됩니다.	I also brought some gruel I made.  It just needs warming up.	
JLPT-한끝-N3-011	当たる	あたる	맞다	これらの木が大きくなるにつれて、芝生に光があたらなくなる。	이 나무들이 커지면서 잔디밭에 빛이 닿지 않게 된다.	As these trees grow tall, they rob the grass of light.	
JLPT-한끝-N3-012	厚い	あつい	두껍다	一方の本は薄い、他方は厚い、厚いのは約２００ページある。	한편의 책은 얇고, 다른 한편은 두껍고, 두꺼운 것은 약 200페이지 있다.	One book is thin. The other is thick. The thick one has about 200 pages.	
JLPT-한끝-N3-013	扱う	あつかう	취급하다	自分の両親をこんな風に扱うなんて、彼は気が狂っているに違いない。	자신의 부모님을 이런 식으로 대하다니 그는 미쳤을 게 분명하다.	He must be crazy to treat his parents like this.	
JLPT-한끝-N3-014	アドバイス	アドバイス	충고	あなたは私にとってヨーダのような存在でした、あなたの的を射たアドバイスを恋しく思うでしょう。	당신은 나에게 있어 요다와 같은 존재였습니다, 당신의 정곡을 찌른 조언을 그리워할 것입니다.	You were my Yoda and I'll miss your right-on-target advice.	
JLPT-한끝-N3-015	穴	あな	구멍	ミーティングに穴をあけてしまったことに対し、再度お詫びします。	미팅에 구멍이 생긴 것에 대해 다시 한번 사과드립니다.	Let me apologize once again for missing out on our meeting.	
JLPT-한끝-N3-016	あふれる	あふれる	넘치다	会場は人であふれ、立錐の余地なしという大盛況だったね。	회장은 사람들로 넘쳐나서 입추의 여지가 없다는 대성황이었지.	The concert hall was so jam-packed there wasn't room to breathe.	
JLPT-한끝-N3-017	余る	あまる	남다	もし手に余るようなことがあれば、私に助けを求めなさい。	만약 감당할 수 없을 만한 일이 있다면 나에게 도움을 청하세요.	If you have any difficulty, ask me for help.	
JLPT-한끝-N3-018	編む	あむ	엮다, 뜨다	いく日もいく日も、彼女は彼のセーターを編むのに費やした。	하루하루 그녀는 그의 스웨터를 짜는 데 시간을 보냈다.	Many a day did she spend knitting a sweater for him.	
JLPT-한끝-N3-019	表す	あらわす	나타내다	動詞は述語動詞のことです。述語動詞は、主語や表す時によって形を変えます。	동사는 술어 동사를 말합니다. 술어 동사는 주어나 나타낼 때에 따라 모양을 바꿉니다.	'Verb' refers to the predicate verb. Predicate verbs change their form depending on the subject and the time expressed.	
JLPT-한끝-N3-020	現れる	あらわれる	나타나다	その数百年後に、フォークが西洋のテーブルに現れることになるが、ただちに受け入れられたわけではなかった。	그 수백 년 후에 포크가 서양의 테이블에 나타나게 되는데, 곧바로 받아들여진 것은 아니었다.	The fork made its way to Western tables several hundred years later, but it was not immediately accepted.	
JLPT-한끝-N3-021	あわ	あわ	거품	当分の間、私達ふたりはあまりあわないほうがよい。	당분간 우리 둘은 잘 어울리지 않는 게 좋겠어.	For the time being we two had better not meet too often.	
JLPT-한끝-N3-022	合わせる	あわせる	맞추다, (마음을) 합치다	証拠は揃った。アリバイがないことを合わせて考えると、彼が犯人に違いない。	증거는 갖춰졌다 알리바이가 없다는 것을 아울러 생각하면, 그가 범인임에 틀림없다.	The evidence is laid out before us. Considering that, together with the fact that he has no alibi, there's no question that he's the guilty one.	
JLPT-한끝-N3-023	暗記	あんき	암기	私たちはそれらの単語を全て暗記できるとは限らない。	우리는 그 단어들을 모두 암기할 수 있는 것은 아니다.	We won't be able to learn all of the words by heart.	
JLPT-한끝-N3-024	案内	あんない	안내	セミナーのご案内と共に、この情報を貴社内の担当の管理職にご転送ください。	세미나 안내와 함께 이 정보를 귀사 내 담당 관리직으로 전송해 주시기 바랍니다.	Please forward this message along with the seminar information to the appropriate managers in your firm.	
JLPT-한끝-N3-025	意外に	いがいに	의외로	昨日のけんかを気にしてるの？意外にナイーブなのね。	어제 싸운 거 신경 쓰니? 의외로 순진하네.	Are you still letting last night's fight bother you? That's so naive.	
JLPT-한끝-N3-026	息	いき	숨	カール・ランジの記録破りの幅跳びに、観衆は息を呑んだ。	칼 랭지의 기록 깨는 멀리뛰기에 관중들은 숨을 죽였다.	Karl Lange's record breaking long jump took the crowd's breath away.	
JLPT-한끝-N3-027	以降	いこう	이후	７月１０日以降なら、いつでも請求次第に支払います。	7월 10일 이후라면 언제든지 청구 즉시 지불합니다.	We'll pay you on demand any day after July 10th.	
JLPT-한끝-N3-028	意思	いし	의지	言語によって私たちはお互いに意思疎通をはかっている。	언어에 따라 우리는 서로 의사소통을 하고 있다.	We communicate with one another by means of language.	
JLPT-한끝-N3-029	痛い	いたい	아프다	ジョンは、７人家族の最年少だから、両親にとって目の中に入れても痛くないほどだ。	존은 7인 가족의 최연소이다 보니, 부모님에게 눈 속에 넣어도 아프지 않을 정도다.	John, who is the youngest in a family of seven, is the apple of his parent's eye.	
JLPT-한끝-N3-030	位置	いち	위치	只見町は福島県南会津地方にあり、急峻な山を隔てて新潟との県境に位置しています。	지미코마을은 후쿠시마현 미나미즈젠 지방에 있으며, 가파른 산을 사이에 두고 니가타와의 경계에 위치해 있습니다.	Tadami is in Minamiaizu in Fukushima; cut off by steep mountains and located on the prefecture border with Niigata.	
JLPT-한끝-N3-031	一般的だ	いっぱんてきだ	일반적이다	今やノート型コンピューターは弁当箱と同じくらいが一般的だ。	이제 노트북 컴퓨터는 도시락통만큼이 일반적이다.	Now notebook computers are as common as lunch boxes.	
JLPT-한끝-N3-032	移動する	いどうする	이동하다	大昔、たいていの人々は季節の変化に応じて移動する集団の中で暮らしていた。	어마어마하게도, 대부분의 사람들은 계절의 변화에 따라 이동하는 집단 속에서 살고 있었다.	A long time ago, most people lived in groups that moved around as the seasons changed.	
JLPT-한끝-N3-033	イメージ	イメージ	이미지	当選したいなら、イメージアップするつもりでないとね。	당첨되고 싶으면 이미지 올릴 생각 해야지.	If you want to get elected you're going to have to upgrade/improve your public image.	
JLPT-한끝-N3-034	岩	いわ	바위	岩の上で髪をとかしながら、彼女は快い歌を歌った。	바위 위에서 머리를 빗으며 그녀는 쾌활한 노래를 불렀다.	She sang a sweet song as she combed her hair on the rock.	
JLPT-한끝-N3-035	印象	いんしょう	인상	彼はかなり酔っていた。そのため警官に悪い印象を与えた。	그는 꽤 취했다, 그래서 경찰관에게 나쁜 인상을 주었다.	He was rather drunk, which made a bad impression on the policeman.	
JLPT-한끝-N3-036	インタビュー	インタビュー	인터뷰	記者が話をするゴリラのココについてパターソン博士にインタビューしている。	기자가 이야기를 하는 고릴라 코코에 대해 패터슨 박사를 인터뷰하고 있다.	A reporter is interviewing Dr. Patterson about Koko, a talking gorilla.	
JLPT-한끝-N3-037	植える	うえる	심다	ある樹が枯れたら、その場所に、もう１本植えたまえ。	어떤 나무가 시들면 그 자리에 1그루를 더 심으렴.	If a tree dies, plant another in its place.	
JLPT-한끝-N3-038	受け入れる	うけいれる	받아들이다	１８２０年から１９７３年の間に合衆国は、４６００万以上の移民を受け入れた。	1820년에서 1973년 사이에 합중국은 4,600만 이상의 이민을 받아들였다.	Between 1820 and 1973, the United States admitted more than 46 million immigrants.	
JLPT-한끝-N3-039	受け取る	うけとる	받다, 수취하다	ご注文を受け取り次第、製品を貴社にお送りします。	주문을 받는 대로 제품을 귀사로 보내겠습니다.	We will ship the product immediately after receiving your order.	
JLPT-한끝-N3-040	右折	うせつ	우회전	右折しなさい、そうすれば私の事務所が見つかります。	우회전 하세요, 그러면 제 사무실을 찾을 수 있어요.	Turn to the right, and you'll find my office.	
JLPT-한끝-N3-041	内側	うちがわ	안쪽	ドアは内側から鍵がかかったままだったので、彼はその家に入れなかった。	문은 안쪽에서부터 자물쇠가 채워져 있었기 때문에 그는 그 집에 들어갈 수 없었다.	The door remaining locked up from inside, he could not enter the house.	
JLPT-한끝-N3-042	うっかり	うっかり	무심코, 깜박	本日乗馬後、馬の手入れをしている時にうっかり右足を踏まれた。	오늘 승마 후 말 손질하다가 그만 오른쪽 다리를 밟았다.	Today, after riding, while grooming the horse I carelessly got my right foot trod on.	
JLPT-한끝-N3-043	疑う	うたがう	의심하다	彼らは彼を疑っていたが、理由が無いわけではなかった。	그들은 그를 의심했지만 이유가 없는 것은 아니었다.	They were suspicious of him, and not without reason.	
JLPT-한끝-N3-044	美しい	うつくしい	아름답다	彼女は美しいが、さらによいことには非常に上品だ。	그녀는 아름답지만 더 좋은 것에는 매우 고상하다.	She is beautiful, and what is more, very graceful.	
JLPT-한끝-N3-045	移す	うつす	옮기다	彼はいつも慎重に計画を練ってから、それを実行に移す。	그는 항상 신중하게 계획을 짜고 그것을 실행에 옮긴다.	He always plans a thing out carefully before he does it.	
JLPT-한끝-N3-046	移る	うつる	옮기다, 이동하다	機は急角度で上昇し、それから海岸を離れるにつれて水平飛行に移った。	비행기는 급각도로 상승했고 이후 해안을 벗어나면서 수평 비행으로 넘어갔다.	The plane rose sharply before leveling off as it left the coast.	
JLPT-한끝-N3-047	うまい	うまい	맛있다, 솜씨가 좋다	うまく、あの学校に入れたものの全部が全部、詰め込み勉強だけで入れたわけではなかったろう。	잘도, 그 학교에 넣었던 모든 것이 다 주입식 공부만으로 넣은 것은 아니었을 것이다.	All those who made the grade in entering that school could not have done so only by cramming.	
JLPT-한끝-N3-048	埋める	うめる	묻다, 메우다	問題は、この必要な隔たりを埋めるのが知覚であるという点にある。	문제는 이 필요한 간극을 메우는 것이 지각이라는 데 있다.	The problem lies in the fact that the necessary gap is bridged by perception.	
JLPT-한끝-N3-049	裏	うら	뒤, 뒤쪽	彼らが最終契約について協議している際、ある裏工作が進んでいた。賄賂が渡されたのだ。	이들이 최종 계약에 대해 협의하던 중 어떤 뒷공작이 진행되고 있었다. 뇌물이 전달된 것이다.	There was some monkey business going on when they were negotiating that last contract; money passed under the table.	
JLPT-한끝-N3-050	うろうろ	うろうろ	허둥지둥	当ても無くうろうろする。	정탐도 없이 어슬렁거린다.	Wander about aimlessly.	
JLPT-한끝-N3-051	うわさ	うわさ	소문	私たちは多くの人に新しい店について尋ねたが、そのうわさを聞いた者は誰もいなかった。	우리는 많은 사람들에게 새로운 가게에 대해 물었지만 그 소문을 들은 사람은 아무도 없었다.	We asked many persons about the new store, but no one had heard of it.	
JLPT-한끝-N3-052	影響	えいきょう	영향	この関連で、西欧イデオロギーの韓国の文化への影響について考えてみよう。	이 관련에서, 서구 이데올로기가 한국 문화에 미치는 영향에 대해 생각해보자.	Let us consider in this connection the influence of Western ideologies on Korean literature.	
JLPT-한끝-N3-053	栄養	えいよう	영양	十分な栄養摂取は幼児の発育にとって極めて重要です。	충분한 영양 섭취는 유아 발육에 매우 중요합니다.	Good nutrition is vital for an infant's growth.	
JLPT-한끝-N3-054	笑顔	えがお	웃는 얼굴	彼女は笑顔でさよならと言ったが、心の中はとても辛かった。	그녀는 웃는 얼굴로 안녕이라고 말했지만 마음속은 너무 괴로웠다.	She said good-bye with a smile, but there was a good deal of bitterness in her heart.	
JLPT-한끝-N3-055	エネルギー	エネルギー	에너지	私たちはレストランに入り、夕食をとりながらエネルギー危機について論じた。	우리는 레스토랑에 들어가 저녁 식사를 하면서 에너지 위기에 대해 논했다.	We entered a restaurant, and discussed the energy crisis over our dinner.	
JLPT-한끝-N3-056	延期	えんき	연기	その指揮者はこの２度目の延期によって本当に不安になった。	그 지휘자는 이 두 번째 연기로 인해 정말 불안해졌다.	The director became really anxious at this second postponement.	
JLPT-한끝-N3-057	演奏	えんそう	연주	彼はその国のピアニストによって作曲された曲を演奏し始めた。	그는 그 나라의 피아니스트들에 의해 작곡된 곡을 연주하기 시작했다.	He began to play the music written by a pianist in that country.	
JLPT-한끝-N3-058	追いつく	おいつく	따라잡다	ベンは彼らに遅れているが、すぐに追いつくでしょう。	벤은 그들에게 뒤쳐지지만 곧 따라잡을 거예요.	Ben is behind them, but he'll soon catch up with them.	
JLPT-한끝-N3-059	お祝い	おいわい	축하, 축하선물	でも次の日、医者はトムに新年のお祝いには間に合うように退院できる可能性は十分あると言って、元気づけた。	하지만 다음날 의사는 톰에게 새해 축하에는 늦지 않게 퇴원할 가능성이 충분하다며 기운을 북돋았다.	The following day, however, the doctor consoled him by telling him that his chances of being able to leave hospital in time for New Year celebrations were good.	
JLPT-한끝-N3-060	追う	おう	좇다, 뒤따르다	捕らえることのできないものを追うことは、無駄な追跡を続けることである。	붙잡을 수 없는 것을 쫓는 것은 헛된 추적을 계속하는 것이다.	Chasing the uncatchable is going on a wild-goose chase.	
JLPT-한끝-N3-061	横断	おうだん	횡단	老婦人は、道路を横断するのを手伝ったことに対して、私に感謝した。	노부인은 도로를 횡단하는 것을 도와준 것에 대해 나에게 감사했다.	The old lady thanked me for helping her across the road.	
JLPT-한끝-N3-062	応援	おうえん	응원	観衆はルチアーノを応援するかもしれないが、チャンピオンに勝つ技術がある。	관중들은 루치아노를 응원할지도 모르지만 챔피언을 이기는 기술이 있다.	The crowd may be on the side of Luciano, but the champ has got the skill to win and that's what matters.	
JLPT-한끝-N3-063	応募	おうぼ	응모	彼は年金に頼ることなく、その仕事に応募することを決心した。	그는 연금에 의지하지 않고 그 일에 응모하기로 결심했다.	Instead of relying on a pension, he resolved to apply for the job.	
JLPT-한끝-N3-064	応用	おうよう	응용	現実面では、エメット理論の応用によっていくつかの傑出したデザインが生み出されている。	현실면에서는 에메트 이론의 응용에 의해 몇 가지 걸출한 디자인이 창출되고 있다.	On the practical side, the application of Emmet's theory has produced several outstanding designs.	
JLPT-한끝-N3-065	オーバー	オーバー	초과	ただの本なら、宇宙警察がでしゃばりはしないわ、問題はこれがオーバーテクノロジーの塊だってこと。 [F]	그냥 책이라면 우주 경찰이 가만히 있지 않을 거야, 문제는 이게 오버 테크놀로지 덩어리라는 거야. [F]	If it was just a book the Space Police wouldn't be sticking their noses is.  The problem is that it's a bundle of super technology.	
JLPT-한끝-N3-066	お菓子	おかし	과자	人々を信じなさい。だけど、知らない人からお菓子を貰ってはいけませんよ。	사람들을 믿어라, 하지만 모르는 사람에게 과자를 받으면 안 돼요.	Trust people, but don't take candy from strangers.	
JLPT-한끝-N3-067	おかしい	おかしい	이상하다	彼がそのことについてひと言も言わないなんて、なんかおかしいなあ。	그가 그 일에 대해 한마디도 하지 않다니 뭔가 이상하다.	It is strange that he should not tell me anything about it.	
JLPT-한끝-N3-068	起きる	おきる	일어나다, 발생하다	まさかオレがごねずにすっきり起きると思っていなかったに違いない。	설마 내가 이러지도 저러지도 못하고 속 시원하게 일어날 줄 몰랐던 게 틀림없어.	Certainly she wouldn't have dreamt that I would get up promptly without grumbling.	
JLPT-한끝-N3-069	遅れる	おくれる	늦다	時代に遅れないようについていくのは老人にとってむしろ難しいことである。	시대에 뒤처지지 않게 따라가는 것은 노인들에게 오히려 어려운 일이다.	It is rather difficult for an old man to keep up with the times.	
JLPT-한끝-N3-070	おしい	おしい	아깝다	あと一点で合格だっただけに、不合格という結果が惜しい。	한 점에서 합격이었던 만큼 불합격이라는 결과가 아쉽다.		
JLPT-한끝-N3-071	遅い	おそい	늦다	しかしながら、大部分の黒人にとって、本当の変化はやってくるのがきわめて遅かった。	그렇지만 대부분의 흑인들에게 진정한 변화는 찾아오기 극히 느렸다.	Real change for most black people, however, was very slow in coming.	
JLPT-한끝-N3-072	お互いに	おたがいに	서로	彼らは、貴社とお互いに利益となる事柄について話し合うことを望んでいます。	그들은 귀사와 서로 이익이 되는 사항에 대해 논의하기를 원합니다.	They want to talk to you about areas of mutual interest.	
JLPT-한끝-N3-073	落ち着く	おちつく	가라앉다, 침착하다	昨年は輸出が好調の反面、輸入が落ち着いていたので貿易収支は改善した。	지난해에는 수출이 호조를 보인 반면 수입이 진정돼 무역수지는 개선됐다.	The nation's trade balance improved last year as exports were strong, while imports remained steady.	
JLPT-한끝-N3-074	覚える	おぼえる	기억하다, 외우다	私が覚えている限りでは、彼はいつもパイプを吹かしていた。	내가 기억하기로는 그는 항상 파이프를 불었다.	To the best of my memory, he always smoked a pipe.	
JLPT-한끝-N3-075	おぼれる	おぼれる	빠지다	彼は自分の生死をかけて、おぼれかけた少年を救った。	그는 자신의 생사를 걸고 천방지축 소년을 구했다.	He saved the drowning boy at the risk of his own life.	
JLPT-한끝-N3-076	主に	おもに	주로	何をするにも人に対してでなく、主に対してするように、心から働きなさい。	뭘 하든 사람에 대해서가 아니라 주로 대해서 하듯이 진심으로 일하세요.	And whatever yea do, do it heartily, as to the Lord, and not unto men.	
JLPT-한끝-N3-077	降りる	おりる	내리다	暖かい軽い空気は山越えすると上空に上昇し、地上には下りてこないことなど、風は地形によって変わります。	따스한 가벼운 공기는 산을 넘으면 상공으로 상승하고 땅 위로 내려오지 않는 것 등 바람은 지형에 따라 달라집니다.	When warm, light, air crosses mountains it rises into the upper atmosphere and does not fall back to the ground.  In this, and other, ways wind changes with the terrain.	
JLPT-한끝-N3-078	折る	おる	접다	もし病気の人が千羽の鶴を折ると、その人の願いが叶うの。	만약 아픈 사람이 천 마리 학을 꺾으면 그 사람의 소원이 이루어진다.	If a sick person folds one thousand paper cranes, her wish will come true.	
JLPT-한끝-N3-079	折れる	おれる	부러지다, 꺾이다	音読は彼にとってたいへん骨の折れる仕事であった。	음독은 그에게 매우 힘든 일이었다.	Reading aloud was a great effort to him.	
JLPT-한끝-N3-080	温泉	おんせん	온천	ビックリしたよ、温泉宿がお魚の養殖場になってたんだね。	깜짝 놀랐어, 온천 숙소가 물고기 양식장이 되었구나.	What a surprise! The onsen lodge had turned into a fish breeding farm.	
JLPT-한끝-N3-081	カーブ	カーブ	커브	私は時々ＣｕｒｖｅとＣａｒｖｅを混同してしまう。	나는 종종 Curve와 Carve를 혼동해.	At times I confuse curve with carve.	
JLPT-한끝-N3-082	解決	かいけつ	해결	彼の説明で第１の問題は解決したが、私は第２の問題については依然混乱していた。	그의 설명으로 첫 번째 문제는 해결되었지만, 나는 두 번째 문제에 대해서는 여전히 혼란스러웠다.	His explanation cleared up the first problem, but I was still confused about the second.	
JLPT-한끝-N3-083	改札	かいさつ	개찰	最近駅の改札あたりで、平気でイチャイチャしてる若い奴等多くなったよなあ。	요즘 역 개찰구 근처에서 아무렇지도 않게 꽁냥꽁냥하는 젊은 놈들이 많아졌지.	Lately you see more young couples making out at the train station ticket gates acting as though nobody in the world existed.	
JLPT-한끝-N3-084	回収	かいしゅう	회수	しかし回収時間が早すぎるため、ゴミの日に出すことが難しいです。	그러나 회수 시간이 너무 빨라서 쓰레기 날에 내기가 어렵습니다.	Moreover it's difficult to get rubbish out for garbage day because the collection time is too early.	
JLPT-한끝-N3-085	香り	かおり	향기	もっとも美しい花がもっとも香りがよいとは限らない。	가장 아름다운 꽃이 가장 향기가 좋은 것은 아니다.	The handsomest flower is not sweetest.	
JLPT-한끝-N3-086	外食	がいしょく	외식	妻は外食が好きで、だから食事を作る必要がないのです。	아내는 외식을 좋아하고, 그래서 식사를 만들 필요가 없는 거예요.	My wife likes to eat out and so she doesn't have to cook.	
JLPT-한끝-N3-087	返す	かえす	되돌리다	金額にもかかわらず、ブライアンは来週までに間違いなく全額返してもらいたがっています。	금액에도 불구하고 브라이언은 다음 주까지 틀림없이 전액 돌려받고 싶어 합니다.	Regardless of the amount, Brian wants the correct, entire amount by next week.	
JLPT-한끝-N3-088	替える	かえる	바꾸다, 교환하다	今回、まだ両替していなかったので、日本円を人民元に替える必要があった。	이번에 아직 환전하지 않았기 때문에 엔화를 위안화로 바꿔야 했다.	This time I hadn't converted my money yet, so I needed to change Yen into Yuan.	
JLPT-한끝-N3-089	換える	かえる	바꾸다	うちのマンションも古くなったから、リフォームして気分を換えるか。	우리 아파트도 낡았으니 리모델링해서 기분 전환할까?	This condo is getting old. Why don't we redecorate to give it a fresh feel?	
JLPT-한끝-N3-090	価格	かかく	가격	価格について触れたときに彼の顔に出る反応を観察しなさい。	가격에 대해 언급했을 때 그의 얼굴에 나타나는 반응을 관찰하세요.	Observe his facial reaction when we mention a price.	
JLPT-한끝-N3-091	かかる	かかる	(병에) 걸리다	風邪を治すのにひと月以上かかったが、もう大丈夫だ。	감기를 고치는데 한 달 넘게 걸렸는데 이제 괜찮아.	It took more than a month to get over my cold, but I'm OK mow.	
JLPT-한끝-N3-092	かき混ぜる	かきまぜる	뒤섞다	その混ぜ物をかき混ぜて、泡立ったら脇に置いておきましょう。	그 혼합물을 휘저어 거품이 나면 옆에 놓아둡시다.	Stir the mixture until it foams, then set it aside.	
JLPT-한끝-N3-093	各駅	かくえき	각 역	この電車は中野より先は各駅に停車する。	이 열차는 나카노보다 앞서는 각 역에 정차한다.	This train stops at every station from Nakano on.	
JLPT-한끝-N3-094	確実だ	かくじつだ	확실하다	私は、ギャンブルには向いてないと思う。そういう運がないというか、働いて稼いだ方が確実だし。	나는 도박에는 적합하지 않다고 생각해 그런 운이 없다고 해서, 일해서 벌어야 확실하고.	I'm not cut out for gambling. Maybe I'm just unlucky, but working for my pay is more of a sure thing.	
JLPT-한끝-N3-095	隠す	かくす	감추다	地球の生態系はある程度自己修正されるもので、その結果が他の変化によって隠されているという可能性もある。	지구의 생태계는 어느 정도 자기 수정되는 것이고, 그 결과가 다른 변화에 의해 가려져 있을 수도 있다.	The earth's ecosystem is to some extent self-correcting, so it is also possible that the effects are being masked by other changes.	
JLPT-한끝-N3-096	各地	かくち	각지	江戸時代に、各藩の奨励策によって、全国各地に地場産業が興った。	에도 시대에 각 번의 장려책에 의해 전국 각지에 지역 산업이 흥하였다.	Local industry flourished throughout the land in the Edo period thanks to the promotional efforts by each clan.	
JLPT-한끝-N3-097	家具	かぐ	가구	この部屋は手狭なので、もうこれ以上家具を置くのはむりだよ。	이 방은 비좁아서 더 이상 가구를 두는 건 무리야.	This room is very small, so it is impossible to put more furniture in it.	
JLPT-한끝-N3-098	過去	かこ	과거	昔の建物を取り壊すことによって、私たちは、過去の痕跡を永久に消し去ってしまうことになるのである。	옛 건물을 허물어버림으로써 우리는 과거의 흔적을 영구히 지워버리게 되는 것이다.	By demolishing buildings of bygone times, we wipe out every trace of the past forever.	
JLPT-한끝-N3-099	囲む	かこむ	둘러싸다	日本では、あなたは美によって囲まれている。	일본에서는 당신은 아름다움으로 둘러싸여 있다.	In Japan you are surrounded by beauty.	
JLPT-한끝-N3-100	重ねる	かさねる	겹치다, 포개다, 거듭하다	恵子が手際よく食器を重ねて、シンクへ運んでゆく。	케이코가 솜씨 좋게 식기를 겹쳐서 싱크대로 옮겨간다.	Keiko deftly piles up the cutlery and takes them to the sink.	
JLPT-한끝-N3-101	貸す	かす	빌려주다	私は彼に、私たちは彼の誤りに対して責任はないと説明しようとしたが、彼は耳を貸そうとしなかった。	나는 그에게 우리가 그의 잘못에 대해 책임이 없다고 설명하려고 했지만, 그는 귀찮아하려고 하지 않았다.	I tried to explain to him that we were not responsible for his mistake but he refused to listen.	
JLPT-한끝-N3-102	下線	かせん	밑줄	下線を引いた語を正しい形にしなさい。	밑줄을 친 단어를 바르게 만들어라.	Correct the underlined words.	
JLPT-한끝-N3-103	固い	かたい	단단하다	クモの巣を作るには、このきぬの枠を作り、それを木や垣根のような固い物体に固定させることから始める。	거미는 거미줄을 만들 때 먼저 실로 틀을 짜고, 그것을 나무나 울타리 같은 단단한 물체에 고정한다.	To make a web, it starts by making a frame of this silk and fastening it to hard objects, such as trees or fences.	
JLPT-한끝-N3-104	片方	かたほう	한 쪽	「またまた、なんでそんなことするの？」もう片方の女性が聞いた。	"""또 , 왜 그러는 거야?"" 다른 한 여자가 물었다."	"""Why in the world would you do that?"" the other asked."	
JLPT-한끝-N3-105	カタログ	カタログ	카탈로그	カタログを通じて郵便で買い物をすることによって、人々は幅広い商品を選ぶことが出来る。	카탈로그를 통해 우편으로 쇼핑을 함으로써 사람들은 폭넓은 상품을 선택할 수 있다.	Shopping by mail through catalogs gives people a wide choice of merchandise.	
JLPT-한끝-N3-106	勝つ	かつ	이기다	彼が大変喜んだことには、彼チームが試合に勝った。	그가 매우 기뻐한 것은 그의 팀이 경기에서 이겼기 때문이다.	To his great joy, his team won the game.	
JLPT-한끝-N3-107	がっかり	がっかり	실망하다	たいそうがっかりしたことには、彼女は試験に落ちた。	몹시 실망스럽게도 그녀는 시험에 떨어졌다.	She failed the examination and I was greatly disappointed.	
JLPT-한끝-N3-108	楽器	がっき	악기	テルミン：一九二〇年、ロシアの物理学者レフ・セルゲイヴィッチ・テルミンが作った世界初の電子楽器。	텔민: 일만 이천 년 러시아 물리학자 레흐 세게비치텔민이 만든 세계 최초의 전자악기.	Theremin: The world's first electronic musical instrument, made by Russian physicist Lev Sergeivitch Termen in 1920.	
JLPT-한끝-N3-109	活動	かつどう	활동	マザー・テレサは、貧しい人々が何を必要としているかを見て回ることから活動を始めた。	테레사는 가난한 사람들이 무엇을 필요로 하는지 살피는 일부터 활동을 시작했다.	Mother Teresa began her work by looking around to see what was needed.	
JLPT-한끝-N3-110	悲しい	かなしい	슬프다	悲しいことに、一人息子は、彼女を捨ててしまった。	슬프게도 외아들은 그녀를 버리고 말았다.	To her sorrow, her only son left her alone.	
JLPT-한끝-N3-111	仮定	かてい	가정	ここでの事故の数が公式に記録されているものの２倍あると仮定してみよう。	여기서의 사고 개수가 공식적으로 기록된 것의 두 배라고 가정해보자.	Let us suppose that the number of incidents is twice that of those officially recorded.	
JLPT-한끝-N3-112	必ず	かならず	반드시	私の意見では、アルコールは必ずしも健康に悪いわけではない。	내 생각에 알코올은 반드시 건강에 나쁜 것은 아니다.	In my opinion, alcohol is not necessarily bad for your health.	
JLPT-한끝-N3-113	カバー	カバー	덮개	科学哲学を勉強したことがないのでカヴァイエスについても読んだことがない。	과학철학을 공부한 적이 없기 때문에 카바예에 대해서도 읽은 적이 없다.	I've never studied scientific philosophy, so I haven't read about Caveilles either.	
JLPT-한끝-N3-114	我慢	がまん	참음, 인내	子供たちは、勉強の挫折に対してあまりがまん強さを示さない。	아이들은 공부의 좌절에 대해 덜 강단 있게 나타난다.	Children exhibit a low tolerance for the frustrations of learning.	
JLPT-한끝-N3-115	空	から	빈 공간	時がたつにつれて空は次第に暗くなった。	시간이 지나면서 하늘은 점차 어두워졌다.	As time went on, the sky grew darker and darker.	
JLPT-한끝-N3-116	からから	からから	바싹 마른 모양	地面が日に焼けてからからに乾いて固くなった。	땅이 날로 익어가자마자 말라 굳었다.	The sun baked the ground dry.	
JLPT-한끝-N3-117	がらがら	がらがら	텅 빈 모양	今日、がらがらだね。この時間帯って空いているのかね。	오늘 썰렁하네 이 시간대가 비었을까.	It's not crowded at all today. This is the least crowded time of all.	
JLPT-한끝-N3-118	借りる	かりる	빌리다	彼からお金を借りることは、私のプライドが許さなかった。	그에게서 돈을 빌리는 것은 내 자존심이 허락하지 않았다.	My pride prevented me from borrowing money from him.	
JLPT-한끝-N3-119	枯れる	かれる	시들다	だれも水もやらないなので、その植物は枯れたに違いない。	아무도 물도 주지 않으니 그 식물은 말라버린 것이 틀림없다.	The plants must have died because no one watered them.	
JLPT-한끝-N3-120	かわく	かわく	마르다	そのとき、彼らは、ブラックベリーの林の周りをつかれて、のどがかわくまで競争して遊んでいました。	그때 그들은 블랙베리 숲 주위를 맴돌며 목이 쉴 때까지 경쟁하며 놀았습니다.	Then they played race Around The Blackberry Bush until they were tired and thirsty.	
JLPT-한끝-N3-121	間隔	かんかく	간격	東京や大阪では、ラッシュアワーには２、３分間隔で電車が運転されています。	도쿄나 오사카에서는 러시아워에는 2, 3분 간격으로 전철이 운전되고 있습니다.	During the rush hour in Tokyo and Osaka the trains run at intervals of a few minutes.	
JLPT-한끝-N3-122	関係	かんけい	관계	本屋で英語関係の本を見つけると、次々に買ってしまって、読まずにいるので、たまる一方です。	서점에서 영어 관련 책을 찾으면 줄줄이 사서 읽지 않고 있기 때문에 참을 수밖에 없습니다.	I always buy the English-language books I come across at bookstores. But since I never read them, all they do is pile up.	
JLPT-한끝-N3-123	観客	かんきゃく	관객	ロイヤル・シアターの夜の部の公演が終わり、観客たちは帰って行った。	로열 시어터의 밤부 공연이 끝나고 관객들은 돌아갔다.	The evening performance at the Royal Theater had ended, and the audience had gone home.	
JLPT-한끝-N3-124	観光	かんこう	관광	私たちの目的は友人を訪問し、いくつかの観光名所を見て回ることです。	우리의 목적은 친구를 방문해서 몇 군데 관광 명소를 둘러보는 것입니다.	The purpose of our trip is to visit friends and see some tourist spots.	
JLPT-한끝-N3-125	観察	かんさつ	관찰	分子Ｄの運動の観察に基づき、可能な出口が３つ存在するようシステムに変更を加える。	분자 D의 운동 관찰을 기반으로 가능한 출구가 3개 존재하도록 시스템에 변화를 가한다.	Based on my observation of the movement of particle D, I modify the system so that there exist three possible exits.	
JLPT-한끝-N3-126	感じ	かんじ	느낌	意識不明の人は痛みを感じませんが、その家族や友人にとっては、長く、つらい経験になりうるでしょう。	의식이 없는 사람은 고통을 느끼지 않지만, 그 가족과 친구들에게는 길고 힘든 경험이 될 수 있을 것입니다.	The unconscious person feels no pain, but for the family and friends it can be a long and painful experience.	
JLPT-한끝-N3-127	関心	かんしん	관심	それはあなたが、関心があるかどうかによって決まるのです。	그것은 당신이 관심 있는지에 따라 결정되는 것입니다.	That depends on whether you are interested or not.	
JLPT-한끝-N3-128	完成	かんせい	완성	この仕事を完成するためには、以下の作業が必要となります。	이 일을 완성하기 위해서는 아래와 같은 작업이 필요합니다.	To complete this work, the following working items are recommended.	
JLPT-한끝-N3-129	乾燥	かんそう	건조	樹木から水の供給がなければ、降雨量はやがて減少し、その地域は乾燥し続ける。	수목에서 물의 공급이 없으면 강우량이 머지않아 감소하고, 그 지역은 계속 건조해진다.	With no supply of water from trees, rainfalls diminish in time and the area keeps drying up.	
JLPT-한끝-N3-130	感動	かんどう	감동	そしてそれらはその文学、映画、音楽などの感動を通して世界に影響を与えつづけるだろう。	그리고 그것들은 그 문학, 영화, 음악 등의 감동을 통해 세계에 영향을 계속 미칠 것이다.	And they will continue to influence the world through the excitement of their literature, movies and music.	
JLPT-한끝-N3-131	気温	きおん	기온	風速冷却指数を考慮に入れると、気温は零下３０度以下であったに違いない。	풍속냉각지수를 고려하면 기온은 영하 30도 이하였던 것이 틀림없다.	When we take the wind-chill factor into account, the temperature must have been over thirty degrees below zero centigrade.	
JLPT-한끝-N3-132	機械	きかい	기계	その機械はデータを分類するだけでなく、数字もチェックする。	그 기계는 데이터를 분류할 뿐만 아니라 숫자도 체크한다.	In addition to classifying the data, the machine also checks the figures.	
JLPT-한끝-N3-133	期限	きげん	기한	契約条件によれば、お支払いの期限は５月３１日でした。	계약 조건에 따르면 지불 기한은 5월 31일이었습니다.	According to the terms of the contract, your payment was due on May 31st.	
JLPT-한끝-N3-134	傷	きず	상처, 흠	クリスはとてもむなしく思い、立ち直れないほどに、心に大きな傷を受けました。	크리스는 너무 허무하게 느껴져서 다시 일어날 수 없을 정도로 마음에 큰 상처를 받았어요.	Chris' heart felt so empty and damaged that it couldn't be repaired.	
JLPT-한끝-N3-135	期待	きたい	기대	あらゆる事を考慮に入れれば、結果は私の期待以上だ。	모든 것을 고려한다면 결과는 내 기대 이상이다.	Taking everything into consideration, the result is better than I expected.	
JLPT-한끝-N3-136	帰宅	きたく	귀가	われわれが大いに安心したことには、彼女は無事帰宅した。	우리가 많이 안심했던 일에는 그녀는 무사히 귀가했다.	To our great relief, she returned home safe and sound.	
JLPT-한끝-N3-137	汚い	きたない	더럽다	汚い手で会社を乗っ取ったものの、腹心だと思っていた部下に裏切られ、因果応報だね。	더러운 손으로 회사를 탈취했지만 심복이라고 생각했던 부하에게 배신당해 인과응보다.	When the trusted confidant of the person who conducted a hostile takeover of the company betrayed him it was a sort of retributive justice.	
JLPT-한끝-N3-138	きつい	きつい	꽉 끼다	（自転車に乗って）フーッ、この坂道はきついよ。でも帰りは楽だよね。	(자전거 타고) 후, 이 언덕길은 힘들어. 그래도 돌아가는 건 편하지.	(On a bicycle) Whew! This is a tough hill. But coming back sure will be a breeze.	
JLPT-한끝-N3-139	気づく	きづく	알아차리다, 깨닫다	誰かが気づくまで、あなたはその計画を秘密にしておかなければならない。	누군가가 알아차릴 때까지 당신은 그 계획을 비밀로 해두어야 한다.	You must keep the plan secret until someone notices it.	
JLPT-한끝-N3-140	規則	きそく	규칙	これが規則なのだから、それに従って行動しなさい。	이게 규칙이니 그에 따라 행동해라.	These are the rules; act accordingly.	
JLPT-한끝-N3-141	記念	きねん	기념	今日の式典はわが校の１００周年を記念するものです。	오늘 식전은 우리 학교의 100주년을 기념하는 것입니다.	Today's ceremony marks the 100th anniversary of our school.	
JLPT-한끝-N3-142	希望	きぼう	희망	現在、参加を希望する方々がとても多く、状況によって１ヶ月先まで満席になっております。	현재 참여를 원하시는 분들이 굉장히 많고, 상황에 따라 한 달 전까지만 해도 만석입니다.	At present a very great number of people are seeking to participate and, depending on circumstances, up to a month ahead is fully booked.	
JLPT-한끝-N3-143	疑問	ぎもん	의문	最初のパラグラフでは、いわゆるサプライサイドの経済戦略というものの妥当性について疑問を呈する。	첫 번째 패러그래프에서는 소위 공급 측면의 경제전략이라는 것의 타당성에 대해 의문을 제기한다.	In the opening paragraphs I query the validity of so-called supply-side economic strategies.	
JLPT-한끝-N3-144	逆	ぎゃく	반대, 거꾸로	薬によっては、役に立つどころか逆に害になるものもある。	약에 따라서는 도움이 되기는커녕 오히려 해가 되는 것도 있다.	Some medicines will do you more harm than good.	
JLPT-한끝-N3-145	キャンセル	キャンセル	취소	雨にもかかわらず、試合はキャンセルされなかった。	비에도 불구하고 경기는 취소되지 않았다.	In spite of the rain, the game was not cancelled.	
JLPT-한끝-N3-146	急	きゅう	급함, 갑작스러움	ご迷惑をおかけしますが、急を要することが起こったものですから。	불편을 드려 죄송합니다만, 급한 일이 생긴 것이니 말입니다.	Sorry to bother you, but I'm afraid something urgent has come up.	
JLPT-한끝-N3-147	休日	きゅうじつ	휴일	彼女は、休日の計画について、彼の考えに同意した。	그녀는 휴일 계획에 대해 그의 생각에 동의했다.	She agreed with him about the holiday plan.	
JLPT-한끝-N3-148	教師	きょうし	교사	彼は立派な学者であり、さらによいことにはよい教師である。	그는 훌륭한 학자이며, 더 좋은 것은 좋은 교사다.	He is a good scholar, and what is better, a good teacher.	
JLPT-한끝-N3-149	共通	きょうつう	공통	私たちは趣味・教育的背景など、いろいろと共通したものを持っている。	우리는 취미, 교육적 배경 등 여러 가지 공통된 것을 가지고 있다.	We have many things in common-hobbies, educational background, and so on.	
JLPT-한끝-N3-150	興味	きょうみ	흥미	彼らが行った調査によると、アメリカ人は日本に興味を持っていないことがわかる。	그들이 실시한 조사에 따르면 미국인들은 일본에 관심이 없다는 것을 알 수 있다.	The research done by them shows that Americans are not interested in Japan.	
JLPT-한끝-N3-151	協力	きょうりょく	협력	この件についてご協力いただけたら、ありがたいと思います。	이 건에 대해 협조해 주시면 감사하겠습니다.	Your help would be appreciated on this matter.	
JLPT-한끝-N3-152	距離	きょり	거리	こんなに長い距離を歩いたなんて彼は健脚家に違いない。	이렇게 긴 거리를 걸었다니 그는 건각가임에 틀림없다.	He must be a good walker to have walked such a long distance.	
JLPT-한끝-N3-153	記録	きろく	기록	新しい調査では、６５歳以上の病院患者の診察記録には誤りが多く、重大な診察ミスにつながりかねない、ということです。	새로운 조사에서는 65세 이상 병원 환자의 진찰기록에는 오류가 많아 중대한 진찰 실수로 이어질 수 있다는 것입니다.	A new study suggests that hospital records for patients older than 65 are often incorrect, which may lead to serious treatment errors.	
JLPT-한끝-N3-154	禁煙	きんえん	금연	これだけ禁煙、禁煙といわれる以上、喫煙というのは公序良俗に反する行為なんだろうね。	이만큼 금연, 금연이라고 하는 이상 흡연이라는 것은 공서양속에 반하는 행위일 것이다.	There are so many anti-smoking campaigns these days maybe it really is a threat to the public order.	
JLPT-한끝-N3-155	緊張	きんちょう	긴장	その生徒は、教師に見られていたのでとても緊張した。	그 학생은 교사에게 보이고 있었기 때문에 매우 긴장했다.	The student became very nervous with the teacher watching him.	
JLPT-한끝-N3-156	空席	くうせき	빈 자리	バスには空席がなかったので、私はずっと立ち続けだった。	버스에는 빈자리가 없었기 때문에 나는 계속 서 있었다.	There being no vacant seat in the bus, I kept on standing.	
JLPT-한끝-N3-157	偶然	ぐうぜん	우연히, 뜻밖에	大発明に関しては、偶然はほんの小さな役割しかしなかった。	그러나 대발명에 관해서는 우연은 아주 작은 역할만 했다.	With regard to big inventions, chance has played a very small part.	
JLPT-한끝-N3-158	区切る	くぎる	구분하다, 단락 짓다	グランドは白線で３つに区切られている。	그랜드는 흰 선으로 세 가지로 구분돼 있다.	The playground is divided into three areas by white lines.	
JLPT-한끝-N3-159	くせ	くせ	버릇, 습관	彼女はいつも少数の生徒をえこひいきしていて、そのくせ他の生徒には厳しい。	그녀는 항상 소수의 학생을 편애하고 있으며, 그 때문에 다른 학생에게는 엄격하다.	She is always playing favorites with a few students but very strict with everyone else.	
JLPT-한끝-N3-160	配る	くばる	나누다, 배포하다	あの人たちにプログラムを配る手伝いをしてくれませんか。	그 사람들에게 프로그램을 나눠주는 것을 도와주지 않겠습니까?	Will you help me give out the programs to those people?	
JLPT-한끝-N3-161	区別	くべつ	구별	私はその問題がわかっていない。裏と表の区別もついていない。	나는 그 문제를 알지 못해, 이면과 겉의 구별도 안 되어 있어.	I don't understand the problem; I could make neither head nor tail of it.	
JLPT-한끝-N3-162	組む	くむ	짜다, 끼다	あの日立さんとＮＥＣさんが手を組むなんて、時代が変わった。	그 히타치 씨와 NEC 씨가 손을 잡다니 시대가 달라졌다.	You know times have changed when rivals like Hitachi and NEC get together.	
JLPT-한끝-N3-163	首	くび	목	うちのチームが君のところのチームに負けるようなことが、万が一にもあれば、僕は首をやる。	우리 팀이 네 팀에게 질 것 같은 일이 혹시라도 있다면 나는 목을 매겠어.	I'll eat my hat if, by some chance, my team loses to yours.	
JLPT-한끝-N3-164	悔しい	くやしい	분하다	監督はチームをトーナメント優勝に今一歩という所までもっていったのに悔しいことだった。	감독은 팀을 토너먼트 우승에 한 걸음이라는 데까지 가져갔는데도 억울한 일이었다.	It was frustrating, as the manager took his team to a near-miss in the tournament.	
JLPT-한끝-N3-165	苦しい	くるしい	괴롭다, 힘겹다	私が日本に滞在したのはほんの数ヶ月だが、その間に次から次へと苦しい目にあった。	내가 일본에 체류한 것은 불과 몇 달이었지만, 그동안 잇달아 힘든 일을 겪었다.	I stayed in Japan only a few months, during which time I went through a series if hardships.	
JLPT-한끝-N3-166	苦労	くろう	고생	お湯の中で一日の汗や汚れ、苦労を洗い落とすだけでなく、日々の生活のことについておしゃべりをするのを楽しんだのである。	뜨거운 물 속에서 하루의 땀과 얼룩, 수고를 씻어낼 뿐만 아니라 일상 생활에 대해 수다를 떠는 것을 즐겼던 것이다.	They not only washed off the sweat, dirt and cares of the day in the hot water, but also enjoyed gossiping about everyday affairs.	
JLPT-한끝-N3-167	加える	くわえる	더하다	分子Ｄの運動の観察に基づき、可能な出口が３つ存在するようシステムに変更を加える。	분자 D의 운동 관찰을 기반으로 가능한 출구가 3개 존재하도록 시스템에 변화를 가한다.	Based on my observation of the movement of particle D, I modify the system so that there exist three possible exits.	
JLPT-한끝-N3-168	暮らす	くらす	살다, 생활하다	インコやオウムと仲良く楽しく健やかに暮らすために、飼鳥の行動学やペットロスについて考える。	잉꼬와 앵무새와 사이좋게 즐겁고 건강하게 살기 위해 애완조류의 행동학과 애완로스에 대해 생각한다.	In order to live happily and healthily with parakeets or parrots (you should) think about the behavioral science of domesticated birds and of pet loss.	
JLPT-한끝-N3-169	訓練	くんれん	훈련	日本人は社会生活に関する限り、よく訓練されていない。	일본인은 사회생활에 관한 한 잘 훈련되어 있지 않다.	The Japanese are not well trained, so far as social life is concerned.	
JLPT-한끝-N3-170	経営	けいえい	경영	彼は自分の行動について経営陣に対し、責任がある。	그는 자신의 행동에 대해 경영진에게 책임이 있다.	He is accountable to the management for what he does.	
JLPT-한끝-N3-171	経営学	けいえいがく	경영학	経営学を学んだからといって、すぐ会社を運営できるわけではない。	경영학을 배운다고 해서 당장 회사를 운영할 수 있는 것은 아니다.		
JLPT-한끝-N3-172	計算	けいさん	계산	この式によって電場を計算してやると、結果は次のようになる。	이 식에 의해 전기장을 계산해 보면 결과는 다음과 같다.	If you calculate the electric field using this equation the result comes out like the following.	
JLPT-한끝-N3-173	芸術	げいじゅつ	예술	彼は芸術に関しては、あるとしてもほんの少しの知識しかない。	그는 예술에 관해서는 있다고 해도 아주 적은 지식밖에 없다.	He has very little, if any, knowledge about art.	
JLPT-한끝-N3-174	経由	けいゆ	~경유	直行便がなかったので、やむを得ず北京経由で行った。	직항편이 없었기 때문에 어쩔 수 없이 베이징 경유로 갔다.	I went via Beijing of necessity because there wasn't a direct flight.	
JLPT-한끝-N3-175	外科	げか	외과	これらの患者には外科的な処置だけでは十分とは言い難い。	이 환자들에게는 외과적인 처치만으로는 충분하다고 말하기 어렵다.	For these patients, surgical treatment is far from being satisfactory.	
JLPT-한끝-N3-176	消す	けす	(불·전기 등을) 끄다	外出する前に、すべてのライトを消すことを確かめなさい。	외출하기 전에 모든 조명을 끄는 것을 확인하세요.	Make sure to turn off all the light before going out.	
JLPT-한끝-N3-177	血圧	けつあつ	혈압	余計な努力の結果、彼の血圧を通常以上に上がった。	불필요하게 애쓴 결과, 그의 혈압이 평소보다 높아졌다.	The extra effort raised his blood pressure above normal.	
JLPT-한끝-N3-178	血液	けつえき	혈액	彼は血液を与えることによって死にかかった子供を救った。	그는 혈액을 주어 죽게 된 아이를 구했다.	He saved the dying child by giving his blood.	
JLPT-한끝-N3-179	血液型	けつえきがた	혈액형	あなたの血液型は何ですか。	당신의 혈액형은 무엇입니까?	What's your blood group?	
JLPT-한끝-N3-180	欠席	けっせき	결석	言うまでもなく事故のため、彼はしばらく学校を欠席する。	말할 것도 없이 사고 때문에 그는 당분간 학교를 결석한다.	Needless to say, because of the accident, he will stay away from school for a while.	
JLPT-한끝-N3-181	欠点	けってん	결점	彼は欠点があるにもかかわらず、誰からも好かれる。	그는 결점이 있음에도 불구하고 누구에게나 호감이 있다.	He likes from anyone though he has a fault.	
JLPT-한끝-N3-182	件	けん	건, 사건	その件に関しては、わたしは彼の意見に反対せざるを得ない。	그 건에 관해서는 나는 그의 의견에 반대하지 않을 수 없다.	I cannot but object to his opinion as to the matter.	
JLPT-한끝-N3-183	券	けん	표, 티켓	急行に乗るには、普通券に加えて急行券を買う必要がある。	급행을 타려면 보통권에다가 급행권을 사야 한다.	To take an express train, we have to get an express ticket in addition to an ordinary ticket.	
JLPT-한끝-N3-184	原因	げんいん	원인	第一には、ものの見方を正しくしてその原因と結果とをよくわきまえる。	첫째, 사물의 견해를 바르게 하고 그 원인과 결과를 잘 헤아린다.	First, they should have right ideas of things, ideas that are based on careful observation, and understand causes of effects and their significance correctly.	
JLPT-한끝-N3-185	検査	けんさ	검사	トラックは検査に合格しなかったが、にもかかわらず運転手たちは引き取っていった。	트럭은 검사를 통과하지 못했지만, 그럼에도 불구하고 운전기사들은 수거해 갔다.	The trucks had failed the inspection, but the drivers took them out anyway.	
JLPT-한끝-N3-186	健康	けんこう	건강	私はこの女性労働者達の健康について心配しないわけには行けない。	나는 이 여성 노동자들의 건강에 대해 걱정하지 않을 수 없다.	I cannot but feel anxious about the health of these women workers.	
JLPT-한끝-N3-187	現在	げんざい	현재	非行、学校嫌い、人格の未発達などの問題が現在以上に顕在化してくることが懸念される。	비행, 학교 불편, 인격 미성숙 등의 문제가 현재 이상으로 대두될 것으로 우려된다.	We are concerned about children's problems such as delinquency.	
JLPT-한끝-N3-188	減少	げんしょう	감소	少年犯罪が目立つが、だからといって一般犯罪件数が減少したわけではない。	소년범죄가 눈에 띄지만 그렇다고 일반 범죄 건수가 감소한 것은 아니다.	However, the general crime number has not decreased though the juvenile delinquency stands out.	
JLPT-한끝-N3-189	建設	けんせつ	건설	地上２２階、地下２階のオフィスビルが建設中です。	지상 22층, 지하 2층의 오피스 빌딩이 건설 중입니다.	An office building, with 22 stories above ground and 2 below, is under construction.	
JLPT-한끝-N3-190	建築	けんちく	건축	彼のユニークな建築スタイルの誕生についての歴史的研究である。	그의 독특한 건축 스타일의 탄생에 대한 역사적 연구이다.	This is a historical examination of the birth of his unique architectural style.	
JLPT-한끝-N3-191	原料	げんりょう	원료	これはマレーシアから輸入した原料です。	이것은 말레이시아에서 수입한 원료입니다.	This is a crude material imported from Malaysia.	
JLPT-한끝-N3-192	恋しい	こいしい	그립다	あなたは私にとってヨーダのような存在でした、あなたの的を射たアドバイスを恋しく思うでしょう。	당신은 나에게 있어 요다와 같은 존재였습니다, 당신의 정곡을 찌른 조언을 그리워할 것입니다.	You were my Yoda and I'll miss your right-on-target advice.	
JLPT-한끝-N3-193	効果	こうか	효과	日本の画家が空間によって生み出したようなすぐれた対象の効果。	일본 화가가 공간에 의해 만들어낸 것 같은 훌륭한 대상의 효과.	Such telling effects of contrast as Japanese artists produce by use of empty space.	
JLPT-한끝-N3-194	交換	こうかん	교환	彼女はガードレールの強度について、ぜひ意見交換をしたいと望んでいます。	그녀는 가드레일 강도에 대해 꼭 의견을 교환하기를 원합니다.	She would value the opportunity to exchange views on the strength of guard-rails.	
JLPT-한끝-N3-195	合計	ごうけい	합계	彼の借金は合計１０００ドル以上になる。	그의 빚은 총 1000달러 이상이 된다.	His debts amount to over $1000.	
JLPT-한끝-N3-196	広告	こうこく	광고	われわれの広告に対してたくさんの申し込みがあった。	우리의 광고에 대해 많은 신청이 있었다.	We've received a lot of applications in answer to our advertisements.	
JLPT-한끝-N3-197	交流	こうりゅう	교류	両国間の文化交流が進むにしたがって、相互理解も一段と深まっていった。	양국 간의 문화 교류가 진행됨에 따라 상호 이해도 한층 깊어졌다.	As cultural exchange continued between the two countries their mutual understanding became even deeper.	
JLPT-한끝-N3-198	呼吸	こきゅう	호흡	ときには、機械によって意識不明の人が何年間も呼吸し続けることもあります。	때로는 기계에 의해 의식이 없는 사람이 몇 년 동안 계속 숨을 쉬기도 합니다.	Sometimes machines can make an unconscious person breathe for years.	
JLPT-한끝-N3-199	腰	こし	허리	少しめまいがするので、私はしばらく腰を下ろした。	조금 현기증이 나서 나는 잠시 앉았다.	Feeling a little dizzy, I sat down for a while.	
JLPT-한끝-N3-200	個人	こじん	개인	国家も個人と同様に、その大きさによって評価すべきものではない。	국가도 개인과 마찬가지로 그 크기에 따라 평가해야 하는 것이 아니다.	Nations are not to be judged by their size any more than individuals.	
JLPT-한끝-N3-201	断る	ことわる	거절하다	彼女はそれについてそれ以上話すのを断った。	그녀는 그것에 대해 더 이상 이야기하기를 거절했다.	She declined to say more about it.	
JLPT-한끝-N3-202	こぼす	こぼす	흘리다, 엎지르다	彼は酒を飲むと、息子の愚痴をこぼすのがお決まりだ。	그는 술을 마시면 아들의 푸념을 늘어놓는 것이 정석이다.	He never drinks without complaining about his son.	
JLPT-한끝-N3-203	細かい	こまかい	잘다, 작다	必ずしも成長段階の子供たちを、あまり細かい神経をつかって扱うべきでない。	반드시 성장 단계의 아이들을 너무 세심한 신경을 써서 다루지 말아야 한다.	Growing children should not always be handled with kid gloves.	
JLPT-한끝-N3-204	困る	こまる	곤란하다	もし私の助言に従っていたら、きみは今そんな困ったことになっていないのに。	만약 내 조언을 따랐다면, 너는 지금 그런 난처한 일이 되어 있지 않았을 텐데.	If you had taken my advice, you wouldn't be in such trouble.	
JLPT-한끝-N3-205	転ぶ	ころぶ	넘어지다, 구르다	彼は氷の上で転んで、それで腕を折った。	그는 얼음 위에서 넘어져서, 그래서 팔을 부러뜨렸다.	He fell down on the ice and broke his arm.	
JLPT-한끝-N3-206	〜差	〜さ	~차	「まがりなりにも通じている」ということと「正しい英語を使っている」ということには雲泥の差があります。	"""똑같은 방식으로도 통한다""는 것과 ""바른 영어를 사용하고 있다""는 것은 하늘과 땅 차이가 납니다."	"There is a world of difference between, ""somehow being understood"" and ""using correct English."""	
JLPT-한끝-N3-207	最初	さいしょ	최초	この研究の最初の部分では、大衆統制の心理に関してすでに行われている研究について言及する。	이 연구의 첫 부분에서는 대중통제의 심리에 관해 이미 수행된 연구들을 언급한다.	In the early part of my study, I allude to work that had already been done on the psychology of crowd-control.	
JLPT-한끝-N3-208	最新	さいしん	최신	最新のバイオ技術によって、芋の臭みを最大限に抑え、非常に飲みやすい「芋焼酎」です。	최신 바이오 기술을 통해 고구마 냄새를 최대한 줄여주며 아주 쉽게 마실 수 있는 '토종소주'입니다.	It's an unusually easy to drink potato shochu with the potato's smell held down to the lowest level through use of the latest biotechnology.	
JLPT-한끝-N3-209	材料	ざいりょう	재료	ベイスギを材料に巨大でグロテスクな、しかし美しい円柱を作った。	베스케를 재료로 거대하고 그로테스크한, 그러나 아름다운 원기둥을 만들었다.	They made huge, grotesque, yet beautiful poles of red cedar.	
JLPT-한끝-N3-210	坂道	さかみち	비탈길	（自転車に乗って）フーッ、この坂道はきついよ。でも帰りは楽だよね。	(자전거 타고) 후, 이 언덕길은 힘들어. 그래도 돌아가는 건 편하지.	(On a bicycle) Whew! This is a tough hill. But coming back sure will be a breeze.	
JLPT-한끝-N3-211	盛んだ	さかんだ	번성하다	我々の国ではウインタースポーツが盛んだ。	우리 나라에서는 윈터 스포츠가 성행하고 있어.	Winter sports are very popular in our country.	
JLPT-한끝-N3-212	雑誌	ざっし	잡지	この雑誌によれば、日本の経済状態は年々悪化してきている。	이 잡지에 따르면 일본의 경제 상태는 해마다 악화되고 있다.	According to this magazine, the economic situation in Japan is getting worse year by year.	
JLPT-한끝-N3-213	さっそく	さっそく	즉시	思い立ったが吉日、さっそくプロジェクトの企画案を書き始めよう。	생각났는데 바로 프로젝트의 기획안을 쓰기 시작하자.	Quick let's get started on the project proposal while the idea is still fresh in our minds. There's no time like the present.	
JLPT-한끝-N3-214	覚める	さめる	깨다, 눈이 뜨이다	バッターのイチローは、目の覚めるような２塁打を打った。	타자 이치로는 잠에서 깰 듯한 2루타를 쳤다.	Ichiro hit an eye-popping double.	
JLPT-한끝-N3-215	〜産	〜さん	(~지역, 나라) ~산	静岡産のお茶と宇治産のお茶では何が違いますか。	시즈오카산 차와 우지산 차는 무엇이 다른가요?	Is there any difference between the tea from Shizuoka and that from Uzi?	
JLPT-한끝-N3-216	参加	さんか	참가	宇宙の利用は、日本の参加に関する限りでは、非軍事的目的に限定されるべきである。	우주의 이용은 일본의 참여에 관한 한 비군사적 목적에 국한되어야 한다.	The use of space must be limited to non-military purposes as far as Japan's involvement is concerned.	
JLPT-한끝-N3-217	残業	ざんぎょう	잔업	上役に残業するように言われたら、そうするしか仕方がない。	상사가 야근하라고 하면 그럴 수밖에 없다.	If the boss says you've got to work overtime, then there's no choice but to do so.	
JLPT-한끝-N3-218	塩	しお	소금	もうやめろよ。これ以上傷口に塩を塗るようなことは彼に可哀想だ。	그만해, 더 이상 상처 부위에 소금을 바르는 것 같은 일은 그에게 불쌍하다.	Cut that out. You're just rubbing salt in the poor guy's wounds.	
JLPT-한끝-N3-219	支給	しきゅう	지급	この法律が定めたのは、法貨以外での賃金支給は違法だということです。	이 법률이 정한 것은 법화 이외에서의 임금 지급은 불법이라는 것입니다.	What these acts said was that it was illegal to pay someone in anything other than coin of the realm.	
JLPT-한끝-N3-220	資源	しげん	자원	日本は資源が乏しい国にもかかわらず、国際貿易のお陰で経済大国に発展した。	일본은 자원이 부족한 나라임에도 국제 무역 덕분에 경제 대국으로 발전했다.	Though it is poor in natural resources, Japan has become an economic superpower thanks to international trade.	
JLPT-한끝-N3-221	指示	しじ	지시	薬は医者の指示によってのみしようされるべきです。	약은 의사의 지시에 의해서만 처방되어야 합니다.	Drugs should be used only at the direction of a doctor.	
JLPT-한끝-N3-222	事情	じじょう	사정	そこに行くかもしれないが、それは事情次第だ。	거기 갈 수도 있겠지만 그건 사정 봐야지.	I may go there, but that depends.	
JLPT-한끝-N3-223	自信	じしん	자신	彼は自信ありげに見えたが、内心は全然違っていた。	그는 자신만만해 보였지만 속내는 전혀 달랐다.	He looked confident but his inner feelings were quite different.	
JLPT-한끝-N3-224	しずむ	しずむ	가라앉다, 지다	彼らはその船が沈んでしまったのに違いないという結論に達した。	그들은 그 배가 가라앉아 버린 것이 틀림없다는 결론에 도달했다.	They came to the conclusion that the ship must have sunk.	
JLPT-한끝-N3-225	姿勢	しせい	자세	裁判所が未成年の犯罪者に対してとる姿勢は成人の犯罪者に対する姿勢とは異なる。	법원이 미성년 범죄자에 대해 취하는 자세는 성인 범죄자에 대한 자세와는 다르다.	The attitude of the court toward young criminals is different from its attitude toward adult criminals.	
JLPT-한끝-N3-226	自然	しぜん	자연	自然は、環境面での危険に対しては他の形の防御を与えている。	자연은 환경적 측면에서의 위험에 대해서는 다른 형태의 방어를 주고 있다.	Nature provides other forms of protection against environmental dangers.	
JLPT-한끝-N3-227	親しい	したしい	친하다	また、親しい間柄であることから、暴力の被害を受けやすく、その被害を訴えにくいという実態がある。	또한 친한 사이인 관계로 폭력의 피해를 당하기 쉽고, 그 피해를 호소하기 어렵다는 실정이 있다.	Also as they are in a intimate relationship they are in a situation where it is easy for them to suffer from violence and difficult to for them to bring complaints about that to court.	
JLPT-한끝-N3-228	しっかり	しっかり	단단히, 확실히	しっかりした判断力がありさえすれば、どんな種類の本を読もうとたいした問題ではない。	똑똑한 판단력이 있어야만 어떤 종류의 책을 읽든 별문제가 아니다.	It matters little what kind of books one reads, so long as one has sound judgement.	
JLPT-한끝-N3-229	失業	しつぎょう	실업	父が失業し、さらに悪いことには、母が病気になってしまった。	아버지가 실직하고 더 나쁜 일에는 어머니가 병에 걸려 버렸다.	Father has lost his job, and what's worse, Mother has fallen ill.	
JLPT-한끝-N3-230	しつこい	しつこい	끈질기다	ホントしつこいなぁ、しのぶさん。なんか根負けしそう。	정말 끈질긴데, 시노부 씨. 뭔가 본전할 것 같아.	She's really persistent, Shinobu is. I think I might be out-stubborned.	
JLPT-한끝-N3-231	実力	じつりょく	실력	あの男鳴り物入りで入社したけど、実力のほど看板に偽りなしだったね。	저 남자 명품 입사했는데 실력만큼 간판에 거짓이 없었네.	He came on board this company with a lot of fanfare and he turns out to have the skill and talent to live up to it.	
JLPT-한끝-N3-232	自動的に	じどうてきに	자동적으로	コンピューター・システムは午後８時に自動的に停止する。	컴퓨터 시스템은 오후 8시에 자동으로 멈춘다.	The computer system shuts down automatically at 8pm.	
JLPT-한끝-N3-233	しばらく	しばらく	잠시, 한동안	その法律によってしばらくフットボールはできませんでした。	그 법에 의해 한동안 풋볼은 할 수 없었어요.	The law kept people from playing football for a while.	
JLPT-한끝-N3-234	しばる	しばる	묶다	のんびりとした生活で、時間に縛られない生き方ができればな。	여유로운 생활로 시간에 구애받지 않는 삶이 가능했으면 좋겠어.	I wish I could live at a more relaxed pace, instead of having to watch the clock all the time.	
JLPT-한끝-N3-235	しぼる	しぼる	짜다	はい。ここに私たちが牛のミルクをしぼった牧場の写真がありますよ。	네, 여기 우리가 소고기를 구웠던 목장 사진이 있어요.	Yes, and here's a photo of the farm where we milked the cows.	
JLPT-한끝-N3-236	島	しま	섬	その島の輸出品の８２％ーこれは５分の４以上になるがーは、農産物である。	그 섬 수출품의 82% - 이것은 5분의 4 이상이 되는데 -는 농산물이다.	82% - more than four-fifths - of the island's exports is agricultural produce.	
JLPT-한끝-N3-237	しまう	しまう	넣다, 치우다	例のスキャンダルはそういつまでも臭いものにフタというわけにはいくまい。いずれ人は嗅ぎつけてしまうさ。	예를 들어 스캔들은 언제까지나 냄새에 붕 뜬 것이 될 수 없지. 어느 순간 사람은 맡아 버릴 테니까.	I don't think we can keep the lid on the scandal much longer; people are bound to find out.	
JLPT-한끝-N3-238	自慢	じまん	자랑	自慢じゃないが僕は通知表の家庭科で３以上を取ったことがない。１０段階評価で。	자랑은 아니지만 나는 알림표 가정학과에서 3 이상을 받은 적이 없어. 10단계 평가에서.	Not wanting to boast but I've never got better than a 3 on my report card for home economics.  Out of 10 that is.	
JLPT-한끝-N3-239	しみ	しみ	얼룩	水不足の時、水のありがたさを骨身にしみて感じた。	물이 부족할 때 물의 고마움을 뼈저리게 느꼈다.	During the water shortage, the value of water really came home to me.	
JLPT-한끝-N3-240	締め切り	しめきり	마감	締め切りに間に合わせるために、私は夜通し働いた。	마감 시간에 맞추기 위해 나는 밤새 일했다.	I worked all night so to meet the deadline.	
JLPT-한끝-N3-241	示す	しめす	나타내다, 보이다	子供たちは、勉強の挫折に対してあまりがまん強さを示さない。	아이들은 공부의 좌절에 대해 덜 강단 있게 나타난다.	Children exhibit a low tolerance for the frustrations of learning.	
JLPT-한끝-N3-242	知り合う	しりあう	서로 알게 되다	こんなふうにして、私たちはお互いに知り合うことができるのである。	이렇게 해서 우리는 서로 알게 되는 것이다.	This is the way in which we can become acquainted with one another.	
JLPT-한끝-N3-243	〜者	〜しゃ	~자	天分学者で数学者であった、Ｊ．ケプラーは、惑星とその運動についての研究をした。	천분학자이자 수학자였던 J.케플러는 행성과 그 운동에 대한 연구를 했다.	J. Kepler, astronomer and mathematician, made a study of planets and their movements.	
JLPT-한끝-N3-244	自由	じゆう	자유	彼女は日本で育ったにもかかわらず、英語を自由に使いこなす。	그녀는 일본에서 자랐음에도 불구하고 영어를 자유롭게 구사한다.	She has a good command of English though she was brought up in Japan.	
JLPT-한끝-N3-245	週刊誌	しゅうかんし	주간지	三浦氏はある週刊誌に対して名誉毀損の訴えを起こした。	미우라 씨는 한 주간지에 대해 명예훼손 고소를 제기했다.	Mr Miura brought an action of libel against a weekly magazine.	
JLPT-한끝-N3-246	就職	しゅうしょく	취직	彼は学校を卒業したとき、もう就職が決まっていた。	그는 학교를 졸업했을 때 이미 취직이 결정되어 있었다.	His job had already been settled when he left school.	
JLPT-한끝-N3-247	渋滞	じゅうたい	정체	ひどい渋滞にもかかわらず、私は定刻に間に合った。	심한 정체에도 불구하고 나는 제시간에 맞출 수 있었다.	In spite of the terrible congestion, I was in time for the appointed time.	
JLPT-한끝-N3-248	重大	じゅうだい	중대함	新しい調査では、６５歳以上の病院患者の診察記録には誤りが多く、重大な診察ミスにつながりかねない、ということです。	새로운 조사에서는 65세 이상 병원 환자의 진찰기록에는 오류가 많아 중대한 진찰 실수로 이어질 수 있다는 것입니다.	A new study suggests that hospital records for patients older than 65 are often incorrect, which may lead to serious treatment errors.	
JLPT-한끝-N3-249	集中	しゅうちゅう	집중	人間よ、自らを知れ、あらゆる知恵は汝自身に集中している。	인간아, 스스로를 알고, 모든 지혜는 나 자신에게 집중하고 있다.	Man, know thyself. All wisdom centers there.	
JLPT-한끝-N3-250	修理	しゅうり	수리	このカメラの修理には１万円以上はかかると思いますよ。	이 카메라를 수리하는 데 1만엔 이상은 들 거예요.	I think it will cost you more than 10,000 yen to have camera fixed.	
JLPT-한끝-N3-251	縮小	しゅくしょう	축소	企業は規模を縮小し、研究開発にふりむける利益分も減らしています。	기업은 규모를 축소하고 연구개발에 쓸 수 있는 이익분도 줄이고 있습니다.	Corporation are downsizing and reducing the level of profits put back into R&D.	
JLPT-한끝-N3-252	手術	しゅじゅつ	수술	彼が手術するかどうかは、移植する臓器の提供次第だ。	그가 수술할지는 이식할 장기 기증에 달려 있다.	Whether he has the operation depends upon the availability of the organ.	
JLPT-한끝-N3-253	主張	しゅちょう	주장	科学者はその理論は実験によって検証されるべきだと主張した。	과학자는 그 이론이 실험에 의해 검증되어야 한다고 주장했다.	The scientist maintained that the theory should be tested through experiments.	
JLPT-한끝-N3-254	出勤	しゅっきん	출근	由紀子ちゃんは、明日以降、火木金のシフトで出勤してくれればいいから。	유키코양은 내일 이후 화목금 시프트로 출근해 주면 좋으니까.	If Yukiko can do the Tuesday, Thursday and Friday shifts...	
JLPT-한끝-N3-255	出張	しゅっちょう	출장	今回の出張は、の本はこの詩人の最高傑作の一つだ。	이번 출장은 이 시인의 최고 걸작 중 하나다.	This book is one of the poet's best works.	
JLPT-한끝-N3-256	首都	しゅと	수도	首都キガリで戦闘が続く中、ルワンダの反政府勢力は南に向かって攻勢を強めています。	수도 키갈리에서 전투가 계속되는 가운데 르완다의 반정부 세력은 남쪽을 향해 공세를 강화하고 있습니다.	Rwandan rebels are pushing their offensive south as fighting continues in the capital Kigali.	
JLPT-한끝-N3-257	主要だ	しゅようだ	주요하다	この課題が主要だと判断されたため、会議で優先的に扱われた。	이 과제가 주요하다고 판단되어 회의에서 우선적으로 다뤄졌다.		
JLPT-한끝-N3-258	種類	しゅるい	종류	結局のところ、人間が異なれば、彼らが伝統的に食べてきた食べ物の種類によって、食べ方も異なるということだ。	결국 인간이 다르면 그들이 전통적으로 먹어오던 음식의 종류에 따라 먹는 방법도 다르다는 것이다.	After all, different people have different ways of eating, according to the kind of food which they have traditionally eaten.	
JLPT-한끝-N3-259	順番	じゅんばん	순번, 차례	彼の主張は、生まれの順番と性格の間には密接な観点があるということだ。	그의 주장은 태어난 순서와 성격 사이에는 밀접한 관점이 있다는 것이다.	His claim is that there is a close relation between birth order and personality.	
JLPT-한끝-N3-260	商業	しょうぎょう	상업	肥大化、過度の商業化などの問題も抱えて、五輪は新世紀に向かう。	비대화, 과도한 상업화 등의 문제도 안고 올림픽은 새 세기로 향한다.	Despite the problems of excessive commercialization, etc. the Olympics will go forward into the new century.	
JLPT-한끝-N3-261	正直	しょうじき	정직	正直言って私はクラシック音楽が好きじゃない。かたや、モリーの方が完全にはまっている。	솔직히 나는 클래식 음악을 좋아하지 않아, 아니, 몰리가 완전히 빠져있어.	To tell the truth, I don't like classical music. On the other hand, Molly is really into it.	
JLPT-한끝-N3-262	乗車	じょうしゃ	승차	列車に乗車した後で、私は財布を家に置き忘れてきたことに気が付いた。	기차에 탑승한 후에 나는 지갑을 집에 두고 온 것을 깨달았다.	After I got on board a train, I found I had left my wallet behind at home.	
JLPT-한끝-N3-263	冗談	じょうだん	농담	うまい冗談を言うことはいつもたやすいとは限らない。	잘하는 농담을 하는 것은 언제나 쉬운 일이 아니다.	It is not always easy to make a good joke.	
JLPT-한끝-N3-264	消費	しょうひ	소비	一国の経済力はその生産力だけでなく消費力にも存する。	한 나라의 경제력은 그 생산력뿐만 아니라 소비력에도 속한다.	The economic strength of a country lies not alone in its ability to produce but also in its capacity to consume.	
JLPT-한끝-N3-265	商品	しょうひん	상품	カタログを通じて郵便で買い物をすることによって、人々は幅広い商品を選ぶことが出来る。	카탈로그를 통해 우편으로 쇼핑을 함으로써 사람들은 폭넓은 상품을 선택할 수 있다.	Shopping by mail through catalogs gives people a wide choice of merchandise.	
JLPT-한끝-N3-266	上品だ	じょうひんだ	고상하다	彼女は美しいが、さらによいことには非常に上品だ。	그녀는 아름답지만 더 좋은 것에는 매우 고상하다.	She is beautiful, and what is more, very graceful.	
JLPT-한끝-N3-267	情報	じょうほう	정보	日本の経済問題について何か情報を得るには、この本がおおいに役にたつでしょう。	일본의 경제 문제에 대해 뭔가 정보를 얻는 데는 이 책이 큰 도움이 될 것입니다.	In order to get some information about Japanese economic problems, you'll find this book very useful.	
JLPT-한끝-N3-268	食器	しょっき	식기	恵子が手際よく食器を重ねて、シンクへ運んでゆく。	케이코가 솜씨 좋게 식기를 겹쳐서 싱크대로 옮겨간다.	Keiko deftly piles up the cutlery and takes them to the sink.	
JLPT-한끝-N3-269	信じる	しんじる	믿다	そんな馬鹿な事を信じるなんて、彼らはどうかしてるに違いない。	그런 바보 같은 짓을 믿다니, 그들은 어떻게든 하고 있는 게 틀림없어.	They must be crazy to believe such nonsense.	
JLPT-한끝-N3-270	申請	しんせい	신청	外国人が日本に上陸する時は、到着した空港等で上陸許可の申請を行わなければなりません。	외국인이 일본에 상륙할 때는 도착한 공항 등에서 상륙 허가 신청을 해야 합니다.	When foreign citizens land in Japan, they must apply for landing permission at the air or seaports where they arrive.	
JLPT-한끝-N3-271	新鮮	しんせん	신선하다	日光は新鮮な空気に劣らず健康にとって必要である。	햇빛은 신선한 공기 못지않게 건강에 필요하다.	Sunlight is no less necessary to good health than fresh air.	
JLPT-한끝-N3-272	身長	しんちょう	신장, 키	兄は私より２つ年上ですが、身長は３センチも低いのです。	형은 저보다 두 살 위인데 키는 3센티미터나 작아요.	My brother is two years older than I, but he is three centimeters shorter.	
JLPT-한끝-N3-273	進歩	しんぽ	진보	これに対して霊的なことがらに関する熱心な会話は、霊的な進歩に大いなる助けとなります。	이에 영적인 일에 관한 열성적인 대화는 영적인 진보에 큰 도움이 됩니다.	Nevertheless, devout conversation on spiritual things helps no little with spiritual progress.	
JLPT-한끝-N3-274	ずいぶん	ずいぶん	꽤, 상당히	調査の結果、川が近頃ずいぶん汚染されていることが分かった。	조사 결과 강이 최근 많이 오염된 것으로 나타났다.	Research has shown how polluted the rivers are these days.	
JLPT-한끝-N3-275	頭痛	ずつう	두통	私がその会合に出席できなかったのは、ひどく頭痛がしたからです。	제가 그 모임에 참석하지 못한 것은 심한 두통이 있었기 때문입니다.	The reason I could not attend the meeting was that I had a severe headache.	
JLPT-한끝-N3-276	性格	せいかく	성격	彼の性格については保証します。よく彼のことをしっていますから。	그의 성격에 대해서는 보장합니다, 자주 그를 놀리고 있으니까요.	I'll answer for his character I know him very well.	
JLPT-한끝-N3-277	制限	せいげん	제한	学生ビザだと、外国で生活していく上で、いくつか制限があります。	학생 비자는 외국에서 생활하는데 몇 가지 제한이 있습니다.	There are several restrictions on working to support yourself abroad on a student visa.	
JLPT-한끝-N3-278	税金	ぜいきん	세금	税金から得られる金額によって政府が社会福祉に支出する金額を左右する。	세금에서 나오는 금액에 따라 정부가 사회복지 지출하는 금액을 좌우한다.	The amount money the government earns in tax conditions the amount of money it spends on welfare.	
JLPT-한끝-N3-279	清潔だ	せいけつだ	청결하다	しかし、エヴァンス一家は清潔だし、食べ物も十分ありました。	하지만 에반스 가족은 깨끗하고 먹을 것도 충분히 있었어요.	But the Evans were clean and they had enough to eat.	
JLPT-한끝-N3-280	制限	せいげん	제한	学生ビザだと、外国で生活していく上で、いくつか制限があります。	학생 비자는 외국에서 생활하는데 몇 가지 제한이 있습니다.	There are several restrictions on working to support yourself abroad on a student visa.	
JLPT-한끝-N3-281	正常だ	せいじょうだ	정상이다	彼の体温は正常だ。	그의 체온은 정상이다.	His temperature is normal.	
JLPT-한끝-N3-282	成績	せいせき	성적	君の最終成績について言えば、最終試験次第である。	너의 최종 성적에 대해 말하자면, 최종 시험하기 나름이다.	When talking about your last results, it is dependent on the last examination.	
JLPT-한끝-N3-283	制服	せいふく	제복, 교복	制服は、なにを着るべきかという大切な選択を若者から奪う。	교복은 무엇을 입어야 하는가의 중요한 선택을 젊은이에게서 빼앗는다.	Uniforms deprive youths of an important choice: what to wear.	
JLPT-한끝-N3-284	整理	せいり	정리	何がなんだか分からない。頭がパニックに陥って整理がつかない。	뭐가 뭔지 모르겠어. 머리가 패닉에 빠져 정리가 안 돼.	I didn't know what was what. The inside of my head had gone to panic mode and I couldn't get things straight.	
JLPT-한끝-N3-285	席	せき	자리	晩餐会の席でソフトウェアの新バージョンの発表について触れたい。	만찬 자리에서 소프트웨어의 새로운 버전 발표에 대해 언급하고 싶다.	I want to mention the release of our new software edition at the banquet.	
JLPT-한끝-N3-286	積極的だ	せっきょくてきだ	적극적이다	あの学生はとても積極的だ。	저 학생은 매우 적극적이다.	That student is very active.	
JLPT-한끝-N3-287	セット	セット	세트, 조절	５０セットの製品について５％特別に値引きしていただけませんか。	50세트 제품에 대해 5% 특별 할인해 주실 수 있나요?	Are you able to grant us a special discount of 5% for 50 sets of the product?	
JLPT-한끝-N3-288	線	せん	선	ん〜、イマイチなんだよねえ。この脚のあたりの線とかさぁ。なんとかなんないの？	응~ 별로야 이 다리 근처 선이라던가.	This drawing is less than great. He needs to do something with the line here at the back of the leg.	
JLPT-한끝-N3-289	全〜	ぜん〜	전〜	教育は若い時代に限られてはならず、われわれの全生涯を通じて継続して行われるものでなければならない。	교육은 젊은 시절에 국한돼서는 안 되며 우리의 전 생애를 통틀어 계속 이뤄져야 한다.	Education must not be limited to our youth but must be a continuing process through our entire lives.	
JLPT-한끝-N3-290	前後	ぜんご	전후	車内の彼の周りでは、ほかの乗客たちが前後左右に揺れていた。	차량 내 그의 주변에서는 다른 승객들이 전후좌우로 흔들리고 있었다.	Around him, in the carriage, the other passengers rocked and swayed.	
JLPT-한끝-N3-291	選手	せんしゅ	선수	あんなに短時間で１マイル走ったなんて、君はすぐれた運動選手に違いない。	그렇게 단시간에 1마일 달렸다니 너는 훌륭한 운동선수임에 틀림없어.	You must be a good athlete to have run a mile in such a short time.	
JLPT-한끝-N3-292	専門家	せんもんか	전문가	爆発の原因について専門家たちは一つの説明もできないでいる。	폭발 원인에 대해 전문가들은 한 가지 설명도 하지 못하고 있다.	Experts have failed to come up with an explanation of why the explosion happened.	
JLPT-한끝-N3-293	想像	そうぞう	상상	食物を取るのにこれ以上効果的なやり方は想像できないほどなのである。	음식을 섭취하는 데 이보다 더 효과적인 방법은 상상할 수 없을 정도다.	It is hard to imagine a more efficient way of catching food.	
JLPT-한끝-N3-294	早退	そうたい	조퇴	勝手に早退するなんて、あまりに無責任だよ。	마음대로 조퇴를 하다니 너무 무책임해.	Don't try to duck out early. Where's your sense of responsibility?	
JLPT-한끝-N3-295	相談	そうだん	상담, 상의	その事に関しては同僚と相談しなければなりません。	그 일에 관해서는 동료와 의논해야 합니다.	I must confer with my colleagues on the matter.	
JLPT-한끝-N3-296	底	そこ	바닥	あんな底の厚いサンダル履いてたら、転んで捻挫しちゃうぞ。	저런 밑창 두꺼운 샌들 신고 있으면 넘어져서 삐져나올거야.	You're going to fall and sprain your ankle wearing sandals with such huge platforms.	
JLPT-한끝-N3-297	育てる	そだてる	키우다, 기르다	今の日本には、ボランティア精神を育てる教育が足りない。	지금의 일본에는 자원봉사 정신을 기를 수 있는 교육이 부족하다.	We aren't instilling enough of a volunteer spirit in our young people these days.	
JLPT-한끝-N3-298	そっくり	そっくり	꼭 닮음	映画、ジュラシックパークの恐竜は本物そっくりだ。	영화 쥬라기공원의 공룡은 진짜와 똑같다.	"The dinosaurs in the film ""Jurassic Park"" were true to life."	
JLPT-한끝-N3-299	卒業	そつぎょう	졸업	私の兄は、大学を卒業した後、さらに研究を進めるために合衆国に行った。	내 형은 대학을 졸업한 후 연구를 더 진행하기 위해 합중국에 갔다.	After graduating from college my brother went to the United States for the purpose of doing further research.	
JLPT-한끝-N3-300	そっと	そっと	살짝	彼はそっと家に入り、誰にも気づかれないですぐ床についた。	그는 슬쩍 집에 들어갔고 아무도 눈치채지 못한 채 바로 바닥에 드러누웠다.	He stole into the house and immediately went to bed without being noticed by anyone.	
JLPT-한끝-N3-301	そろそろ	そろそろ	이제 슬슬	今夜はそろそろおいとまします。みなさんよい週末を。	오늘 밤은 슬슬 들어가겠습니다, 여러분 주말 잘 보내세요.	Well, it's just about time for me to be on my way. Have a great weekend, everybody.	
JLPT-한끝-N3-302	退院	たいいん	퇴원	でも次の日、医者はトムに新年のお祝いには間に合うように退院できる可能性は十分あると言って、元気づけた。	하지만 다음날 의사는 톰에게 새해 축하에는 늦지 않게 퇴원할 가능성이 충분하다며 기운을 북돋았다.	The following day, however, the doctor consoled him by telling him that his chances of being able to leave hospital in time for New Year celebrations were good.	
JLPT-한끝-N3-303	大会	たいかい	대회	毎年７月に選手権大会が終わると、彼は翌年の準備を始める。	매년 7월에 선수권 대회가 끝나면 그는 다음 해 준비를 시작한다.	Each year in July, when the Championships are over, he starts to prepare for the next year.	
JLPT-한끝-N3-304	代金	だいきん	대금	彼はお店の人がテレビを取り付けてくれるまで、その代金を支払うのを延期した。	그는 가게 주인이 TV를 달아줄 때까지 그 대금을 지불하는 것을 연기했다.	He held off paying for the television set until the dealer fixed it.	
JLPT-한끝-N3-305	滞在	たいざい	체류	アキラはお金の続く限りニューヨークに滞在するだろう。	아키라는 돈이 계속되는 한 뉴욕에 머물 것이다.	Akira will stay in New York while his money lasts.	
JLPT-한끝-N3-306	代表的だ	だいひょうてきだ	대표적이다	この寺は地域の建築様式を示すうえで代表的だと評価されている。	이 절은 지역의 건축 양식을 보여 주는 데 대표적이라고 평가받고 있다.		
JLPT-한끝-N3-307	大量	たいりょう	대량	実は、大量の資料を持ってくるのは、反論させないための姑息な手段である。	사실 대량의 자료를 가져오는 것은 반박하지 못하게 하기 위한 꼼수다.	Actually that I bring a huge volume of reference material with me is a makeshift way of preventing people from disputing my case.	
JLPT-한끝-N3-308	体力	たいりょく	체력	体力を維持するにはちゃんと食べなければいけません。	체력을 유지하려면 잘 먹어야 합니다.	You must eat properly to keep up your strength.	
JLPT-한끝-N3-309	確かに	たしかに	확실히	新聞が天候について伝えていることは確かに適中している。	신문이 날씨를 전하고 있는 것은 확실히 적중하고 있다.	What the newspaper said about the weather has certainly come true.	
JLPT-한끝-N3-310	確かめる	たしかめる	확인하다	父はいつも、寝る前に明かりがみな消えているかどうか確かめる。	아버지는 항상 자기 전에 불이 다 꺼져 있는지 확인한다.	Father makes sure that all the lights are off before he goes to bed.	
JLPT-한끝-N3-311	助ける	たすける	돕다, 살리다	君を助けるために私は最善を尽くした。あとは君次第だ。	너를 돕기 위해 나는 최선을 다했어 나머지는 너에게 달려있어.	I have done the best I could to help you. The rest is up to you.	
JLPT-한끝-N3-312	戦う	たたかう	싸우다, 전투하다	医者のすべきことは、生命を救い、死と戦うことです。	의사가 해야 할 일은 생명을 구하고 죽음과 싸우는 것입니다.	What doctors should do is to save lives and fight against death.	
JLPT-한끝-N3-313	たたむ	たたむ	접다, 개다	彼はタオルをきれいにたたみ、それを物入れに仕舞った。	그는 수건을 깨끗이 접고 그것을 물건 들여놓았다.	She folded up the towels and put them away in the cupboard.	
JLPT-한끝-N3-314	たつ	たつ	(시간이) 지나다	日本の経済問題について何か情報を得るには、この本がおおいに役にたつでしょう。	일본의 경제 문제에 대해 뭔가 정보를 얻는 데는 이 책이 큰 도움이 될 것입니다.	In order to get some information about Japanese economic problems, you'll find this book very useful.	
JLPT-한끝-N3-315	他人	たにん	타인	他人にしてもらいたいと思うように、他人に対してしなさい。	다른 사람이 해주기를 바라는 것처럼 다른 사람에 대해 하세요.	Do to others as you would have others do to you.	
JLPT-한끝-N3-316	たまる	たまる	쌓이다	本屋で英語関係の本を見つけると、次々に買ってしまって、読まずにいるので、たまる一方です。	서점에서 영어 관련 책을 찾으면 줄줄이 사서 읽지 않고 있기 때문에 참을 수밖에 없습니다.	I always buy the English-language books I come across at bookstores. But since I never read them, all they do is pile up.	
JLPT-한끝-N3-317	ためる	ためる	(돈을) 모으다	私の彼氏は、お金をためてスポーツカーを買う計画がある。	내 남자친구는 돈을 위해 스포츠카를 살 계획이 있어.	My boyfriend plans to save up and buy a sports car.	
JLPT-한끝-N3-318	頼る	たよる	의지하다	彼は年金に頼ることなく、その仕事に応募することを決心した。	그는 연금에 의지하지 않고 그 일에 응모하기로 결심했다.	Instead of relying on a pension, he resolved to apply for the job.	
JLPT-한끝-N3-319	だるい	だるい	나른하다	今日は、もうだるくてしょうがない。	오늘은 이제 나른해서 어쩔 수 없어.	I've had it (for) today. I'm too tired.	
JLPT-한끝-N3-320	チャレンジ	チャレンジ	도전	今度の新人は、チャレンジ精神旺盛でいいね。	이번 신인은 도전정신 왕성해서 좋네.	I like the new guy. He's not afraid to take on challenging work.	
JLPT-한끝-N3-321	中古	ちゅうこ	중고	あそこの販売店で、中古の日産を２０万円で売ってくれた。	저기 판매점에서 중고 닛산을 20만엔에 팔아 주었다.	The dealer gave an old Nissan to me for 200,000 yen.	
JLPT-한끝-N3-322	調子	ちょうし	상태, 컨디션	今朝、彼は昨日よりずっと身体の調子が良さそうだった。	오늘 아침, 그는 어제보다 훨씬 몸이 좋아 보였다.	He looked much better this morning than yesterday.	
JLPT-한끝-N3-323	中旬	ちゅうじゅん	중순	彼は５月中旬に日本に戻れるでしょう。	그는 5월 중순에 일본으로 돌아갈 수 있을 것입니다.	He will come back to Japan in the middle of May.	
JLPT-한끝-N3-324	単語	たんご	단어	英語には５０万語以上の単語があると見積もられた。	영어에는 50만 단어 이상의 단어가 있을 것으로 추산되었다.	It is estimated that there are over half a million words in English.	
JLPT-한끝-N3-325	違う	ちがう	다르다	金持ちか貧乏かによって、ものの見方が違うものだ。	부자인지 가난인지에 따라 사물을 보는 방식이 다른 법이다.	We see things differently according to whether we are rich or poor.	
JLPT-한끝-N3-326	地球	ちきゅう	지구	地球の生態系はある程度自己修正されるもので、その結果が他の変化によって隠されているという可能性もある。	지구의 생태계는 어느 정도 자기 수정되는 것이고, 그 결과가 다른 변화에 의해 가려져 있을 수도 있다.	The earth's ecosystem is to some extent self-correcting, so it is also possible that the effects are being masked by other changes.	
JLPT-한끝-N3-327	駐車	ちゅうしゃ	주차	そのビルのすぐ前に、何とか駐車できる場所を見つけた。	그 빌딩 바로 앞에 어떻게든 주차할 수 있는 곳을 찾았다.	I managed to find a parking place right in front of the building.	
JLPT-한끝-N3-328	昼食	ちゅうしょく	중식, 점심	彼は昼食を食べていた時に、その問題の答えを思いついた。	그는 점심을 먹고 있을 때 그 문제의 답을 생각해 냈다.	He hit on the answer to the problem as he was having lunch.	
JLPT-한끝-N3-329	調査	ちょうさ	조사	次の記述分析は１５００以上の厳密に管理されたアンケート調査によって得られたものである。	다음의 기술 분석은 1500개 이상의 엄밀하게 관리된 설문조사를 통해 얻어진 것이다.	The following descriptive analysis was derived from over 1500 closely-monitored questionnaires.	
JLPT-한끝-N3-330	朝食	ちょうしょく	아침 식사	朝食をとりながら、私たちはその日の計画を立てた。	아침 식사를 하면서 우리는 그날의 계획을 세웠다.	While having breakfast, we made a plan for the day.	
JLPT-한끝-N3-331	貯金	ちょきん	저금	ジュリー、衣服に金を浪費しないで、貯金をしなさい。	줄리, 옷에 돈을 낭비하지 말고 저금을 하세요.	Don't waste money on clothes, Julie. Save money!	
JLPT-한끝-N3-332	直接	ちょくせつ	직접	理論的側面については、ピーターソンの主要は我々の議論に直接関係がある。	이론적 측면에 대해서는 피터슨의 주요 내용은 우리의 논의와 직접 관련이 있다.	As for the theoretical side, Peterson's claim is pertinent to our discussion.	
JLPT-한끝-N3-333	通勤	つうきん	통근	通勤列車に乗ると、鞄が棚にきちんと並べられていることが見える。	출퇴근 열차를 타면 가방이 선반에 가지런히 놓여 있는 것을 볼 수 있다.	When you get into a commuter train, you see the briefcases neatly stacked on the racks.	
JLPT-한끝-N3-334	通知	つうち	통지	義務は、許可通知の後、発行料を支払った後、も続く点に留意。	의무는 허가 통보 후 발급료를 지급한 후 계속됨을 유의.	It should be noted that the duty continues after a notice of allowance is mailed and the issue fee is paid.	
JLPT-한끝-N3-335	通訳	つうやく	통역	同時通訳によって言語の障壁が崩れた。	동시통역으로 인해 언어의 장벽이 무너졌다.	Simultaneous translation broke linguistic walls.	
JLPT-한끝-N3-336	疲れ	つかれ	피로	私は疲れていたが、それにもかかわらず眠れなかった。	나는 피곤했지만 그럼에도 불구하고 잠이 오지 않았다.	I was very tired, but I was nevertheless unable to sleep.	
JLPT-한끝-N3-337	疲れる	つかれる	피곤하다	私は疲れていたが、それにもかかわらず眠れなかった。	나는 피곤했지만 그럼에도 불구하고 잠이 오지 않았다.	I was very tired, but I was nevertheless unable to sleep.	
JLPT-한끝-N3-338	伝える	つたえる	전하다	この（英語で）４語はたくさんの複雑な情報を伝えるばかりでなく、諺の持つ説得力もあるのである。	이 네 단어는 많은 복잡한 정보를 전달할 뿐만 아니라 속담들이 가진 설득력도 있는 것이다.	Those four words carried not only a lot of complex information, but also the persuasive force of a proverb.	
JLPT-한끝-N3-339	伝わる	つたわる	전해지다, 알려지다	雷鳴が聞こえるよりも先に稲光が見えるのは、光が音よりも早く伝わるからである。	천둥소리가 들리는 것보다 먼저 번개가 치는 것은 빛이 소리보다 더 빨리 전달되기 때문이다.	It is because light travels faster than sound that we see lightning before we hear thunder.	
JLPT-한끝-N3-340	包む	つつむ	싸다, 포장하다	そのため、いつも清新な雰囲気に包まれますが、今回もその通りの充実した一日となりました。	그래서 항상 청신호에 휩싸이지만 이번에도 그런대로 알찬 하루가 되었습니다.	For that reason it's always held in a fresh atmosphere, and this time too it was a fulfilling day.	
JLPT-한끝-N3-341	続き	つづき	계속, 연결	会社は合併によってすべてがかわり、混乱状態が続いています。	회사는 합병으로 모든 것이 바뀌었고 혼란 상태가 계속되고 있습니다.	The office has been topsy-turvy since the merger upset everything.	
JLPT-한끝-N3-342	勤める	つとめる	근무하다	銀行に勤めている間に、彼は大学で経済学を教えた。	은행에서 근무하는 동안 그는 대학에서 경제학을 가르쳤다.	While employed in the bank, he taught economics at college.	
JLPT-한끝-N3-343	詰める	つめる	채워 넣다	ボードが箱に歯抜けで入れられてるから、詰めていれれば、箱がもっと有効につかえるよ。	보드가 상자에 걸터앉아 있기 때문에 채워두면 상자가 더 유용하게 쓰일 수 있어.	There are gaps between the boards in the box. If you fit them in snugly, you'll get more use out of the box.	
JLPT-한끝-N3-344	到着	とうちゃく	도착	渋滞にもかかわらず、私はどうにか空港に遅れずに到着することができた。	교통 체증에도 불구하고 나는 간신히 공항에 늦지 않게 도착할 수 있었다.	In spite of the heavy traffic, I managed to get to the airport in time.	
JLPT-한끝-N3-345	通り過ぎる	とおりすぎる	지나가다, 통과하다	電車が通り過ぎる時、運転士の姿がちらりとトムの目に入った。	전철이 지나갈 때 운전사의 모습이 살짝 톰의 눈에 들어왔다.	Tom caught a glimpse of the driver as it raced past.	
JLPT-한끝-N3-346	得意だ	とくいだ	자신 있다, 잘하다	父は料理が得意だ。母はといえば、食べるのが得意だ。	아빠는 요리를 잘하셔. 엄마는 말하자면 먹는 걸 잘하셔.	Father is good at cooking. As for Mother, she is good at eating.	
JLPT-한끝-N3-347	伝言	でんごん	전언	支配人が外出中だったので、私は彼の秘書に伝言を残した。	지배인이 외출 중이었기 때문에 나는 그의 비서에게 전언을 남겼다.	The manager was out, so I left a message with his secretary.	
JLPT-한끝-N3-348	停電	ていでん	정전	会社は、お客様からの苦情が一番多い停電の問題に取り組みました。	회사는 고객의 불만이 가장 많은 정전 문제에 대처했습니다.	The company went after its No. 1 customer gripe: power outages.	
JLPT-한끝-N3-349	テーマ	テーマ	주제	このテーマに関するほとんどの研究では、立法府の介入が悪影響をもたらしたということが示されている。	이 주제에 관한 대부분의 연구에서는 입법부의 개입이 악영향을 가져왔다는 것을 보여주고 있다.	It has been shown in most studies on this subject that intervention of the legislature had adverse effects.	
JLPT-한끝-N3-350	デザイン	デザイン	디자인	現実面では、エメット理論の応用によっていくつかの傑出したデザインが生み出されている。	현실면에서는 에메트 이론의 응용에 의해 몇 가지 걸출한 디자인이 창출되고 있다.	On the practical side, the application of Emmet's theory has produced several outstanding designs.	
JLPT-한끝-N3-351	動作	どうさ	동작	壊れたラジオを修理していて、回路の動作原理を理解できていないことに改めて気がつきます。	고장 난 라디오를 수리하다가 회로의 작동 원리를 이해하지 못하고 있다는 사실을 새삼 깨달았다.	Repairing a broken radio I realise over again that I don't have an understanding of the operating principles of circuitry.	
JLPT-한끝-N3-352	当日	とうじつ	당일	しかし、当日買える決勝戦の安い立見席券が必ずいくらかある。	하지만 당일 살 수 있는 결승전의 저렴한 입석권이 꼭 얼마가 있다.	But there are always some cheap standing tickets for the finals which you can buy on the day.	
JLPT-한끝-N3-353	登場	とうじょう	등장	デザインも、アーチ型のロゴデザインにより現代的で「登場感」「躍動感」あるものに仕上げました。	디자인도 아치형 로고 디자인을 통해 현대적이고 '등장감', '역동감' 있게 완성했습니다.	The design was also given the finishing touch to have launch impact and dynamism provided by the novelty of the arch shaped logo design.	
JLPT-한끝-N3-354	どきどき	どきどき	두근두근	そのおびえた少年の心臓は恐怖でどきどき打っていた。	그 겁에 질린 소년의 심장은 공포로 떨고 있었다.	The frightened boy's heart palpitated with terror.	
JLPT-한끝-N3-355	独身	どくしん	독신	ビルは先週結婚して、ついに独身生活にピリオドを打った。	빌()은 지난주에 결혼해서 마침내 독신 생활에 마침표를 찍었다.	Bill was single until he tied the knot last week.	
JLPT-한끝-N3-356	特長	とくちょう	특징, 장점	カーペットには埃を吸収するダストポケット効果があり、埃の飛散を防ぐ特長があるのだが、それが仇になった結果といえる。	카펫에는 먼지를 흡수하는 더스트 포켓 효과가 있어 먼지의 비산을 막는 특장점이 있는데 그것이 원천이 된 결과라 할 수 있다.	Carpets have the effect of a dust pocket, with merit of sucking up dust and stopping it flying around, but you can say that effect backfires.	
JLPT-한끝-N3-357	独立	どくりつ	독립	彼女は大学に入学したら、親から経済的に独立しようと思っていた。	그녀는 대학에 입학하면 부모로부터 경제적으로 독립하려고 했다.	She thought that it let's be independent of the parents economically if she entered a university.	
JLPT-한끝-N3-358	とける	とける	녹다	問題に没頭すれば、油が風波をしずめるように、かんたんに、その問題がとける。	문제에 몰두하면 기름이 풍파를 가라앉히는 것처럼 수월하게 그 문제가 풀린다.	Sleeping on a problem solves it as easily as pouring oil on troubled waters.	
JLPT-한끝-N3-359	閉じる	とじる	닫다, (눈을) 감다	君は全部のドアを施錠するか、せめて閉じるべきだった。	너는 모든 문을 잠그거나 최소한 닫았어야 했어.	You should have locked, or at least closed, all the doors.	
JLPT-한끝-N3-360	突然	とつぜん	갑자기	いろいろな説はあるものの、恐竜がなぜ突然絶滅してしまったのかはまだ謎のままである。	여러 가지 설이 있기는 하지만 공룡이 왜 갑자기 멸종해 버렸는지는 여전히 수수께끼로 남아 있다.	There are many theories about the sudden extinction of the dinosaurs, but the real cause still remains anyone's guess.	
JLPT-한끝-N3-361	どなる	どなる	고함치다, 호통치다	大きな声でどなるな。	큰 소리로 떠들지 마.	Don't raise your voice at me.	
JLPT-한끝-N3-362	飛ぶ	とぶ	날다	愛は愛から飛び去る翼があるに違いないが、また飛んで戻って来る翼も持っているに違いない。	사랑은 사랑에서 날아가는 날개가 있음에 틀림없지만, 또 날아와서 돌아오는 날개도 가지고 있음에 틀림없다.	Love must have wings to fly away from love, And to fly back again.	
JLPT-한끝-N3-363	泊まる	とまる	묵다, 숙박하다	私は彼らがあの部屋に泊まるのに、お金を請求しすぎた。	나는 그들이 저 방에 묵는 동안 돈을 너무 많이 청구했어.	I charged them too much money for their room.	
JLPT-한끝-N3-364	取り消す	とりけす	취소하다	彼は私について言ったことを取り消した。	그는 나에 대해 말한 것을 취소했다.	He took back what he had said about me.	
JLPT-한끝-N3-365	努力	どりょく	노력	余計な努力の結果、彼の血圧を通常以上に上がった。	불필요하게 애쓴 결과, 그의 혈압이 평소보다 높아졌다.	The extra effort raised his blood pressure above normal.	
JLPT-한끝-N3-366	内緒	ないしょ	비밀	内緒の話ですが、彼は収賄のために免職になったのです。	비밀스러운 이야기입니다만, 그는 뇌물 수수 때문에 면직된 것입니다.	Between you and me, he was dismissed for bribery.	
JLPT-한끝-N3-367	内容	ないよう	내용	この例文は、書き方のサンプルなので必要に応じて内容を追加削除をしてからお使いください。	이 예문은 쓰는 방법의 샘플이므로 필요에 따라 내용을 추가 삭제를 한 후 사용하시기 바랍니다.	This example text is a how-to-write sample, so please add to and delete from it as required before using.	
JLPT-한끝-N3-368	流れる	ながれる	흐르다	電流が流れる電線にコイルを近づけると、コイルにも電気が流れます。	전류가 흐르는 전선에 코일을 가까이 하면 코일에도 전기가 흘러요.	When a coil is moved near to a wire with current flowing in it current flows in the coil as well.	
JLPT-한끝-N3-369	泣く	なく	울다	私は、声を出して泣くのを抑えることができなかった。	나는 소리내어 우는 것을 억제할 수 없었어.	I could not stop herself from crying aloud.	
JLPT-한끝-N3-370	慰める	なぐさめる	위로하다, 달래다	ビルはただモニカを慰めたかっただけなのに、彼女は彼が自分に気があるのだと判明した。	빌은 단지 모니카를 위로하고 싶었을 뿐인데, 그녀는 그가 자신에게 마음이 있는 것으로 판명되었다.	Bill just wanted to comfort Monica, but she interpreted it as romantic interest.	
JLPT-한끝-N3-371	投げる	なげる	던지다	テロリストが手榴弾を投げる前に爆発してしまい、片腕を吹き飛ばされてしまった。	테러리스트가 수류탄을 던지기 전에 폭발해 한 팔이 날아가 버렸다.	The grenade blew up before the terrorist could throw it, and his arm was blown off!	
JLPT-한끝-N3-372	なだらか	なだらか	완만하다	日本における今年の賃上げはなだらかなものだった。	일본의 올해 임금 인상은 완만한 것이었다.	Wage settlements in Japan this year were moderate.	
JLPT-한끝-N3-373	なつかしい	なつかしい	그립다	私たちの家は快適ですが、やっぱり前の家がなつかしい。	우리 집은 쾌적하지만 역시 앞집이 그립다.	Our house is nice but I still miss the old one.	
JLPT-한끝-N3-374	涙	なみだ	눈물	彼女はほおに涙を流しながら、彼に向かって叫んだ。	그녀는 뺨에 눈물을 흘리며 그를 향해 소리쳤다.	She called out to him, with tears running down her cheeks.	
JLPT-한끝-N3-375	波	なみ	파도, 물결	空気の場合、大気中には常にある程度の湿気があるが、その量が大幅に増えると光の波に影響してくる。	공기의 경우 대기 중에는 항상 어느 정도의 습기가 있는데, 그 양이 크게 늘어나면 빛의 파동에 영향을 받아 온다.	As for the air, there is always some moisture in the atmosphere, but when the amount increases a great deal, it affects the light waves.	
JLPT-한끝-N3-376	なるべく	なるべく	가능한 한, 되도록	特別扱いしますが、なるべく短めにしてくださいね。	특별 취급하지만 되도록 짧게 해주세요.	I'll make this a special case, but try to keep it short.	
JLPT-한끝-N3-377	似合う	にあう	어울리다, 잘 맞다	彼女はスタイルがいいから、何を着てもよく似合う。	그녀는 스타일이 좋아서 뭘 입어도 잘 어울려.	Because she has a good figure, whatever she wears suits her.	
JLPT-한끝-N3-378	握る	にぎる	쥐다	あまりしっかりうなぎを握ると、かえって逃げられる。	너무 꽉 장어를 잡으면 오히려 도망칠 수 있어.	Holding an eel too fast is the way to let her escape.	
JLPT-한끝-N3-379	逃げる	にげる	달아나다	奇跡でも起こらない限り、彼はそこから逃げられないんじゃないか。	기적이라도 일어나지 않는 한, 그는 거기서 도망칠 수 없지 않을까.	He won't be able to escape from there without a miracle, will he?	
JLPT-한끝-N3-380	荷物	にもつ	짐, 화물	あなたの荷物は、この次の便に乗っているようです。	당신의 짐은 이 다음 편에 타고 있는 것 같습니다.	It looks like your luggage is on the next flight.	
JLPT-한끝-N3-381	根	ね	뿌리	思いがけない大きな財産がころがりこんでくると信じることは、根も葉もないことだ。	뜻하지 않은 큰 재산이 굴러들어 온다고 믿는 것은 뿌리도 없는 일이다.	To believe that an unexpected big fortune will come your way is to build a castle in Spain.	
JLPT-한끝-N3-382	願う	ねがう	바라다	この議事録に関して、訂正、追加がありましたらお願いします。	이 회의록에 정정하거나 추가할 사항이 있으면 알려 주십시오.	I welcome any corrections or additions to these minutes.	
JLPT-한끝-N3-383	熱心だ	ねっしんだ	열심이다	彼らはアウトドアスポーツに熱心だ。	그들은 아웃도어 스포츠에 열심이다.	They are keen on outdoor sports.	
JLPT-한끝-N3-384	眠る	ねむる	잠자다	電話に出なかったので、彼は眠っていたに違いない。	전화를 받지 않았기 때문에 그는 잠든 것이 틀림없다.	He must have been sleeping because he didn't answer the telephone.	
JLPT-한끝-N3-385	農業	のうぎょう	농업	日本の競争力は工業製品では非常に強いが、農業産品では弱い。	일본의 경쟁력은 공업제품에서는 매우 강하지만 농업제품에서는 약하다.	Japan's competitiveness is very strong in industrial products, but weak in agricultural products.	
JLPT-한끝-N3-386	ノック	ノック	노크	私はノックをしないでドアを開けたので、彼女は腹をたてた。	나는 노크를 하지 않고 문을 열었기 때문에 그녀는 화를 냈다.	As I opened the door without knocking, she lost her temper.	
JLPT-한끝-N3-387	延ばす	のばす	연장하다	もうこれ以上延ばすわけにはいかない。	더 이상 미룰 수 없다.	I can't put it off any longer.	
JLPT-한끝-N3-388	葉	は	잎	最後の葉が落ちる時、私もまた死ななければなりません。	마지막 잎이 떨어질 때 저 또한 죽어야 합니다.	When the last leaf falls, I must go, too.	
JLPT-한끝-N3-389	歯	は	이, 치아	歯を食い縛る、喉元までせりあがった感情を強引に飲み込む。	이를 악무는 목구멍까지 차오른 감정을 억지로 삼킨다.	He gritted his teeth; forced back his growing fear.	
JLPT-한끝-N3-390	〜倍	〜ばい	~배	今日では１９５０年の３倍以上の数の車が走っている。	오늘날에는 1950년의 3배 이상의 수의 자동차가 달리고 있다.	Today we have more than three times as many vehicles as on the loads in 1950.	
JLPT-한끝-N3-391	配達	はいたつ	배달	配達のレシートに受け取った品物の正確なリストがない限り、サインをしてはいけません。	배달 영수증에 받은 물건의 정확한 목록이 없는 한 사인을 해서는 안 됩니다.	Do not sign a delivery receipt unless it accurately lists the goods received.	
JLPT-한끝-N3-392	生える	はえる	(이, 머리 등이) 나다	おたまじゃくしが大きくなるにつれ、尻尾が消えて足が生えはじめる。	참외가 커짐에 따라 꼬리가 사라지고 다리가 생기기 시작한다.	As a tadpole grows, the tail disappears and legs begin to form.	
JLPT-한끝-N3-393	測る	はかる	재다, 달다	情報検索の効率を測る尺度として、再現率と適合率というものがある。	정보검색의 효율을 재는 척도로 재현율과 적합율이라는 것이 있다.	As yardsticks to measure the effectiveness of information retrieval there exist those called 'recall ratio' and 'precision ratio'.	
JLPT-한끝-N3-394	バケツ	バケツ	양동이	火事が起こったときのために、いつもバケツの水を手もとにおいて起きなさい。	불이 났을 때를 위해 항상 양동이의 물을 곁에 두고 일어나세요.	Always keep a bucket of water handy, in case of fire.	
JLPT-한끝-N3-395	発見	はっけん	발견	そのダイヤは１８７３年に、ある少年によって発見された。	그 다이아는 1874년에 한 소년에 의해 발견되었다.	The diamond was discovered by a boy in 1873.	
JLPT-한끝-N3-396	発生	はっせい	발생	国防総省関係者は、異常がいつ発生したかについては口を閉ざしており、飛行の詳細についても論評をさけました。	국방부 관계자는 이상이 언제 발생했는지에 대해서는 입을 닫았고, 비행에 대한 자세한 내용에 대해서도 논평을 내놓았습니다.	Pentagon officials won't say when the problem turned up and refused to discuss details about the flight.	
JLPT-한끝-N3-397	発展	はってん	발전	日本は資源が乏しい国にもかかわらず、国際貿易のお陰で経済大国に発展した。	일본은 자원이 부족한 나라임에도 국제 무역 덕분에 경제 대국으로 발전했다.	Though it is poor in natural resources, Japan has become an economic superpower thanks to international trade.	
JLPT-한끝-N3-398	発表	はっぴょう	발표	晩餐会の席でソフトウェアの新バージョンの発表について触れたい。	만찬 자리에서 소프트웨어의 새로운 버전 발표에 대해 언급하고 싶다.	I want to mention the release of our new software edition at the banquet.	
JLPT-한끝-N3-399	話しかける	はなしかける	말을 걸다	彼は恥ずかしがりやで、話しかけない限り、話しません。彼には話しかける必要があります。	그는 부끄러움이 많아서 말을 걸지 않는 한 말을 하지 않습니다. 그에게는 말을 걸 필요가 있습니다.	He's shy, and never speaks unless spoken to. You have to talk to him.	
JLPT-한끝-N3-400	離す	はなす	떼다, 간격을 벌리다	できるだけロープにしがみついたが、結局手を離した。	최대한 로프에 매달렸지만 결국 손을 놓았다.	I held onto the rope for as long as I could but I finally had to let go.	
JLPT-한끝-N3-401	速く	はやく	빨리	しかし全ての物質の中を同じ速度で進むのではなく、ものによって速くもなり遅くもなる。	그러나 모든 물질 속을 같은 속도로 나아가는 것이 아니라 사물에 따라 빠르기도 느리기도 하다.	But light does not travel at the same speed through all materials; it goes slower through some than through others.	
JLPT-한끝-N3-402	早めに	はやめに	빨리, 일찌감치	雨が降っているから、今夕は早めに暗くなるでしょう。	비가 오니까 이번 주는 일찍 어두워질 거예요.	It will get dark earlier this evening, as it is raining.	
JLPT-한끝-N3-403	払う	はらう	지불하다	必要であれば、特別料金を払うことに対して、異議は申しません。	필요하다면 특별 요금을 내는 것에 대해 이의를 제기하지 않겠습니다.	I have no objection to paying a special fee if it is necessary.	
JLPT-한끝-N3-404	半日	はんにち	반일, 한나절	半日のツアーはありますか。	반나절 투어는 있습니까?	Do you offer any half-day tours?	
JLPT-한끝-N3-405	パンフレット	パンフレット	팸플릿, 소책자	我が社の試験を受ける前に、このパンフレットを読んで下さい。	저희 회사 시험을 보기 전에 이 책자를 읽어주세요.	Skim through this pamphlet before you take the examination for our company.	
JLPT-한끝-N3-406	冷える	ひえる	차가워지다, 식다	試合時には、お湯の入ったタンクの中に入れて冷えないようにして、売り子によって販売された。	경기 시에는 뜨거운 물이 담긴 탱크 안에 넣어 식지 않도록 하여 판매자에 의해 판매되었다.	At the games they were sold by men who kept them warm in hot-water tanks.	
JLPT-한끝-N3-407	比較	ひかく	비교	国家の文化とアイデンティティという枢要な問題から切り離された時点で、比較文化はその方向性を失う。	국가의 문화와 정체성이라는 핵심적 문제에서 분리되는 시점에서 비교문화는 그 방향성을 잃는다.	Once divorced from key questions of national culture and identity, comparative literature loses its way.	
JLPT-한끝-N3-408	引き受ける	ひきうける	떠맡다	彼がその仕事を引き受けなければ、誰か別の人が引き受けるだろう。	그가 그 일을 맡지 않으면 누군가 다른 사람이 맡을 것이다.	If he doesn't accept the job, some other person will.	
JLPT-한끝-N3-409	低い	ひくい	낮다	私の知る限りでは、彼はこの学校で最も背が低い学生だ。	내가 알기론 그는 이 학교에서 가장 키가 작은 학생이다.	As far as I know, he is the shortest student in this school.	
JLPT-한끝-N3-410	ぴったり	ぴったり	꼭 맞음	ぴったり合うかどうか、この新調の服を着てみなさい。	딱 맞는지 아닌지 이 새 옷을 입어보세요.	Try on this new suit to see if it fits well.	
JLPT-한끝-N3-411	表面	ひょうめん	표면	表面上、本書の大部分は一連の事例の変遷を記録したものである。	표면상 이 책의 대부분은 일련의 사례의 변천을 기록한 것이다.	On the surface the book consists mostly of a series of case histories.	
JLPT-한끝-N3-412	〜秒	〜びょう	~초	はい。１００メートルを１２秒で走る事ができます。	네, 100미터를 12초에 달릴 수 있어요.	Yes. He can run 100 meters within twelve seconds.	
JLPT-한끝-N3-413	ヒント	ヒント	힌트	極めて知能の高い人々の習慣は、それをどのように行うかについてヒントを与える。	지극히 지능이 높은 사람들의 습관은 그것을 어떻게 행할지에 대해 힌트를 준다.	The habits of highly intelligent people offer a clue as to how to do that.	
JLPT-한끝-N3-414	不安	ふあん	불안	どうして彼がそんなに不安になっているかについて、君は誤解している。	왜 그가 그렇게 불안해 하는지에 대해 너는 오해하고 있어.	You are mistaken as to what makes him so nervous.	
JLPT-한끝-N3-415	夫婦	ふうふ	부부	妻の思いがけない死は、５０年以上にわたる、幸福な夫婦生活に終止符をうった。	아내의 뜻밖의 죽음은 50년 이상에 걸친 행복한 부부생활에 종지부를 찍었다.	The untimely death of my wife has rung down the curtain on over 50 years of happily married life.	
JLPT-한끝-N3-416	深い	ふかい	깊다	おそらく、書物がわれわれの人生に対して深い影響を及ぼすのは子供時代だけであろう。	아마도 책들이 우리 삶에 깊은 영향을 미치는 것은 어린 시절뿐일 것이다.	Perhaps it is only in childhood that books have any deep influence on our lives.	
JLPT-한끝-N3-417	ふく	ふく	닦다	私は服についてはたいていそのデパートで買います。	저는 옷에 대해서는 대개 그 백화점에서 삽니다.	I usually buy my clothes at the department store.	
JLPT-한끝-N3-418	複雑だ	ふくざつだ	복잡하다	その種族の言語は他のどんな人間の言語にも劣らず複雑だ。	그 종족의 언어는 다른 어떤 인간의 언어 못지않게 복잡하다.	The language of that tribe is as complex as any other human language.	
JLPT-한끝-N3-419	復習	ふくしゅう	복습	君は英語の復習をしようとしましたか。	너 영어 복습을 하려고 했어?	Did you try to review the English lessons?	
JLPT-한끝-N3-420	複数	ふくすう	복수	アジアの宗教から閃きを得て、彼は複数の素晴らしい彫刻を生み出した。	아시아의 종교에서 영감을 얻어 그는 여러 훌륭한 조각을 만들어냈다.	Asian religions inspire him to create splendid sculptures.	
JLPT-한끝-N3-421	防ぐ	ふせぐ	막다	私の知る限り、この化学薬品は細菌の繁殖を防ぐだろう。	내가 아는 한, 이 화학약품은 세균의 번식을 막을 것이다.	To my knowledge, this chemical will prevent germs from breeding.	
JLPT-한끝-N3-422	普通	ふつう	보통	特殊能力があるかどうかは分かりませんが、普通の人間以上の力はあった事でしょう。	특수 능력이 있는지 없는지는 모르겠지만 보통 사람 이상의 힘은 있었겠지요.	I don't know if he has any special powers or not, but he's probably stronger than a normal human.	
JLPT-한끝-N3-423	物価	ぶっか	물가	政府は通常インフレがある水準に達した場合は、物価の抑制の措置に訴える。	정부는 통상 인플레이션이 어느 수준에 도달하면 물가 억제 조치를 호소한다.	Governments usually resort to price control when inflation has reached a certain level.	
JLPT-한끝-N3-424	ぶつける	ぶつける	부딪치다	彼が車をバックさせようとして電柱にぶつけたとき、彼の車をひどく壊れた。	그가 차를 후진시키려다 전봇대에 부딪혔을 때 그의 차가 심하게 부서졌다.	His car was seriously damaged when he backed into a telephone pole.	
JLPT-한끝-N3-425	沸騰	ふっとう	비등	ふたをして始めは強火、沸騰したら中火にして約７分間煮ます。	뚜껑을 덮고 시작은 센 불, 끓으면 중불로 해서 약 7분간 끓입니다.	Put the lid on and start at high flame, when it boils set to medium flame and boil for about seven minutes.	
JLPT-한끝-N3-426	部分	ぶぶん	부분	この研究の最初の部分では、大衆統制の心理に関してすでに行われている研究について言及する。	이 연구의 첫 부분에서는 대중통제의 심리에 관해 이미 수행된 연구들을 언급한다.	In the early part of my study, I allude to work that had already been done on the psychology of crowd-control.	
JLPT-한끝-N3-427	不満	ふまん	불만	日本に住んでいる事について、私には何も不満はない。	일본에 사는 것에 대해, 나한테는 아무것도 불만이 없어.	As for living in Japan, I have nothing to complain about.	
JLPT-한끝-N3-428	ふらふら	ふらふら	비틀비틀	フラフラと歩き回る様は、あまりにデンジャラスだ。	훌쩍훌쩍 돌아다니는 모습은 너무 뎅기스하다.	The way she dizzily moves around is far too dangerous.	
JLPT-한끝-N3-429	ぶらぶら	ぶらぶら	어슬렁어슬렁	彼は妻子を田舎に残して、職を求めてぶらぶらしていた。	그는 처자를 시골에 남겨두고 일자리를 찾아 빈둥거리고 있었다.	With his wife and children in the country, he was at loose ends for something to do.	
JLPT-한끝-N3-430	振る	ふる	흔들다	その犬は尾を振りながら、主人の後についていった。	그 개는 꼬리를 흔들며 주인을 따라갔다.	The dog, wagging its tail, followed its master.	
JLPT-한끝-N3-431	文章	ぶんしょう	문장	先ずは憧れの作家の文章の呼吸をつかむためにひたすら筆写、丸写しをする。	우선 동경하는 작가의 문체와 호흡을 익히기 위해 글을 끊임없이 필사하고 그대로 베껴 쓴다.	First, in order to get a feel for your favourite author's work, transcribe and copy in full.	
JLPT-한끝-N3-432	分類	ぶんるい	분류	その機械はデータを分類するだけでなく、数字もチェックする。	그 기계는 데이터를 분류할 뿐만 아니라 숫자도 체크한다.	In addition to classifying the data, the machine also checks the figures.	
JLPT-한끝-N3-433	平均	へいきん	평균	最近の研究によれば、日本人の平均寿命はまだ伸びているそうだ。	최근의 연구에 의하면 일본인의 평균수명은 아직도 증가하고 있다고 한다.	According to a recent study, the average life span of the Japanese is still increasing.	
JLPT-한끝-N3-434	平日	へいじつ	평일	平日料金と休日料金で、１万円も違うんだ。	평일 요금과 휴일 요금으로 1만엔이나 달라.	You have to pay 10,000 yen extra on holidays.	
JLPT-한끝-N3-435	別々	べつべつ	따로따로	最初は別々だったんですがある日一緒行き帰りするようになりました。	처음에는 따로 있었는데 어느 날 같이 돌아가게 되었어요.	At first we used to go separately, but one day we started going and returning together.	
JLPT-한끝-N3-436	ぺらぺら	ぺらぺら	술술	トムは日本語がぺらぺらだ。	톰은 일본어가 유창하다.	Tom is a fluent speaker of Japanese.	
JLPT-한끝-N3-437	変化	へんか	변화	このことから、大規模な人口移動は経済変化の結果ではないという議論を導くことができる。	이런 점에서 대규모 인구 이동은 경제 변화의 결과가 아니라는 논의를 이끌 수 있다.	From this we can derive the argument that major population shifts are not the result of economic change.	
JLPT-한끝-N3-438	方角	ほうがく	방위	その物体は光を放ちながら南の方角へ飛んで行った。	그 물체는 빛을 발하면서 남쪽 방향으로 날아갔다.	The object flew away to the south, giving out flashes of light.	
JLPT-한끝-N3-439	方向	ほうこう	방향	私たちの方向感覚はいつも当てになるとは限らないようだ。	우리의 방향 감각은 언제나 맞다고만 할 수는 없는 것 같다.	It seems that our sense of direction is not always reliable.	
JLPT-한끝-N3-440	報告	ほうこく	보고	まだテスト結果については何も報告がないので、みんな待っているところです。	아직 테스트 결과에 대해서는 아무런 보고가 없어서 다들 기다리는 중이에요.	We're all waiting because there's no news about the test results as yet.	
JLPT-한끝-N3-441	方法	ほうほう	방법	何かについて文句を言うことが、新しい環境に慣れる１つの方法である。	무언가에 대해 불평하는 것이 새로운 환경에 적응하는 한 방법이다.	Complaining about something is one way to adapt yourself to a new environment.	
JLPT-한끝-N3-442	法律	ほうりつ	법률	我々自身にとっての法律は、我々の理性が法律である。	우리 자신에게 법은 우리의 이성이 법이다.	Law to ourselves, our reason is our law.	
JLPT-한끝-N3-443	訪問	ほうもん	방문	やむを得ず訪問するのはいやだったが、やはりしないわけには行かなかった。	어쩔 수 없이 방문하는 것은 싫었지만 역시 안 할 수 없었다.	I disliked the idea of the necessary call, but it was to be done.	
JLPT-한끝-N3-444	ほえる	ほえる	짖다	あの犬、一日中ワンワンワンワン吠えてるんだから。	저 개는 하루 종일 멍멍 짖고 있다니까.	That dog has been barking 'Ruff-ruff-ruff-ruff!' all day long.	
JLPT-한끝-N3-445	募集	ぼしゅう	모집	うちのバスケット部は背の高い男子を募集している。	우리 농구부는 키가 큰 남자를 모집하고 있어.	Our basketball team is recruiting tall boys.	
JLPT-한끝-N3-446	干す	ほす	말리다	昨日洗濯物を外に干しっぱなしにしたら、朝にはカチンカチンに凍っていた。	어제 빨래를 밖에 널다시피 했더니 아침에는 꽁꽁 얼고 있었다.	I hung the laundry out to dry last night and by morning it had frozen hard as a rock.	
JLPT-한끝-N3-447	翻訳	ほんやく	번역	私の知る限りでは、これが手に入る唯一の翻訳書だ。	내가 알기론 이게 구할 수 있는 유일한 번역서야.	To the best of my knowledge, this is the only translation available.	
JLPT-한끝-N3-448	曲げる	まげる	굽히다	しかし君はあまり膝を曲げたくないでしょう。	그러나 너는 그다지 무릎을 굽히고 싶지 않을 거야.	But you don't want to bend the knees too much.	
JLPT-한끝-N3-449	交ざる	まざる	섞이다	彼は恐怖と驚きの混ざった表情をしていた。	그는 두려움과 놀라움이 섞인 표정을 짓고 있었다.	He had a look that mingled fright with surprise.	
JLPT-한끝-N3-450	まずしい	まずしい	가난하다	マザー・テレサは、貧しい人々が何を必要としているかを見て回ることから活動を始めた。	테레사는 가난한 사람들이 무엇을 필요로 하는지 살피는 일부터 활동을 시작했다.	Mother Teresa began her work by looking around to see what was needed.	
JLPT-한끝-N3-451	混ぜる	まぜる	섞다	水を加え、練り粉がどろどろしない程度に混ぜなさい。	물을 넣고 반죽이 덜거덕거리지 않게 섞어라.	Add water and mix to a firm dough.	
JLPT-한끝-N3-452	待ち合わせる	まちあわせる	만나기로 하다	私たちはいつも学校へ行く途中で待ち合わせた。	우리는 항상 학교 가는 길에 만났다.	We used to meet on our way to school.	
JLPT-한끝-N3-453	マナー	マナー	매너	おやおや、食事の途中に席を立つとはマナーに反しますね。	오, 식사 도중에 자리를 뜨는 것은 매너에 어긋나네요.	Oh my, leaving the table in the middle of meal is bad manners, you know.	
JLPT-한끝-N3-454	豆	まめ	콩	今日の豆知識コーナー！ 今日は「カルピス」の由来について。	오늘의 콩나물 코너! 오늘은 '카르피스의 유래에 대해'.	Today's trivia corner! Today it's about the origin of Calpis.	
JLPT-한끝-N3-455	守る	まもる	지키다	私達が守るべき最善の策は、人のことには口出ししないことだ。	우리가 지켜야 할 최선의 방책은 남의 일에 참견하지 않는 것이다.	The best policy for us to observe is to mind our own business.	
JLPT-한끝-N3-456	迷う	まよう	망설이다, 길을 헤매다	ビルは２０分も遅刻だ。どこかで道に迷ったに違いない。	빌딩은 20분이나 지각이야 어디선가 길을 잃은 게 틀림없어.	Bill is 20 minutes late. He must have gotten lost somewhere.	
JLPT-한끝-N3-457	丸い	まるい	둥글다	ある話によると、お金はあちらこちら転がることができるように丸かった。	어떤 이야기에 따르면 돈은 이리저리 굴러갈 수 있게 동그랗게 생겼다.	According to one story, the money was round so that it could roll from place to place.	
JLPT-한끝-N3-458	回す	まわす	돌리다	いや、それじゃだめだ。逆になるようにまわしてごらん。	아니야 그러면 안돼 거꾸로 돌려봐.	No, that's not the right way. You have to turn it the other way round.	
JLPT-한끝-N3-459	満員	まんいん	만원	その劇はとても人気があったので、劇場はほとんど満員だった。	그 연극은 매우 인기가 있었기 때문에 극장은 거의 만원이었다.	The play was so popular that the theater was almost full.	
JLPT-한끝-N3-460	満足	まんぞく	만족	あなたの仕事はまったく満足できるというわけではない。	당신의 일은 전혀 만족스럽다는 것은 아니다.	Your work is not altogether satisfactory.	
JLPT-한끝-N3-461	見送る	みおくる	배웅하다	交通渋滞のため、彼は彼女は駅を見送ることができなかった。	교통 체증 때문에 그는 그녀를 역을 배웅할 수 없었다.	As a result of a traffic jam, he wasn't able to see her off at the station.	
JLPT-한끝-N3-462	短い	みじかい	짧다	３人の生徒が短いスピーチを言い、自己紹介をしたり自分の国について話した。	세 명의 학생이 짧은 연설을 하고 자기소개를 하거나 자기 나라에 대해 이야기했다.	Three students made short speeches and introduced themselves and their countries.	
JLPT-한끝-N3-463	湖	みずうみ	호수	この湖についての不思議な伝説が言い伝えられている。	이 호수에 대한 신기한 전설이 전해져 내려오고 있다.	A mysterious legend has been handed down about this lake.	
JLPT-한끝-N3-464	緑	みどり	초록	緑のボタンを押して下さい、すると明かりがつきます。	녹색 버튼을 눌러주세요, 그러면 불이 켜집니다.	Push the green button, and the light goes on.	
JLPT-한끝-N3-465	身につける	みにつける	익히다	男でも女でも、何か一つの技術を身につけることが望ましい。	남자든 여자든 무언가 하나의 기술을 익히는 것이 바람직하다.	It is advisable for a man or woman to acquire an accomplishment.	
JLPT-한끝-N3-466	未来	みらい	미래	予知能力とは霊力を使って、未来に起こることがらについて知ること。	예지 능력이란 영력을 사용해서 미래에 일어날 일에 대해 아는 것.	Precognition is the act of using spiritual-power to know things that will occur in the future.	
JLPT-한끝-N3-467	〜向き	〜むき	~향	体の向きを変えてくれれば、ファスナーを閉めてあげよう。	몸을 돌려주면 지퍼를 닫아주자.	If you turn around, I'll fasten your dress for you.	
JLPT-한끝-N3-468	むく	むく	벗기다	初めは仕事はトムにむいているように思えたが後でうんざりして来た。	처음에는 일은 톰에게 지고 있는 것처럼 보였지만 나중에 지겨워졌다.	At first the job looked good to Tom, but later it became tiresome.	
JLPT-한끝-N3-469	結ぶ	むすぶ	묶다	大恋愛の末に結ばれるわけではないから、アバタもエクボということはありえなかった。	대연애 끝에 맺어지는 게 아니니까 아바타도 엑보라는 게 있을 수 없었다.	Since they didn't tie the knot following a grand love affair, it wasn't a matter of blind love.	
JLPT-한끝-N3-470	命令	めいれい	명령	彼女はいつだって自分が命令する立場にいないと気がすまないのです。	그녀는 언제든 자신이 명령할 위치에 있지 않으면 기분이 좋지 않습니다.	She always has to be the one giving orders.	
JLPT-한끝-N3-471	めんどうくさい	めんどうくさい	귀찮다	そこまで歩いて行くのはめんどうくさい。	거기까지 걸어가는 건 귀찮아.	It's too much trouble to walk there.	
JLPT-한끝-N3-472	申込書	もうしこみしょ	신청서	申込書に記入した後で、登録係から手数料が８ドルだといわれた。	신청서를 작성한 뒤 등록계로부터 수수료가 8달러라고 했다.	After she filled out the application, the records clerk told her that the fee was eight dollars.	
JLPT-한끝-N3-473	燃える	もえる	타다	あの煙を見なさい。あそこの建物が燃えているに違いない。	저 연기를 봐라 저기 건물이 불타고 있는 게 틀림없어.	Look at that smoke. That building must be on fire.	
JLPT-한끝-N3-474	申し込み	もうしこみ	신청	われわれの広告に対してたくさんの申し込みがあった。	우리의 광고에 대해 많은 신청이 있었다.	We've received a lot of applications in answer to our advertisements.	
JLPT-한끝-N3-475	目的	もくてき	목적	宇宙の利用は、日本の参加に関する限りでは、非軍事的目的に限定されるべきである。	우주의 이용은 일본의 참여에 관한 한 비군사적 목적에 국한되어야 한다.	The use of space must be limited to non-military purposes as far as Japan's involvement is concerned.	
JLPT-한끝-N3-476	目標	もくひょう	목표	フレッドは妻に彼が成し遂げなければならない目標について話した。	프레드는 아내에게 그가 이루어야 할 목표에 대해 이야기했다.	Fred told his wife about the goals that who wanted to accomplish.	
JLPT-한끝-N3-477	もったいない	もったいない	아깝다	仕事は８時間するとして、なんか通勤３時間の間も仕事をしているようで、しかしお金は出ず、もったいないな。	일은 8시간 한다고, 뭔가 출퇴근 3시간 동안이나 일하는 것 같고, 그런데 돈은 안 나오고 아깝네.	Say that work is 8 hours, it feels like the three hour commute time is also work but you don't get any money for it. What a waste.	
JLPT-한끝-N3-478	物語	ものがたり	이야기	しかし、これは死にたいと思っているある老人の物語です。	하지만 이건 죽고 싶어하는 한 노인의 이야기예요.	But this is the story of an old man who wants to die.	
JLPT-한끝-N3-479	文句	もんく	불만	何かについて文句を言うことが、新しい環境に慣れる１つの方法である。	무언가에 대해 불평하는 것이 새로운 환경에 적응하는 한 방법이다.	Complaining about something is one way to adapt yourself to a new environment.	
JLPT-한끝-N3-480	焼く	やく	굽다	エミリー以上にすばらしいアップルパイを焼く人はいない。	에밀리 이상으로 훌륭한 애플파이를 굽는 사람은 없다.	No one bakes a finer apple pie than Emily.	
JLPT-한끝-N3-481	訳する	やくする	번역하다	２、３ページの英語を訳すのに２時間以上もかかりました。	2, 3페이지의 영어를 번역하는데 2시간 이상 걸렸습니다.	It took me more than two hours to translate a few pages of English.	
JLPT-한끝-N3-482	家賃	やちん	집세	彼は家賃をだいぶ滞納し、そのためアパートをたちのかされた。	그는 월세를 많이 체납했고, 그래서 아파트를 빼앗겼다.	He was way behind on his rent. As a result, he was evicted from his apartment.	
JLPT-한끝-N3-483	薬局	やっきょく	약국	再び薬局へ出向き、混合物をマシーンに入れ、１０ドルを支払う。	다시 약국에 가서 혼합물을 머신에 넣고 10달러를 지불한다.	He went back to the drug store, located the machine, poured in the sample and deposited the $10.00.	
JLPT-한끝-N3-484	破れる	やぶれる	찢어지다	バスに遅れて、会社に遅れてストッキングが破れて。	버스에 늦어서 회사에 늦어서 스타킹이 찢어져서요.	I was late for the bus, late for work, and got a run my stockings.	
JLPT-한끝-N3-485	郵便	ゆうびん	우편	カタログを通じて郵便で買い物をすることによって、人々は幅広い商品を選ぶことが出来る。	카탈로그를 통해 우편으로 쇼핑을 함으로써 사람들은 폭넓은 상품을 선택할 수 있다.	Shopping by mail through catalogs gives people a wide choice of merchandise.	
JLPT-한끝-N3-486	ユーモア	ユーモア	유머	しかし、最近新しいタイプのユーモアが流行してきている。これは主にアメリカで生まれたものである。	그러나 최근 새로운 유형의 유머가 유행하고 있다 이는 주로 미국에서 생겨난 것이다.	However, a new type of humor, which stems largely from America, has recently come into fashion.	
JLPT-한끝-N3-487	床	ゆか	마루	私が午後十一時に電話したとき、彼女はすでに床についていた。	내가 오후 10시에 전화했을 때 그녀는 이미 바닥에 붙어 있었다.	She had already gone to bed when I phoned her at 11:00 p.m.	
JLPT-한끝-N3-488	行き先	ゆきさき	행선지	郵便局では、郵便は、行き先に応じて分類される。	우체국에서 우편은 행선지에 따라 분류된다.	In the post office, mail is classified according to the place where it is to go.	
JLPT-한끝-N3-489	輸出	ゆしゅつ	수출	その島の輸出品の８２％ーこれは５分の４以上になるがーは、農産物である。	그 섬 수출품의 82% - 이것은 5분의 4 이상이 되는데 -는 농산물이다.	82% - more than four-fifths - of the island's exports is agricultural produce.	
JLPT-한끝-N3-490	ゆでる	ゆでる	데치다	この冷凍アスパラガスは何分ゆでましょうか。	이 냉동 아스파라거스는 몇 분 동안 삶을까요?	How many minutes shall I boil this frozen asparagus?	
JLPT-한끝-N3-491	緩い	ゆるい	느슨하다	日本のＯＤＡは返済期間３０年、利率２％前後という条件の緩い円借款が大部分を占める。	일본의 ODA는 상환기간 30년, 이자율 2% 내외라는 조건이 느슨한 엔차관이 대부분을 차지한다.	Japan's ODA largely consists of concessionary yen credit repayable in 30 years, carrying an interest rate of 2% or so.	
JLPT-한끝-N3-492	許す	ゆるす	허락하다	クレジットとは銀行によって自由に使えることが許されている金額、すなわち信用供与、ローンです。	신용이란 은행에 의해 자유롭게 사용할 수 있는 것이 허용되는 금액, 즉 신용공여, 대출입니다.	Credit is the amount or sum placed at a person's disposal by a bank; a loan of money.	
JLPT-한끝-N3-493	容器	ようき	용기	この食品は密閉された容器に入れておけば一週間もつ。	이 식품은 밀폐된 용기에 넣어두면 일주일 동안 보관한다.	This food will keep for a week in an airtight container.	
JLPT-한끝-N3-494	横	よこ	옆	彼はソファーの上で横になっていたが、彼女が部屋に入ると起き上がった。	그는 소파 위에 누워 있다가 그녀가 방으로 들어가자 일어났다.	He was lying on the sofa but sat up as she entered the room.	
JLPT-한끝-N3-495	呼び掛ける	よびかける	호소하다	地域参加を呼びかけてもしょせんは美辞麗句、どのみち市役所はやりたいことを勝手にやるに決まっている。	지역 참여를 호소해도 종편은 미사여구, 어차피 시청은 하고 싶은 것을 마음대로 하는 것이 정해져 있다.	The claim of community involvement is just window dressing; City Hall will do what it wants to anyhow.	
JLPT-한끝-N3-496	予約	よやく	예약	もし予約があれば、いつでもチェックインできます。	만약 예약이 있다면 언제든지 체크인 가능합니다.	Provided you have a reservation, you can check in anytime.	
JLPT-한끝-N3-497	リサイクル	リサイクル	재활용	私たちは、より多くのゴミをリサイクルするようにもっと気を付けるべきです。	우리는 더 많은 쓰레기를 재활용하도록 더 신경 써야 합니다.	We should be more careful to recycle more trash.	
JLPT-한끝-N3-498	りっぱだ	りっぱだ	훌륭하다	君の動機はりっぱだったが行動はそうではなかった。	너의 동기는 순진했지만 행동은 그렇지 않았어.	Your motive was admirable, but your action was not.	
JLPT-한끝-N3-499	理由	りゆう	이유	彼らは彼を疑っていたが、理由が無いわけではなかった。	그들은 그를 의심했지만 이유가 없는 것은 아니었다.	They were suspicious of him, and not without reason.	
JLPT-한끝-N3-500	流行している	りゅうこうしている	유행하고 있다	君はそんな靴が流行していると思っているかもしれないが、そうじゃないんだ。	너는 그런 신발이 유행한다고 생각할지도 모르지만 그렇지 않아.	You may think those shoes are in fashion but they aren't.	
JLPT-한끝-N3-501	〜料	りょう	~료	申し訳ありませんが、重量超過料をお支払いください。	죄송합니다만, 중량 초과료를 지불해 주십시오.	I'm sorry, you have to pay for the extra weight.	
JLPT-한끝-N3-502	両替	りょうがえ	환전	今回、まだ両替していなかったので、日本円を人民元に替える必要があった。	이번에 아직 환전하지 않았기 때문에 엔화를 위안화로 바꿔야 했다.	This time I hadn't converted my money yet, so I needed to change Yen into Yuan.	
JLPT-한끝-N3-503	料金	りょうきん	요금	バスの車掌は彼女に、料金を払えないので降りるようにと言った。	버스 차장은 그녀에게 요금을 낼 수 없으니 내리라고 했다.	The bus conductor told her to get off because she could not pay the fare.	
JLPT-한끝-N3-504	留守	るす	부재중	私たちが留守の間、赤ちゃんを見てくれる人が必要である。	우리가 없는 동안 아기를 봐줄 사람이 필요하다.	We need someone to keep an eye on our baby while we are away.	
JLPT-한끝-N3-505	列	れつ	줄, 행렬	列に並んで長い間待たされた後、身分証明として正式な出生証明書が必要だといわれた。	줄을 서서 오랫동안 기다린 뒤 신분증으로 정식 출생증명서가 필요하다고 했다.	After a long wait in line, she was told she should get a certified copy of her birth certificate as identification.	
JLPT-한끝-N3-506	若い	わかい	젊다	教育は若い時代に限られてはならず、われわれの全生涯を通じて継続して行われるものでなければならない。	교육은 젊은 시절에 국한돼서는 안 되며 우리의 전 생애를 통틀어 계속 이뤄져야 한다.	Education must not be limited to our youth but must be a continuing process through our entire lives.	
JLPT-한끝-N3-507	別れる	わかれる	헤어지다	考えたんだけど、やっぱりこういうのはよくないから、今日を限りに別れよう。	생각했는데 역시 이런건 안좋으니까 오늘을 기점으로 헤어지자.	I've thought about it, and what we're doing is just not right, so let's break up after today.	
JLPT-한끝-N3-508	分ける	わける	나누다	彼らは、寒い季節の到来を感じ分けることが出来る。	그들은 추운 계절의 도래를 느낄 수 있다.	They can sense the approach of cold weather.	
JLPT-한끝-N3-509	笑う	わらう	웃다	「おまえの軍など我が軍に対しては無力だよ」と、彼は笑っていった。	"""너희 군 따위 우리 군에 대해서는 무력하단 말이야"" 그는 웃으며 갔다."	"""Your army is impotent against mine!!"" he laughed."	
JLPT-한끝-N3-510	割合	わりあい	비율	今から２５年後には、就業者２人につき退職者１人の割合になるだろう。	지금으로부터 25년 후에는 취업자 2명당 퇴직자 1명 꼴이 될 것이다.	Twenty-five years from now there will be one retired person for each two working.	
JLPT-한끝-N3-511	割引	わりびき	할인	全ての商品及びレストランで割引が効くわけではありません。	모든 상품 및 레스토랑에서 할인이 되는 것은 아닙니다.	It is not the case that the discount can be used for all goods or all restaurants.	
JLPT-한끝-N3-512	割れる	われる	갈라지다, 깨지다	頭が割れるように痛かったので、私はいつもより早く寝た。	머리가 깨질 듯이 아팠기 때문에 나는 평소보다 일찍 잤다.	Having a cracking headache, I went to bed earlier than usual.	
JLPT-한끝-N4-001	あいさつ	あいさつ	인사	隣に住んでるのに、彼は私たちにあいさつさえしない。	옆에 살지만 그는 우리에게 인사조차 하지 않는다.	Though living next door, he doesn't even say hello to us.	
JLPT-한끝-N4-002	間	あいだ	사이, 동안	この驚くほどの増加は、同じ期間の間に起こった急速な経済面での統合によって可能となった。	이 놀라운 증가는 같은 기간 동안 일어난 급속한 경제면에서의 통합으로 가능해졌다.	This extraordinary increase is explained by the speedy economic unification which took place during the same period.	
JLPT-한끝-N4-003	会う	あう	만나다	あの政治家に会うつもりなら、袖の下を使わない限り駄目だね。	저 정치인을 만날 생각이라면 소매치기를 하지 않는 한 안 되겠네.	That politician won't meet you unless you grease his palm.	
JLPT-한끝-N4-004	青い	あおい	파랗다	青い色は喜びの源として神によって永久に定められている。	푸른 색은 기쁨의 원천으로 신에 의해 영구히 정해져 있다.	God appointed blue to be an everlasting source of delight.	
JLPT-한끝-N4-005	赤い	あかい	빨갛다	たくさんの赤い小鳥が、いつも楽しげに木々でさえずる。	많은 붉은 작은 새들이 항상 즐겁게 나무들에서 지저귄다.	Many little red birds always sing merrily in the trees.	
JLPT-한끝-N4-006	明るい	あかるい	밝다	祖父は京都に５０年以上も住んでいるので、京都の地理に明るい。	할아버지는 교토에 50년 이상 살고 있어서 교토의 지리에 밝다.	My grandfather has lived in Kyoto for over 50 years, so he knows his way about.	
JLPT-한끝-N4-007	秋	あき	가을	彼らのそこでの最初の秋は彼らにとって試練であった。	그들의 그곳에서의 첫 번째 가을은 그들에게 시련이었다.	Their first fall there was a trial for them.	
JLPT-한끝-N4-008	開く	あく	열리다	その戸はどうしても開かない、鍵が壊れているに違いない。	그 문은 아무래도 열리지 않는다, 열쇠가 깨져 있는 게 틀림없다.	The door will not open; lock must be out of order.	
JLPT-한끝-N4-009	空く	あく	비다	お腹が空いていたばかりでなく、私達は喉の渇きにも苦しんでいた。	배가 고팠을 뿐 아니라 우리는 갈증에도 시달리고 있었다.	Not only were we hungry, but we were also suffering from thirst.	
JLPT-한끝-N4-010	開ける	あける	열다	ドアは私と同じくらいの背の高い男性によって開けられた。	문은 나만큼이나 키가 큰 남자에 의해 열렸다.	The door was opened by a tall man.	
JLPT-한끝-N4-011	朝	あさ	아침	朝早く家を出れば、暗くならないうちに目的地に着けるだろう。	아침 일찍 집을 나서면 어두워지지 않을 때 목적지에 도착할 것이다.	Leave home early in the morning, and you will get to your destination before dark.	
JLPT-한끝-N4-012	あさい	あさい	얕다	「まだ浅いね。足とどく」「結構遠浅だな。よつばもまだ足つくだろ」	‘아직 얕네. 발이 닿아.’ ‘제법 멀리까지 얕구나. 요츠바도 아직 발이 닿겠어.’	"""It's quite shallow, isn't it. My feet still reach."" ""It is quite a shallow beach. I expect Yotsuba could still stand as well."""	
JLPT-한끝-N4-013	足	あし	발	そのクラスの個々のメンバーは数学のあまり得意でない生徒によって足を引っ張られたくないと思っているのです。	그 반의 개별 구성원들은 수학을 잘 못 하는 학생들에 의해 발목이 잡혀있지 않다고 생각하고 있는 것입니다.	The individual members of the class do not want to be held back by others not so good at math.	
JLPT-한끝-N4-014	味	あじ	맛	この料理を食べると、おふくろの味を思い出します。	이 요리를 먹으면 보글보글한 맛이 생각나요.	These dishes remind me of my mother's cooking.	
JLPT-한끝-N4-015	頭	あたま	머리	学生時代は、彼は決して頭が良いどころではなかった。	학창시절 그는 결코 머리가 좋은 곳이 아니었다.	He was far from clever in his school days.	
JLPT-한끝-N4-016	新しい	あたらしい	새롭다	何かについて文句を言うことが、新しい環境に慣れる１つの方法である。	무언가에 대해 불평하는 것이 새로운 환경에 적응하는 한 방법이다.	Complaining about something is one way to adapt yourself to a new environment.	
JLPT-한끝-N4-017	暑い	あつい	덥다	きょうはとりわけ暑いというわけではない。	오늘은 유난히 덥다는 건 아니야.	It is not especially hot today.	
JLPT-한끝-N4-018	暑さ	あつさ	더위	私が疲れるのは、暑さというよりはむしろ湿度のせいだ。	내가 지치는 것은 더위라기보다는 오히려 습도 때문이다.	It is not so much the heat as the humidity that makes me tired.	
JLPT-한끝-N4-019	集まる	あつまる	모이다	これをやるのに最善の方法は、人がみんな集まるまで全ての贈り物を１カ所に集めておくことである。	이걸 하는 데 가장 좋은 방법은 사람들이 모두 모일 때까지 모든 선물을 한 곳에 모아두는 것이다.	The best way to do this is to have all the presents collected in one place until everyone has arrived.	
JLPT-한끝-N4-020	兄	あに	형, 오빠	兄は私より２つ年上ですが、身長は３センチも低いのです。	형은 저보다 두 살 위인데 키는 3센티미터나 작아요.	My brother is two years older than I, but he is three centimeters shorter.	
JLPT-한끝-N4-021	姉	あね	언니, 누나	ふたりの娘のうち、姉のほうは大学に在学中である。	두 딸 중 누나 쪽은 대학에 재학 중이다.	The older of the two daughters is in college.	
JLPT-한끝-N4-022	甘い	あまい	달다	減量する良い方法は甘い物を食べることをやめることだ、とよく言われている。	감량하는 좋은 방법은 단 음식을 먹는 것을 그만두는 것이라고 흔히들 말한다.	It is often said that a good way to lose weight is to stop eating sweets.	
JLPT-한끝-N4-023	あやまる	あやまる	사과하다	彼は無作法だったことをあやまったが、彼女は彼を許そうとしなかった。	그는 무법이었다는 것을 알아챘지만, 그녀는 그를 용서하려 하지 않았다.	He apologized for his rudeness, but she wouldn't forgive him.	
JLPT-한끝-N4-024	洗う	あらう	씻다	あのシャツは汚い。学校に行く前に洗う必要があります。	저 셔츠는 더러워, 학교에 가기 전에 씻어야 해요.	That shirt is very dirty. It needs washing before you go to school.	
JLPT-한끝-N4-025	歩く	あるく	걷다	彼はあまりに疲れていたので、それ以上歩けませんでした。	그는 너무 피곤해서 더 이상 걸을 수 없었어요.	He was too tired to walk any further.	
JLPT-한끝-N4-026	アルバイト	アルバイト	아르바이트	彼は給料が少ないので、アルバイトをしなければならない。	그는 월급이 적기 때문에 아르바이트를 해야 한다.	His salary is so small he must do odd jobs.	
JLPT-한끝-N4-027	安心	あんしん	안심	われわれが大いに安心したことには、彼女は無事帰宅した。	우리가 많이 안심했던 일에는 그녀는 무사히 귀가했다.	To our great relief, she returned home safe and sound.	
JLPT-한끝-N4-028	安全だ	あんぜんだ	안전하다	彼は、そのファイルを安全だとおもうところに隠した。	그는 그 파일을 안전하다고 생각되는 곳에 숨겼다.	He concealed the file in what he thought was a safe place.	
JLPT-한끝-N4-029	案内	あんない	안내	セミナーのご案内と共に、この情報を貴社内の担当の管理職にご転送ください。	세미나 안내와 함께 이 정보를 귀사 내 담당 관리직으로 전송해 주시기 바랍니다.	Please forward this message along with the seminar information to the appropriate managers in your firm.	
JLPT-한끝-N4-030	言う	いう	말하다	私はある程度彼と同じ意見だが、まったく同じというわけではない。	나는 어느 정도 그와 같은 의견이지만 완전히 똑같은 것은 아니다.	I agree with him to a certain extent, but not entirely.	
JLPT-한끝-N4-031	以下	いか	이하	風速冷却指数を考慮に入れると、気温は零下３０度以下であったに違いない。	풍속냉각지수를 고려하면 기온은 영하 30도 이하였던 것이 틀림없다.	When we take the wind-chill factor into account, the temperature must have been over thirty degrees below zero centigrade.	
JLPT-한끝-N4-032	以外	いがい	이외	見渡す限り、トウモロコシ畑以外何も見えなかった。	볼 때 옥수수 밭 외에는 아무것도 보이지 않았다.	As far as the eye could see, nothing could be seen expect cornfields.	
JLPT-한끝-N4-033	医学	いがく	의학	医者たる者は最新の医学の発達についていくべきだ。	의사는 최신 의학의 발달을 따라가야 한다.	Doctors should keep abreast with all the latest developments in medicine.	
JLPT-한끝-N4-034	行き方	いきかた	가는 방법	ところでマイク、あなたの家への行き方をおしえてください。	그런데 마이크, 당신 집에 가는 방법을 알려주세요.	Say, Mike. Tell me how to get to your house.	
JLPT-한끝-N4-035	いくら〜ても	いくら〜ても	아무리 ~해도	いくら検討しても結論が出ない以上、専門家の意見を聞くべきだ。	아무리 검토해도 결론이 나지 않는 이상 전문가의 의견을 들어야 한다.		
JLPT-한끝-N4-036	池	いけ	연못	私は夕方、いつも近くの池の回りを散歩することにしている。	나는 저녁에 항상 근처 연못 주변을 산책하기로 해.	I make it a rule to take a walk around the nearby pond in the evening.	
JLPT-한끝-N4-037	意見	いけん	의견	その件に関しては、わたしは彼の意見に反対せざるを得ない。	그 건에 관해서는 나는 그의 의견에 반대하지 않을 수 없다.	I cannot but object to his opinion as to the matter.	
JLPT-한끝-N4-038	石	いし	돌	遠くから見ると、その石は人間の顔のように見える。	멀리서 보면 그 돌은 인간의 얼굴처럼 보인다.	Seen from a distance, the stone looks like a human face.	
JLPT-한끝-N4-039	医者	いしゃ	의사	私が知る限り、彼は町で最もすぐれた医者の一人だ。	내가 아는 한, 그는 마을에서 가장 뛰어난 의사 중 한 명이다.	As far as I know, he is one of the best doctors in town.	
JLPT-한끝-N4-040	以上	いじょう	이상	彼女が３０歳以上であるはずがない。まだ２０代であるにちがいない。	그녀가 30살 이상일 리가 없어 아직 20대임에 틀림없어.	She can't be over thirty; she must still be in her twenties.	
JLPT-한끝-N4-041	急ぐ	いそぐ	서두르다	急ぐ必要はありません。そのことはまだ５日間よく考えられます。	서두를 필요 없어요, 그 일은 아직 5일 동안 잘 생각됩니다.	There is no hurry; you have five days to think the matter over.	
JLPT-한끝-N4-042	いたす	いたす	하다 (する의 겸양어)	一度に１５以上ご注文いただけるという条件で、ＳＴＬ＃３４５６の特別値引きをいたします。	한 번에 15 이상 주문하실 수 있다는 조건으로 STL#3456 특별 할인을 해드립니다.	We can prepare to offer you a special discount of 5% for the STL#3456 on condition that you place an order for more than 15 at one time.	
JLPT-한끝-N4-043	いただく	いただく	받다	貴社のご提案に対し、私どもはこのご注文について５％の特別値引きをさせていただくことにします。	귀사의 제안에 저희는 이 주문에 대해 5%의 특별 할인을 해드리도록 하겠습니다.	In reply to your request, we offer you an extra discount of 5% on this order.	
JLPT-한끝-N4-044	一度	いちど	한 번	習慣は一度身についてしまうと、断ち切るのがとても難しい。	습관은 한번 몸에 배면 끊기가 너무 어렵다.	A habit is very difficult to shake off once it is formed.	
JLPT-한끝-N4-045	いっけん	いっけん	한 채	一見したところそれ以上に理にかなったことはないであろう。	언뜻 보기에 그 이상으로 이치에 맞는 일은 없을 것이다.	Nothing could be more reasonable, on the face of it.	
JLPT-한끝-N4-046	一週間	いっしゅうかん	일주일간	二人はどのテレビ番組を見るかで一週間以上も仲たがいしているんです。	두 사람은 어느 TV 프로그램을 보느냐로 일주일 넘게 사이가 틀어져 있어요.	The couple has been falling out over what TV program to watch for over a week.	
JLPT-한끝-N4-047	いっしょうけんめい	いっしょうけんめい	열심히	いっしょうけんめい勉強して、立派な人になりましょう。	함께 협동해서 훌륭한 사람이 됩시다.	Let's study hard and become great men.	
JLPT-한끝-N4-048	いってまいります	いってまいります	다녀오겠습니다	出張の準備が整いましたので、これからいってまいります。	출장 준비가 끝났으므로 이제 다녀오겠습니다.		
JLPT-한끝-N4-049	糸	いと	실	枠が出来上がると、クモはちょうど自転車の車輪のやのように、それに絹の糸をかける。	테두리가 완성되면 거미는 마치 자전거 바퀴처럼 거기에 명주실을 입힌다.	When the frame is finished, the spider fixes lines of silk across it, just like the spokes of a bicycle wheel.	
JLPT-한끝-N4-050	以内	いない	이내	今の傾向が続くと、今後３０年以内に６５歳以上の人が人口の４分の１を占めることになる。	지금의 추세가 이어진다면 앞으로 30년 안에 65세 이상 인구가 인구의 4분의 1을 차지하게 된다.	If these tendencies continue, those aged 65 or more will account for a quarter of the whole population within 30 years.	
JLPT-한끝-N4-051	犬	いぬ	개	その犬は尾を振りながら、主人の後についていった。	그 개는 꼬리를 흔들며 주인을 따라갔다.	The dog, wagging its tail, followed its master.	
JLPT-한끝-N4-052	いのる	いのる	빌다, 기원하다	末永く、楽しい日々を送られますようおいのりします。	오래오래 즐거운 나날을 보내시길 바랍니다.	We wish her many happy years in the future.	
JLPT-한끝-N4-053	意味	いみ	의미, 뜻	彼女の問題についての説明は、結局意味をなさなかった。	그녀의 문제에 대한 설명은 결국 의미를 이루지 못했다.	Her explanation of the problem added up to nonsense.	
JLPT-한끝-N4-054	妹	いもうと	여동생	彼を知らなかったので、私は妹に彼の仕事について尋ねた。	그를 몰랐기 때문에 나는 여동생에게 그의 일에 대해 물었다.	Not knowing him, I asked my sister about his job.	
JLPT-한끝-N4-055	入り口	いりぐち	입구	私は博物館に間違った入り口から入ってしまった。もっと気をつけないといけなかった。	나는 박물관에 잘못된 입구로 들어갔어 더 조심해야 했어.	I entered the museum through the wrong gate. I should have been more careful.	
JLPT-한끝-N4-056	色	いろ	색	青い色は喜びの源として神によって永久に定められている。	푸른 색은 기쁨의 원천으로 신에 의해 영구히 정해져 있다.	God appointed blue to be an everlasting source of delight.	
JLPT-한끝-N4-057	うえる	うえる	심다	都市部であっても、空き地を利用して野菜を植える人が増えている。	도시 지역이라도 공터를 이용해 채소를 심는 사람들이 늘고 있다.		
JLPT-한끝-N4-058	うける	うける	(시험을) 치다	女性運動による変化によって、女性も男性も影響を受けた。	여성 운동으로 인한 변화로 여성도 남성도 영향을 받았다.	The changes resulting from the women's movement have affected both women and men.	
JLPT-한끝-N4-059	動きだす	うごきだす	움직이기 시작하다	計画が動きだす前に、関係者の同意を得なければならない。	계획이 움직이기 시작하기 전에 관계자의 동의를 얻어야 한다.		
JLPT-한끝-N4-060	動く	うごく	움직이다	肩関節は、単独で動くほか、腕の動きにも連動して動きます。	어깨관절은 단독으로 움직이는 것 외에도 팔의 움직임에도 연동하여 움직입니다.	The shoulder joints, as well as moving on their own, also move in conjunction with arm movements.	
JLPT-한끝-N4-061	うすい	うすい	얇다	濃いコーヒーより、うすいコーヒーの方が好きです。	진한 커피보다 연한 커피를 좋아합니다.	I like weak coffee better than strong.	
JLPT-한끝-N4-062	歌	うた	노래	岩の上で髪をとかしながら、彼女は快い歌を歌った。	바위 위에서 머리를 빗으며 그녀는 쾌활한 노래를 불렀다.	She sang a sweet song as she combed her hair on the rock.	
JLPT-한끝-N4-063	歌う	うたう	노래를 부르다	岩の上で髪をとかしながら、彼女は快い歌を歌った。	바위 위에서 머리를 빗으며 그녀는 쾌활한 노래를 불렀다.	She sang a sweet song as she combed her hair on the rock.	
JLPT-한끝-N4-064	うち	うち	중, 범위, 내	近いうちに雨が降らない限り、この町は深刻な水不足になるだろう。	조만간 비가 오지 않는 한 이 마을은 심각한 물 부족이 될 것이다.	This city will suffer from an acute water shortage unless it rains soon.	
JLPT-한끝-N4-065	うつ	うつ	치다, 부딪치다	妻の思いがけない死は、５０年以上にわたる、幸福な夫婦生活に終止符をうった。	아내의 뜻밖의 죽음은 50년 이상에 걸친 행복한 부부생활에 종지부를 찍었다.	The untimely death of my wife has rung down the curtain on over 50 years of happily married life.	
JLPT-한끝-N4-066	写す	うつす	베끼다, (사진을) 찍다	彼は試験で、前の席の女の子の答案を写してカンニングした。	그는 시험에서 앞자리 여자아이의 답안을 찍고 커닝했다.	He cheated on the test by copying from the girl in front.	
JLPT-한끝-N4-067	うで	うで	팔	しかし、アメリカではふつう、スポーツチームは腕で選ばれ、学業のコースは学力によって選ばれます。	그러나 미국에서는 보통 스포츠 팀은 솜씨로 선발되고 학업 코스는 학력에 의해 선발됩니다.	However, in America, sports teams are generally chosen by skill, and academic courses by ability.	
JLPT-한끝-N4-068	うまい	うまい	맛있다, 솜씨가 좋다	うまく、あの学校に入れたものの全部が全部、詰め込み勉強だけで入れたわけではなかったろう。	잘도, 그 학교에 넣었던 모든 것이 다 주입식 공부만으로 넣은 것은 아니었을 것이다.	All those who made the grade in entering that school could not have done so only by cramming.	
JLPT-한끝-N4-069	生まれる	うまれる	태어나다	その新しい計画によって永遠なる平和が生まれるかもしれない。	그 새로운 계획에 의해 영원한 평화가 생길지도 모른다.	The new plan may bring into being a peace which will be lasting.	
JLPT-한끝-N4-070	海	うみ	바다	私たちの知る限りでは、地球は海を持っている唯一の惑星である。	우리가 아는 바로는 지구는 바다를 가지고 있는 유일한 행성이다.	As far as we know, the earth is the only planet to have oceans.	
JLPT-한끝-N4-071	うむ	うむ	낳다	うむ。これだけのことをされて、ブチキレないほうがおかしい。	음. 이거만 하셔서 티가 안 나시는 게 이상해.	So. Having had all that done to him it would be stranger if he wasn't enraged.	
JLPT-한끝-N4-072	売る	うる	팔다	他の文化について十分な知識を持っていなければ、色々な問題が容易に起こりうる。	다른 문화에 대해 충분한 지식을 가지고 있지 않으면 여러 가지 문제가 쉽게 일어날 수 있다.	If we do not have an essential knowledge of their cultures, various problems will occur too easily.	
JLPT-한끝-N4-073	うるさい	うるさい	시끄럽다	課長が我々に対して、あれこれとうるさく言うのを止めた途端に、何もかもがスムーズに行き始めた。	과장이 우리에 대해 이것저것 시끄럽게 말하는 것을 막자마자 모든 것이 원활하게 돌아가기 시작했다.	As soon as our manager got off our backs, everything started to go off without a hitch.	
JLPT-한끝-N4-074	うれしい	うれしい	기쁘다	彼女にとってうれしいことに、客はみな食事をほめた。	그녀에게 있어서 기쁘게도 손님들은 모두 식사를 칭찬했다.	To her joy, all the guest praised the meal.	
JLPT-한끝-N4-075	売れる	うれる	팔리다	家に投資することにはいくらかの利点がある。いざ売却するという時高く売れるからだ。	집에 투자하는 데는 약간의 이점이 있다 막상 매각할 때 비싸게 팔리기 때문이다.	Investing money in your home has some merit; when it is time to sell it you can get more money.	
JLPT-한끝-N4-076	運転	うんてん	운전	自分で運転しないので、彼は車について詳しくない。	스스로 운전하지 않기 때문에 그는 차에 대해 잘 알지 못한다.	Not driving himself, he isn't familiar with cars.	
JLPT-한끝-N4-077	運動	うんどう	운동	女性運動による変化によって、女性も男性も影響を受けた。	여성 운동으로 인한 변화로 여성도 남성도 영향을 받았다.	The changes resulting from the women's movement have affected both women and men.	
JLPT-한끝-N4-078	映画	えいが	영화	彼は映画に夢中になっているので、手当たり次第に映画を見る。	그는 영화에 푹 빠져 있기 때문에 닥치는 대로 영화를 본다.	Since he is the movie crazy, he watches a movie randomly.	
JLPT-한끝-N4-079	映画館	えいがかん	영화관	昨日映画館に行く予定でしたが、みんな疲れていたので、結局かわりに家で映画をみました。	어제 영화관에 갈 예정이었는데 다들 피곤해서 결국 집에서 영화를 봤어요.	We were planning to go to the cinema last night, but everyone was tired, so we ended up watching a movie at home instead.	
JLPT-한끝-N4-080	営業	えいぎょう	영업	社屋や従業員に被害はなく、平常通り営業している。	사옥이나 직원들에게 피해는 없이 평상시처럼 영업하고 있다.	There was no damage to the office, or workers, and we're in business as usual.	
JLPT-한끝-N4-081	英語	えいご	영어	この点に関しては、私が英語学習を志した２０数年前とは隔世の感があります。	이 점에 관해서는 제가 영어 학습을 지향했던 20여 년 전과 격세지감이 있습니다.	On this point it is poles apart from when I set myself on learning English 20 years ago.	
JLPT-한끝-N4-082	駅	えき	역	激しい雪にもかかわらず、彼女はわざわざ駅まで来た。	심한 눈에도 불구하고 그녀는 일부러 역까지 왔다.	In spite of the heavy snow, she came all the way to the station.	
JLPT-한끝-N4-083	駅員	えきいん	역무원	駅員に連絡したが、男はその場を立ち去り、改札口を出て行った。	역무원에게 연락했지만 남자는 그 자리를 떠나고 개찰구를 빠져나갔다.	They contacted the station staff but the man had left the area and gone out through the ticket barrier.	
JLPT-한끝-N4-084	エスカレーター	エスカレーター	에스컬레이터	急いでいない人はエスカレーターの右側に立ちなさい。	서두르지 않는 사람은 에스컬레이터 오른편에 서세요.	People who are not in a hurry stand on the right side of the escalator.	
JLPT-한끝-N4-085	エレベーター	エレベーター	엘리베이터	このエレベーターは故障中です。階段をお使いください。	이 엘리베이터는 고장났어요 계단을 이용해주세요.	This elevator is out of order. Please use the stairs.	
JLPT-한끝-N4-086	お医者さん	おいしゃさん	의사 선생님	僕のお医者さんは、僕に１週間家にいるように言った。	나의 의사 선생님은 나에게 일주일 동안 집에 있으라고 했다.	My doctor told me to stay at home for a week.	
JLPT-한끝-N4-087	おいわい	おいわい	축하 선물	合格のおいわいとして、家族が食事会を開いてくれた。	합격 축하 선물로 가족이 식사 자리를 마련해 주었다.		
JLPT-한끝-N4-088	多い	おおい	많다	私もそうだが、ＩＴ業界には宵っ張りの人が多いに違いない。	나도 그렇지만, IT 업계에는 한가한 사람이 많을 수밖에 없다.	I'm one too, and I'm sure there are lots of night-owls in the IT world.	
JLPT-한끝-N4-089	おおぜい	おおぜい	많은 사람	だが、徐々に生活水準が高まるようになるにつれて、ますます大勢の人が我が家に浴室を持つようになった。	하지만 점차 생활 수준이 높아짐에 따라 점점 더 많은 사람들이 우리 집에 욕실을 갖게 되었다.	However, as living standards gradually came to rise, more and more people began to have their own bathrooms at home.	
JLPT-한끝-N4-090	おかえりなさい	おかえりなさい	다녀오셨어요	長期出張から戻った父に、家族全員で『おかえりなさい』と声をかけた。	장기 출장에서 돌아온 아버지에게 온 가족이 '어서 오세요'라고 말을 걸었다.		
JLPT-한끝-N4-091	おかげさまで	おかげさまで	덕분에요	「ごきげんいかがですか」「おかげさまで元気です」	"""건강하세요"" ""덕분에 건강합니다"""	"""How are you?"" ""I am fine, thank you."""	
JLPT-한끝-N4-092	起きる	おきる	일어나다	まさかオレがごねずにすっきり起きると思っていなかったに違いない。	설마 내가 이러지도 저러지도 못하고 속 시원하게 일어날 줄 몰랐던 게 틀림없어.	Certainly she wouldn't have dreamt that I would get up promptly without grumbling.	
JLPT-한끝-N4-093	屋上	おくじょう	옥상	彼女は屋上でよくヴァイオリンの練習をしていたものだ。	그녀는 옥상에서 자주 바이올린 연습을 하고 있었던 것이다.	She would often practice the violin on the roof.	
JLPT-한끝-N4-094	送る	おくる	보내다	ご注文を受け取り次第、製品を貴社にお送りします。	주문을 받는 대로 제품을 귀사로 보내겠습니다.	We will ship the product immediately after receiving your order.	
JLPT-한끝-N4-095	おくれる	おくれる	늦다	時代に遅れないようについていくのは老人にとってむしろ難しいことである。	시대에 뒤처지지 않게 따라가는 것은 노인들에게 오히려 어려운 일이다.	It is rather difficult for an old man to keep up with the times.	
JLPT-한끝-N4-096	行う	おこなう	행하다	結果次第では、両社に対して2月以来の行政指導が行われる。	결과에 따라 양사에 대해 2월 이후 행정지도가 이뤄진다.	Depending on the results both companies may be put under administrative guidance from February.	
JLPT-한끝-N4-097	教える	おしえる	가르치다	人間の親は自分たちの赤ちゃんに、彼らが要求するものを与えることによって言葉を教える。	인간의 부모는 자신들의 아기에게 그들이 요구하는 것을 줌으로써 말을 가르친다.	Human parents teach some words by giving babies what they ask for.	
JLPT-한끝-N4-098	お正月	おしょうがつ	설날	みなさん、楽しいクリスマス、そしていいお正月を。	여러분, 즐거운 크리스마스 그리고 좋은 설날 되세요.	I hope you all a Merry Christmas and a Happy New Year.	
JLPT-한끝-N4-099	押す	おす	누르다, 밀다	切符を手に入れるには、ボタンを押すだけでいいのです。	표를 구하려면 버튼을 누르기만 하면 됩니다.	You have only to push the button to get a ticket.	
JLPT-한끝-N4-100	おだいじに	おだいじに	몸조리 잘하세요	回復には時間がかかるかもしれませんので、どうぞおだいじに。	회복에 시간이 걸릴 수도 있으니 부디 몸조리 잘하세요.		
JLPT-한끝-N4-101	お茶	おちゃ	차	お茶はいかがですか、それともコーヒーにしますか。	차는 어떠세요, 아니면 커피로 하시겠습니까?	Would you like tea or coffee?	
JLPT-한끝-N4-102	おつり	おつり	거스름돈	彼は「おつりはいい」と言って、急いでタクシーを降りた。	"그는 ""거스름돈은 괜찮다""며 서둘러 택시를 내렸다."	"He got out of the cab in haste, saying ""keep the change."""	
JLPT-한끝-N4-103	音	おと	소리	ペパーバーグは同じような方法を用いることによって、アレックスが、単に言葉の音だけでなく、意味も把握するのに役立つと期待した。	페퍼버그는 비슷한 방법을 사용함으로써 알렉스가 단순히 말소리뿐 아니라 의미도 파악하는 데 도움이 될 것으로 기대했다.	Pepperberg hoped that a similar system would help Alex grasp the meaning of words, not just their sounds.	
JLPT-한끝-N4-104	弟	おとうと	남동생	私が彼について言ったことは、彼の弟についてもあてはまる。	내가 그에 대해 말한 것은 그의 동생에 대해서도 맞다.	What I told you about him also holds true for his brother.	
JLPT-한끝-N4-105	おとす	おとす	떨어뜨리다	車の速度を落とす装置（ハンプや狭さく）について、意見があったら書いてください。	자동차의 속도를 줄이는 장치(횡단이나 좁힘)에 대해 의견이 있으면 적어주세요.	If you have any opinions concerning traffic calming devices (humps, curb extensions, etc.) please write them.	
JLPT-한끝-N4-106	おどろく	おどろく	놀라다	この驚くほどの増加は、同じ期間の間に起こった急速な経済面での統合によって可能となった。	이 놀라운 증가는 같은 기간 동안 일어난 급속한 경제면에서의 통합으로 가능해졌다.	This extraordinary increase is explained by the speedy economic unification which took place during the same period.	
JLPT-한끝-N4-107	同じだ	おなじだ	같다	彼がうそつきでないのは、君がそうでないのと同じだ。	그가 거짓말쟁이가 아닌 것은 네가 그렇지 않은 것과 마찬가지야.	He is no more a liar than you are a liar.	
JLPT-한끝-N4-108	お兄さん	おにいさん	오빠, 형	次のような問題を想像してください。あなたのお兄さんが自動車事故にあったとしましょう。	다음과 같은 문제를 상상해 보십시오. 당신의 오빠가 자동차 사고를 당했다고 합시다.	Imagine a problem such as this: Suppose your brother has a car accident.	
JLPT-한끝-N4-109	お姉さん	おねえさん	언니, 누나	そのため、僕にとってのココは「遊び相手のお姉さん」で、家族のひとりとしての認識しかなく、親父に誰何するような存在ではなかった。	그렇기 때문에 내게 있어 코코는 '장난친 언니'로 가족 중 한 사람으로서 인식밖에 되지 않아 친부를 알아보지 못하는 존재가 아니었다.	For that reason Coco was, to me, 'an older sister I can play with' and I thought of her only as one member of the family not as someone I should question my father concerning her identity.	
JLPT-한끝-N4-110	おみまい	おみまい	병문안	入院した同僚のおみまいに行く前に、面会時間を確認した。	입원한 동료의 병문안을 가기 전에 면회 시간을 확인했다.		
JLPT-한끝-N4-111	おみやげ	おみやげ	여행 선물	出張のおみやげを配ったところ、同僚たちに大変喜ばれた。	출장 선물을 나누어 주었더니 동료들이 매우 기뻐했다.		
JLPT-한끝-N4-112	重い	おもい	무겁다	体積が大きいからといって常に重量も重いとは限らない。	부피가 크다고 해서 항상 중량도 무겁다고 할 수는 없다.	Great bulk does not always mean great weight.	
JLPT-한끝-N4-113	思い出す	おもいだす	생각해 내다	あいつの慇懃無礼なものの言い方、思い出すだけで不愉快になるよ。	저 녀석의 은근한 말투, 생각만 해도 짜증나.	I find just the memory of his overly polite patronizing manner really offensive.	
JLPT-한끝-N4-114	思い出	おもいで	추억	この歌を聴くと、過去の幸せな思い出がよみがえってくる。	이 노래를 들으면 과거의 행복한 추억이 되살아난다.	These songs remind me of the happy memories of past days.	
JLPT-한끝-N4-115	思う	おもう	생각하다	彼についてみんなの話から判断すると、私は彼こそその役職に最適だと思う。	그에 대해 모두의 이야기로 판단하면, 나는 그가야말로 그 직무에 최적이라고 생각한다.	If I judging by what everyone says about him, I think he is just the right man for the post.	
JLPT-한끝-N4-116	おもちゃ	おもちゃ	장난감	「ちゃちなおもちゃみたいな」と言うのは、ちゃちなおもちゃに対して失礼です。	"""딱딱한 장난감 같다""고 말하는 것은 딱딱한 장난감에 대해 실례입니다."	To say that it gives the impression of a cheap toy is unfair to cheap toys.	
JLPT-한끝-N4-117	おや	おや	이런, 아니	おや、彼女はうれしくて泣いているの。	야, 그녀는 기뻐서 울고 있어.	Why, is she weeping for joy?	
JLPT-한끝-N4-118	親指	おやゆび	엄지손가락	彼は親指と人差し指で蝶をつまみあげた。	그는 엄지와 검지로 나비를 집어 들었다.	He picked up a butterfly between his thumb and forefinger.	
JLPT-한끝-N4-119	泳ぐ	およぐ	헤엄치다	潜りはできるが泳げないのは、私の知る限りでは彼だけだ。	잠수는 할 수 있지만 수영을 못하는 것은 내가 알기로는 그뿐이다.	He is the only man I know who can dive but not swim.	
JLPT-한끝-N4-120	おれい	おれい	사례, 감사 인사	助けてもらったおれいに、地元の菓子を送ることにした。	도움을 받은 나에게 현지 과자를 보내기로 했다.		
JLPT-한끝-N4-121	おれる	おれる	부러지다	強風で枝が折れるおそれがあるため、公園への立ち入りが禁止された。	강풍으로 가지가 부러질 우려가 있어 공원 출입이 금지되었다.		
JLPT-한끝-N4-122	終わる	おわる	끝나다	新任の大使は休戦を推し進めて、これ以上の殺りくを終わらせるでしょう。	신임 대사는 휴전을 추진하여 더 이상의 살육을 끝낼 것입니다.	The new ambassador will push for a cease-fire to stop the killing.	
JLPT-한끝-N4-123	音楽	おんがく	음악	彼が音楽について大変詳しいのは我々にとって意外なことでした。	그가 음악에 대해 매우 잘 아는 것은 우리에게 뜻밖의 일이었습니다.	His extensive knowledge of music was a revelation to us.	
JLPT-한끝-N4-124	会社	かいしゃ	회사	このことから、会社には事故の責任が無いことになる。	이에 따라 회사에는 사고의 책임이 없는 셈이다.	It follows from this that the company is not responsible for the accident.	
JLPT-한끝-N4-125	会場	かいじょう	회장	会場は人であふれ、立錐の余地なしという大盛況だったね。	회장은 사람들로 넘쳐나서 입추의 여지가 없다는 대성황이었지.	The concert hall was so jam-packed there wasn't room to breathe.	
JLPT-한끝-N4-126	会話	かいわ	회화	会話をすれば、たぶん相手についてある種のことが、いとも簡単に分かるだろう。	대화를 하면 아마 상대방에 대한 모종의 일을 참 쉽게 알 수 있을 것이다.	In conversation, one is likely to find out certain things about the other person quite easily.	
JLPT-한끝-N4-127	買う	かう	사다	長い目で見ると、私達はこの機械を買うことによって、沢山のお金を節約できます。	긴 안목으로 보면 우리는 이 기계를 구입함으로써 많은 돈을 절약할 수 있습니다.	In the long run we can save much money by buying this machine.	
JLPT-한끝-N4-128	返す	かえす	반환하다	金額にもかかわらず、ブライアンは来週までに間違いなく全額返してもらいたがっています。	금액에도 불구하고 브라이언은 다음 주까지 틀림없이 전액 돌려받고 싶어 합니다.	Regardless of the amount, Brian wants the correct, entire amount by next week.	
JLPT-한끝-N4-129	帰り	かえり	귀갓길	「帰り次第、こちらがお電話させましょうか」「お願いします」	"""가시는 대로 제가 전화 드릴까요"" ""부탁드립니다"""	"""Shall I have him call you when he gets back?"" ""Yes, please."""	
JLPT-한끝-N4-130	帰る	かえる	돌아가다	彼女が帰ってきたときに、彼はそれについて話すでしょう。	그녀가 돌아왔을 때 그는 그것에 대해 이야기할 것입니다.	He will tell her about it when she comes back.	
JLPT-한끝-N4-131	顔	かお	얼굴	彼のことはこれ以上知りません。顔を合わせれば会釈する程度の知り合いですから。	그에 대해서는 더 이상 모릅니다, 얼굴을 마주치면 회초리를 할 정도의 지인이니까요.	I don't know any more about him. I know him, but only to say Hello to.	
JLPT-한끝-N4-132	かがみ	かがみ	거울	静かな水面は、鏡のように彼女の顔立ちを映し出していた。	고요한 수면은 거울처럼 그녀의 이목구비를 비추고 있었다.	The calm surface reflected her features like a mirror.	
JLPT-한끝-N4-133	書き方	かきかた	쓰는 법	この例文は、書き方のサンプルなので必要に応じて内容を追加削除をしてからお使いください。	이 예문은 쓰는 방법의 샘플이므로 필요에 따라 내용을 추가 삭제를 한 후 사용하시기 바랍니다.	This example text is a how-to-write sample, so please add to and delete from it as required before using.	
JLPT-한끝-N4-134	かける	かける	걸다	今回お手数をかけたことについて、いつかお返しをしたいと思っております。	이번에 번거롭게 한 일에 대해 언젠가 보답하고 싶습니다.	This would be a favor, which I would be pleased to return at any time.	
JLPT-한끝-N4-135	かざる	かざる	장식하다	「修飾語」は、その名前のとおり、文を飾る役目をします。	수식어는 그 이름처럼 글을 장식하는 역할을 합니다.	"A ""modifier"" has, just as it sounds, the role of embellishing sentences."	
JLPT-한끝-N4-136	火事	かじ	화재	その火事でこのあたりの家がすべて全焼したわけではない。	그 화재로 이 근처 집이 모두 전소된 것은 아니다.	Not all the houses around here were burned down in the fire.	
JLPT-한끝-N4-137	かしこまりました	かしこまりました	알겠습니다	かしこまりました。サラダバーがあちらにあります。	알겠습니다 샐러드바가 저쪽에 있습니다.	All right, sir, The salad bar is over there.	
JLPT-한끝-N4-138	貸す	かす	빌려주다	私は彼に、私たちは彼の誤りに対して責任はないと説明しようとしたが、彼は耳を貸そうとしなかった。	나는 그에게 우리가 그의 잘못에 대해 책임이 없다고 설명하려고 했지만, 그는 귀찮아하려고 하지 않았다.	I tried to explain to him that we were not responsible for his mistake but he refused to listen.	
JLPT-한끝-N4-139	風	かぜ	바람	しかしながら、利用する風の量は場所や季節によって異なる。	그렇지만 이용하는 바람의 양은 장소나 계절에 따라 다르다.	However, the amount of wind available varies with the location and the season of the year.	
JLPT-한끝-N4-140	数える	かぞえる	세다	初期の人間は、自分が所有する動物や蓄えている穀物の量を数えるのに、手足の指を使った。	초기 인간은 자신이 소유한 동물이나 저축한 곡식의 양을 세는 데 손 발가락을 사용했다.	Early man used his fingers and toes to count the animals he owned, or the measures of grain he had stored.	
JLPT-한끝-N4-141	家族	かぞく	가족	私たちの家族もみんな同じ人種からなっているというわけではないのよ。	우리 가족도 모두 같은 인종으로 이루어진 것은 아니야.	Even in our family not all of us are of the same race.	
JLPT-한끝-N4-142	ガソリンスタンド	ガソリンスタンド	주유소	ガソリンスタンドを探しましょう。燃料がなくなってしまいました。	주유소를 찾읍시다, 연료가 다 떨어졌어요.	Let's find a gas station; we've run out of fuel.	
JLPT-한끝-N4-143	方	かた	분 (사람의 존칭)	意志疎通のはかり方は、文化によって決まるからである。	의사소통을 하는 방법은 문화에 따라 결정되기 때문이다.	Knowing their languages is not enough to communicate effectively, because the methods of communication are determined by their cultures.	
JLPT-한끝-N4-144	かたい	かたい	딱딱하다	クモの巣を作るには、このきぬの枠を作り、それを木や垣根のような固い物体に固定させることから始める。	거미는 거미줄을 만들 때 먼저 실로 틀을 짜고, 그것을 나무나 울타리 같은 단단한 물체에 고정한다.	To make a web, it starts by making a frame of this silk and fastening it to hard objects, such as trees or fences.	
JLPT-한끝-N4-145	かたづける	かたづける	정리하다	棚を片付けなさい、そうすれば本をそこへ置けます。	선반을 치우세요, 그러면 책을 거기에 둘 수 있어요.	Clear off the shelf, and you can put your books there.	
JLPT-한끝-N4-146	カッター	カッター	커터칼	カッターを使用する際は、刃を出しすぎないよう注意してください。	커터를 사용할 때는 날을 너무 많이 내밀지 않도록 주의하세요.		
JLPT-한끝-N4-147	かなしい	かなしい	슬프다	その女性は悲しげで、その上疲れているようだった。	그 여자는 슬프고 심지어 피곤한 것 같았다.	The lady looked sad, also tired.	
JLPT-한끝-N4-148	かならず	かならず	반드시	私の意見では、アルコールは必ずしも健康に悪いわけではない。	내 생각에 알코올은 반드시 건강에 나쁜 것은 아니다.	In my opinion, alcohol is not necessarily bad for your health.	
JLPT-한끝-N4-149	かべ	かべ	벽	かべにかかっている絵をごらんなさい。	베개에 걸려있는 그림을 보세요.	Look at the picture on the wall.	
JLPT-한끝-N4-150	かまいません	かまいません	상관없습니다	窓を閉めてもかまいませんか。少し風邪気味なもんですので。	창문을 닫아도 괜찮습니까? 조금 감기 기운이 있어서요.	Would you mind if I shut the window? I have a slight cold.	
JLPT-한끝-N4-151	紙	かみ	종이	このアンケート用紙に必要事項を書き込み、当方にお送り下さい。	이 설문지에 필요 사항을 적어 저희에게 보내주시기 바랍니다.	Please fill out this questionnaire and send it to us.	
JLPT-한끝-N4-152	かむ	かむ	씹다	その腫れから判断すると、その人はきっと蛇にかまれたに違いありません。	그 부기로 판단하면, 그 사람은 분명 뱀에게 물린 것이 틀림없어요.	Judging by the swelling, the man must have been bitten by a snake.	
JLPT-한끝-N4-153	通う	かよう	다니다	法律によって我々は子供たちを学校に通わせなければならない。	법에 따라 우리는 아이들을 학교에 보내야 한다.	The law obliges us to send our children to school.	
JLPT-한끝-N4-154	体	からだ	몸	体が弱くなって行くにつれて、禎子はますます死について考えるようになった。	몸이 약해져감에 따라 정자는 점점 죽음에 대해 생각하게 되었다.	As Sadako grew weaker, she thought more about death.	
JLPT-한끝-N4-155	借りる	かりる	빌리다	彼からお金を借りることは、私のプライドが許さなかった。	그에게서 돈을 빌리는 것은 내 자존심이 허락하지 않았다.	My pride prevented me from borrowing money from him.	
JLPT-한끝-N4-156	軽い	かるい	가볍다	暖かい軽い空気は山越えすると上空に上昇し、地上には下りてこないことなど、風は地形によって変わります。	따스한 가벼운 공기는 산을 넘으면 상공으로 상승하고 땅 위로 내려오지 않는 것 등 바람은 지형에 따라 달라집니다.	When warm, light, air crosses mountains it rises into the upper atmosphere and does not fall back to the ground.  In this, and other, ways wind changes with the terrain.	
JLPT-한끝-N4-157	かわく	かわく	마르다	そのとき、彼らは、ブラックベリーの林の周りをつかれて、のどがかわくまで競争して遊んでいました。	그때 그들은 블랙베리 숲 주위를 맴돌며 목이 쉴 때까지 경쟁하며 놀았습니다.	Then they played race Around The Blackberry Bush until they were tired and thirsty.	
JLPT-한끝-N4-158	代わり	かわり	대신	列車の代わりに飛行機に乗ることによって失った時間を埋め合わすことができる。	열차 대신 비행기를 타면서 잃어버린 시간을 채울 수 있다.	You can make up for lost time by taking an airplane instead of a train.	
JLPT-한끝-N4-159	考え方	かんがえかた	사고방식	しかしペパーバーグは、そのオウムを研究することによって、動物に対する考え方が変わったといっている。	그러나 페퍼버그는 그 앵무새를 연구함으로써 동물에 대한 사고방식이 바뀌었다고 말한다.	But Pepperberg says working with the parrot has already changed the way of looking at animals.	
JLPT-한끝-N4-160	考える	かんがえる	생각하다	体が弱くなって行くにつれて、禎子はますます死について考えるようになった。	몸이 약해져감에 따라 정자는 점점 죽음에 대해 생각하게 되었다.	As Sadako grew weaker, she thought more about death.	
JLPT-한끝-N4-161	関係	かんけい	관계	本屋で英語関係の本を見つけると、次々に買ってしまって、読まずにいるので、たまる一方です。	서점에서 영어 관련 책을 찾으면 줄줄이 사서 읽지 않고 있기 때문에 참을 수밖에 없습니다.	I always buy the English-language books I come across at bookstores. But since I never read them, all they do is pile up.	
JLPT-한끝-N4-162	漢字	かんじ	한자	漢字を書くときは点やはらいに気をつけて、なるべく早くていねいに書きましょう。	한자를 쓸 때는 점이나 허리를 조심해서 되도록 빨리 단정하게 씁시다.	When drawing kanji be careful of dots and sweeps, write as carefully and quickly as possible.	
JLPT-한끝-N4-163	機会	きかい	기회	機会によって人を生かしておくために、家族がすべてのお金をつぎ込むべきではありません。	기회에 따라 사람을 살려두기 위해 가족이 모든 돈을 쏟아 부어야 하는 것은 아닙니다.	A family should not spend all of its money to keep someone alive on a machine.	
JLPT-한끝-N4-164	危険だ	きけんだ	위험하다	危険だという考えはその時、私の脳裏を横切らなかった。	위험하다는 생각은 그때 내 머릿속을 가로지르지 않았다.	No idea of danger crossed my mind then.	
JLPT-한끝-N4-165	帰国	きこく	귀국	いずれにしても、もし私の国についてもっと知りたいのでしたら、帰国してからお手紙を送りましょう。	아무튼 만약에 우리나라에 대해 더 알고 싶으시다면 귀국하시고 편지를 보내시죠.	Anyway, if you want to know more about my country, I'll send you a letter when I get home.	
JLPT-한끝-N4-166	技術	ぎじゅつ	기술	これらの国はまた、進んだ科学技術を日本から得ることによって、国民に技術教育を施すことも計画している。	이들 국가는 또한 앞선 과학기술을 일본에서 얻음으로써 국민들에게 기술 교육을 실시하는 것도 계획하고 있다.	By obtaining advanced technology from Japan, those countries also plan to provide people with a technical education.	
JLPT-한끝-N4-167	季節	きせつ	계절	しかしながら、利用する風の量は場所や季節によって異なる。	그렇지만 이용하는 바람의 양은 장소나 계절에 따라 다르다.	However, the amount of wind available varies with the location and the season of the year.	
JLPT-한끝-N4-168	規則	きそく	규칙	これが規則なのだから、それに従って行動しなさい。	이게 규칙이니 그에 따라 행동해라.	These are the rules; act accordingly.	
JLPT-한끝-N4-169	北区	きたく	기타구 (지명)	北区では高齢者を対象とした相談会が定期的に開かれている。	북구에서는 어르신들을 대상으로 한 상담회가 정기적으로 열리고 있다.		
JLPT-한끝-N4-170	切手	きって	우표	ボブは彼が集めていた切手をほとんど全部ティナにあげて、ほんのすこしだけ自分のためにとっておきました。	밥은 그가 모은 우표를 거의 다 티나에게 주고 아주 조금만 자신을 위해 챙겨 뒀습니다.	Bob gave Tina almost all the stamps he had collected, and kept only a few for himself.	
JLPT-한끝-N4-171	きびしい	きびしい	엄하다, 엄격하다	私達の税は今まではたやすかった、しかしこれからはきびしいだろう。	우리의 세금은 지금까지는 쉬웠지만, 이제부터는 힘들 것이다.	Our task has been easy so far, but it will be difficult from now on.	
JLPT-한끝-N4-172	気分	きぶん	기분	テロリストの爆弾によって、祭気分はいささか消沈した。	테러리스트의 폭탄으로 인해 축제 기분은 다소 소진됐다.	The festive mood was slightly spoiled by terrorist bombs.	
JLPT-한끝-N4-173	決まる	きまる	결정되다	意志疎通のはかり方は、文化によって決まるからである。	의사소통을 하는 방법은 문화에 따라 결정되기 때문이다.	Knowing their languages is not enough to communicate effectively, because the methods of communication are determined by their cultures.	
JLPT-한끝-N4-174	着物	きもの	옷, 일본 옷	大通りが、着物を着た女の子でいっぱいになります。	큰 도로가 기모노를 입은 여자아이들로 가득 찹니다.	The main street is filled with girls in kimonos.	
JLPT-한끝-N4-175	急行	きゅうこう	급행	急行に乗るには、普通券に加えて急行券を買う必要がある。	급행을 타려면 보통권에다가 급행권을 사야 한다.	To take an express train, we have to get an express ticket in addition to an ordinary ticket.	
JLPT-한끝-N4-176	急に	きゅうに	급히, 갑자기	先生に急に当てられて、シドロモドロになってしまった。	선생님한테 갑자기 맞아서 시큰둥해졌어.	When the teacher called on me all of a sudden I got confused and kept stumbling as I spoke.	
JLPT-한끝-N4-177	牛肉	ぎゅうにく	소고기	ごく常識的には、客２人に対して牛肉１ポンドを用意すべきだろうね。	지극히 상식적으로는 손님 두 명에 대해 소고기 1파운드를 준비해야 할 것이다.	As a rule of thumb, you should plan on one pound of beef for every two guests.	
JLPT-한끝-N4-178	教室	きょうしつ	교실	去年の春、料理教室に通って、パンの焼き方を覚えました。	작년 봄에 요리교실에 다니며 빵 굽는 법을 배웠습니다.	I took a cooking class last spring and learned to bake bread.	
JLPT-한끝-N4-179	競争	きょうそう	경쟁	数年前、ある仕事を得るために面接を受けているときに、私はその職を求める競争者に紹介された。	몇 년 전 어떤 일자리를 얻기 위해 면접을 보고 있을 때 나는 그 직업을 원하는 경쟁자에게 소개받았다.	Several years ago, in the course of being Interviewed for a job, I was introduced to a competitor for the position.	
JLPT-한끝-N4-180	興味	きょうみ	흥미	彼らが行った調査によると、アメリカ人は日本に興味を持っていないことがわかる。	그들이 실시한 조사에 따르면 미국인들은 일본에 관심이 없다는 것을 알 수 있다.	The research done by them shows that Americans are not interested in Japan.	
JLPT-한끝-N4-181	去年	きょねん	작년	今年の米の収穫は、去年よりも上を行く可能性が十分ある。	올해 쌀 수확은 지난해보다 더 오를 가능성이 충분하다.	There's a good chance that this year's rice crop will be up on last year's.	
JLPT-한끝-N4-182	銀色	ぎんいろ	은색	女王は華麗な銀色のドレスを着ていた。	여왕은 화려한 은색 드레스를 입고 있었다.	The queen was wearing a magnificent silver dress.	
JLPT-한끝-N4-183	銀行	ぎんこう	은행	クレジットとは銀行によって自由に使えることが許されている金額、すなわち信用供与、ローンです。	신용이란 은행에 의해 자유롭게 사용할 수 있는 것이 허용되는 금액, 즉 신용공여, 대출입니다.	Credit is the amount or sum placed at a person's disposal by a bank; a loan of money.	
JLPT-한끝-N4-184	近所	きんじょ	근처	もうこれ以上隣近所の人たちとはうまくやっていけない。	이제 더 이상 이웃 사람들과는 잘 지내지 못한다.	I can't get along with the neighbors any more.	
JLPT-한끝-N4-185	ぐあい	ぐあい	상태	陽気が寒くなるにつれて彼の具合がますます悪くなった。	날씨가 추워지면서 그의 상태가 점점 나빠졌다.	As the weather became colder, he went from bad to worse.	
JLPT-한끝-N4-186	空港	くうこう	공항	渋滞にもかかわらず、私はどうにか空港に遅れずに到着することができた。	교통 체증에도 불구하고 나는 간신히 공항에 늦지 않게 도착할 수 있었다.	In spite of the heavy traffic, I managed to get to the airport in time.	
JLPT-한끝-N4-187	薬	くすり	약	薬によっては、役に立つどころか逆に害になるものもある。	약에 따라서는 도움이 되기는커녕 오히려 해가 되는 것도 있다.	Some medicines will do you more harm than good.	
JLPT-한끝-N4-188	くださる	くださる	주시다	車の速度を落とす装置（ハンプや狭さく）について、意見があったら書いてください。	자동차의 속도를 줄이는 장치(횡단이나 좁힘)에 대해 의견이 있으면 적어주세요.	If you have any opinions concerning traffic calming devices (humps, curb extensions, etc.) please write them.	
JLPT-한끝-N4-189	首	くび	목	うちのチームが君のところのチームに負けるようなことが、万が一にもあれば、僕は首をやる。	우리 팀이 네 팀에게 질 것 같은 일이 혹시라도 있다면 나는 목을 매겠어.	I'll eat my hat if, by some chance, my team loses to yours.	
JLPT-한끝-N4-190	くも	くも	구름	厚い雲に覆われているものの、午後には晴れる見込みだ。	두터운 구름에 덮여 있으나 오후에는 맑을 전망이다.		
JLPT-한끝-N4-191	暗い	くらい	어둡다	身振り言語はしかしながら、暗い所や、やや離れた所では使えないので重大な限界があった。	몸짓 언어는 그러나 어두운 곳이나 다소 떨어진 곳에서는 사용할 수 없기 때문에 중대한 한계가 있었다.	Gestural language had, however, serious limitations, since it could not be used in the dark or at distance.	
JLPT-한끝-N4-192	くらべる	くらべる	비교하다	この本はあの本に比べて、ためになるばかりでなくおもしろい。	이 책은 저 책에 비해 도움이 될 뿐만 아니라 재미있다.	This book is not only more instructive but more interesting than that book.	
JLPT-한끝-N4-193	来る	くる	오다	私が今までに聞いてきたすべてのことから真実に違いないと確信しています。	내가 지금까지 들어왔던 모든 것들에서 진실이 틀림없다고 확신합니다.	I'm sure It must be true from all that I've heard.	
JLPT-한끝-N4-194	黒い	くろい	검다	「僕は、僕の願い事について考えていたのだ」小さい黒いウサギがいいました。	"""저는 제 소원에 대해 생각했었어요."" 작은 검은 토끼가 좋았습니다."	"""I'm just thinking about my wish,"" replied the little black rabbit."	
JLPT-한끝-N4-195	計画	けいかく	계획	我々はもうこれ以上あなたの計画についていけない。	우리는 더 이상 당신의 계획에 따라갈 수 없다.	We cannot follow your plan any longer.	
JLPT-한끝-N4-196	経験	けいけん	경험	一方で我々は大損害を被ったが、他方その経験から学んだものも大きかった。	한편으로 우리는 큰 손해를 입었지만, 다른 한편으로 그 경험에서 배운 것도 컸다.	On the one hand we suffered a heavy loss, but on the other hand we learned a great deal from the experience.	
JLPT-한끝-N4-197	ゲーム	ゲーム	게임	あらゆるゲームの最も重要な特徴は、それらが規則によって制御されていることである。	모든 게임의 가장 중요한 특징은 그것들이 규칙에 의해 통제된다는 점이다.	The most important feature of all games is that they are governed by rules.	
JLPT-한끝-N4-198	けが	けが	상처	しかし彼に大きなけがはなく、軽い打撲傷で済んだ。	하지만 그에게 큰 부상은 없었고 가벼운 타박상으로 끝났다.	However he wasn't seriously hurt and got away with light bruising.	
JLPT-한끝-N4-199	今朝	けさ	오늘 아침	今朝のテレビで、あなたの地域で大火災があったことを知り、驚いています。	오늘 아침 TV에서 당신의 지역에서 큰 화재가 있었다는 것을 알고 놀랐습니다.	From the telecast this morning, I have learned to my shock that a big fire hit your area.	
JLPT-한끝-N4-200	けしき	けしき	경치	山頂から眺めるけしきは美しく、疲れを忘れるほどだった。	산 정상에서 바라보는 정갈은 아름다웠고 피로를 잊을 만했다.		
JLPT-한끝-N4-201	けっか	けっか	결과	結果次第では、両社に対して2月以来の行政指導が行われる。	결과에 따라 양사에 대해 2월 이후 행정지도가 이뤄진다.	Depending on the results both companies may be put under administrative guidance from February.	
JLPT-한끝-N4-202	けっこうだ	けっこうだ	괜찮다	その物語は少し長すぎるという点を除けばけっこうだ。	그 이야기는 조금 너무 길다는 점을 제외하면 괜찮다.	The story is good except that it is a little too long.	
JLPT-한끝-N4-203	月曜日	げつようび	월요일	君から来ないでくれと言ってこない限り、月曜日には行きます。	너한테 오지 말라고 하지 않는 한, 월요일에는 갈 거예요.	I will come on Monday unless you write to the contrary.	
JLPT-한끝-N4-204	県	けん	현 (일본 행정구역)	私はきっと彼と気が合うと思います。私たちは同じ県の出身だから。	나는 분명 그와 마음이 맞을 거예요, 우리는 같은 현 출신이니까.	I am sure I'll get along with him because we are from the same prefecture.	
JLPT-한끝-N4-205	原因	げんいん	원인	第一には、ものの見方を正しくしてその原因と結果とをよくわきまえる。	첫째, 사물의 견해를 바르게 하고 그 원인과 결과를 잘 헤아린다.	First, they should have right ideas of things, ideas that are based on careful observation, and understand causes of effects and their significance correctly.	
JLPT-한끝-N4-206	けんか	けんか	싸움	彼らの間でつまらないことをめぐってけんかが始まった。	그들 사이에 시시콜콜한 것을 두고 싸움이 시작됐다.	A fight started about nothing between them.	
JLPT-한끝-N4-207	見学	けんがく	견학	尚、会社説明会後でも、会社見学は随時受け付けております。	또한, 회사 설명회 이후에도 회사 견학은 수시로 받고 있습니다.	Furthermore, even after the company information session, we sometimes hold company tours.	
JLPT-한끝-N4-208	元気	げんき	건강함	そんな事実にまったく悪びれることなく、千歳は今日も元気に過ごしております。	그런 사실에 전혀 아랑곳하지 않고 치토세는 오늘도 활기차게 지내고 있습니다.	Without flinching from that fact in the slightest, Chitose is spending today as well in fine spirit.	
JLPT-한끝-N4-209	研究	けんきゅう	연구	この研究の最初の部分では、大衆統制の心理に関してすでに行われている研究について言及する。	이 연구의 첫 부분에서는 대중통제의 심리에 관해 이미 수행된 연구들을 언급한다.	In the early part of my study, I allude to work that had already been done on the psychology of crowd-control.	
JLPT-한끝-N4-210	研究会	けんきゅうかい	연구회	研究会に参加するには、事前に資料を読んでおく必要がある。	연구회에 참여하려면 미리 자료를 읽어둘 필요가 있다.		
JLPT-한끝-N4-211	公園	こうえん	공원	桜の花の季節になると、公園に多くの人々が集まる。	벚꽃 철이면 공원에 많은 사람들이 모여든다.	The cherry blossom season brings crowds of people to parks.	
JLPT-한끝-N4-212	郊外	こうがい	교외	郊外では通りは曲がりくねっていたり、狭い事が多い。	교외에서는 거리는 구불구불하거나 좁을 때가 많다.	Streets are often twisted and narrow in the suburbs.	
JLPT-한끝-N4-213	工業	こうぎょう	공업	鋼材不足にも関わらず、工業生産高は５％だけ増加した。	강재 부족에도 불구하고 공업 생산고는 5%만 증가했다.	Despite a shortage of steel, industrial output has increased by five percent.	
JLPT-한끝-N4-214	工事	こうじ	공사	その工事は住民からの強い反対にもかかわらず、続けられた。	그 공사는 주민들의 강한 반대에도 불구하고 계속되었다.	They carried on with the construction in the face of strong opposition from the residents.	
JLPT-한끝-N4-215	工場	こうじょう	공장	その川は家庭や工場からの廃棄物によって汚染されている。	그 강은 가정이나 공장에서 나오는 폐기물에 의해 오염되어 있다.	The river is polluted by waste from houses and factories.	
JLPT-한끝-N4-216	校長	こうちょう	교장	私たちは前の校長先生よりも今度の校長先生のほうが好きです。	우리는 지난 교장 선생님보다 이번 교장 선생님이 더 좋아요.	We like the present headmaster better than his predecessor.	
JLPT-한끝-N4-217	交通	こうつう	교통	交通整理の警官は、手や腕を振ることで運転手たちに方向を伝える。	교통정리 경찰은 손이나 팔을 흔들어 운전기사들에게 방향을 전달한다.	A traffic policeman signals directions to drivers by waving his hands and arms.	
JLPT-한끝-N4-218	声	こえ	(목)소리	彼の顔は怖そうに見える反面、彼の声は優しくおだやかだった。	그의 얼굴은 무서워 보이는 반면, 그의 목소리는 다정하고 아늑했다.	In contrast to his frightening looks his voice was kind and calm.	
JLPT-한끝-N4-219	氷	こおり	얼음	氷が張った道路の上で体のバランスをとるのは難しい。	얼음이 언 도로 위에서 몸의 균형을 잡기가 어렵다.	It is hard to keep our balance on icy streets.	
JLPT-한끝-N4-220	こころ	こころ	마음	彼女は美人で頭がよくて、最もいいことには、大変こころがやさしい。	그녀는 미인이고 머리가 좋아서 가장 좋은 것은 매우 마음씨가 착하다.	She is beautiful, intelligent and, what is best of all, very kind-hearted.	
JLPT-한끝-N4-221	こしょう	こしょう	고장	お好みに応じて塩とこしょうを加えてください。	취향에 따라 소금과 후추를 추가해 주세요.	Add salt and pepper to taste.	
JLPT-한끝-N4-222	答える	こたえる	대답하다	その男は私にお前は誰かと尋ねたが、その質問に対しては私は答える必要はないと思った。	그 남자는 나에게 너는 누구냐고 물었지만, 그 질문에 대해서는 나는 대답할 필요가 없다고 생각했다.	The man asked me who I was, to which question I did not think it necessary to answer.	
JLPT-한끝-N4-223	小鳥	ことり	작은 새	私たちはその小鳥の生活については全く何も知らない。	우리는 그 작은 새의 생활에 대해서는 전혀 아무것도 모른다.	We know absolutely nothing about the bird's life whatever.	
JLPT-한끝-N4-224	こまかい	こまかい	잘다	電話をかけたいのですが、いまこまかいお金がありません。	전화를 걸고 싶은데 지금 돈이 없어요.	I want to make phone call, but I don't have any change now.	
JLPT-한끝-N4-225	こむ	こむ	붐비다	バスは非常にこんでいた。タクシーで行けばよかった。	버스가 많이 밀렸어 택시로 갈걸.	The bus was very much crowded. I wish I took a taxi.	
JLPT-한끝-N4-226	こられる	こられる	올 수 있다	午後もう一度こられるのでしたら、専門家を二、三人用意しておきますが。	오후에 다시 오시려면 전문가 두세명 준비해두겠습니다.	If you come back this afternoon, I'll have a couple of experts here for you.	
JLPT-한끝-N4-227	こわい	こわい	무섭다	首になるのがこわいから、雇用主にあえて逆らおうとする人はだれもいない。	잘릴까봐 고용주에게 굳이 거스르려는 사람은 아무도 없다.	No one dares to contradict his employer for fear of being fired.	
JLPT-한끝-N4-228	こわれる	こわれる	망가지다	その戸はどうしても開かない、鍵が壊れているに違いない。	그 문은 아무래도 열리지 않는다, 열쇠가 깨져 있는 게 틀림없다.	The door will not open; lock must be out of order.	
JLPT-한끝-N4-229	今度	こんど	이번, 다음	マリガンは、今度の試合については何の問題はないという。	마리안은 이번 경기에 대해서는 아무 문제가 없다고 한다.	Mulligan says he'll sleep easy until the fight.	
JLPT-한끝-N4-230	さいきん	さいきん	최근	最近では、人々が移民していく場合、日光とか植物、あるいは召使いを求めていくというわけではない。	요즘에는 사람들이 이민을 가는 경우 햇빛이라든가 식물, 혹은 하인을 찾아가는 것은 아니다.	These days, when people emigrate, it is not so much in search of sunshine, or food, or even servants.	
JLPT-한끝-N4-231	最後	さいご	최후, 마지막	スタートを切ってしまった以上、私達はこの仕事を最後までやり通さねばならない。	시작을 다 한 이상 우리는 이 일을 끝까지 해내야 한다.	Now that we've got off the mark, we must get through this work.	
JLPT-한끝-N4-232	さか	さか	언덕	さかまつ毛があります。	자꾸 속눈썹이 있어요.	I have in-growing eyelashes.	
JLPT-한끝-N4-233	さがす	さがす	찾다	彼は働かないだけでなく、仕事を探そうともしない。	그는 일하지 않을 뿐만 아니라 일자리를 찾으려고도 하지 않는다.	He not only does not work but will not find a job.	
JLPT-한끝-N4-234	魚	さかな	물고기, 생선	カナダ人が言うところでは、魚は酸性雨として知られているもののために、死にかけているとのことです。	캐나다인이 말하는 바로는 물고기는 산성비로 알려진 것 때문에 죽을 지경에 처해 있다고 합니다.	The fish are dying, the Canadians say, because of what's known as acid rain.	
JLPT-한끝-N4-235	盛んだ	さかんだ	번성하다, 활발하다	我々の国ではウインタースポーツが盛んだ。	우리 나라에서는 윈터 스포츠가 성행하고 있어.	Winter sports are very popular in our country.	
JLPT-한끝-N4-236	作文	さくぶん	작문	文法に関する限り、あなたの作文には誤りはありません。	문법에 관한 한 당신의 글쓰기에는 오류가 없습니다.	Your composition is correct, as far as grammar is concerned.	
JLPT-한끝-N4-237	さしあげる	さしあげる	드리다	もしも、私が差し上げられる情報があったり、何かご質問がありましたらご連絡ください。	혹시 제가 드릴 수 있는 정보가 있거나 문의사항이 있으시면 연락주세요.	Please let me know if I can provide you with any further information, or if you would like to contact me for questions.	
JLPT-한끝-N4-238	さす	さす	(우산을) 쓰다	彼女はジリジリするような日差しの中で、傘をさした。	그녀는 지저분한 햇살 속에서 우산을 썼다.	She put up an umbrella against a scorching sun.	
JLPT-한끝-N4-239	さそう	さそう	권하다	彼女はジリジリするような日差しの中で、傘をさした。	그녀는 지저분한 햇살 속에서 우산을 썼다.	She put up an umbrella against a scorching sun.	
JLPT-한끝-N4-240	さっき	さっき	조금 전	この新人のアナウンサー、さっきからとっちてばかりいる。	이 신인 아나운서, 아까부터 정신없어.	This new announcer keeps stumbling.	
JLPT-한끝-N4-241	さびしい	さびしい	쓸쓸하다	母親は、娘が離れて大学へ行っているのでさびしい思いをした。	어머니는 딸이 떨어져 대학에 가 있기 때문에 섭섭한 마음을 가졌다.	The mother greatly missed her daughter, who was away at college.	
JLPT-한끝-N4-242	寒い	さむい	춥다	人間も極度に寒い温度に対しては、防御装置を備えている。	인간도 극도로 추운 온도에 대해서는 방어 장치를 갖추고 있다.	Man, too, has been given protective devices against extreme temperatures.	
JLPT-한끝-N4-243	皿	さら	접시	あなたが皿を洗っている間に、私は床を掃除します。	당신이 설거지를 하는 동안 저는 바닥을 청소할 거예요.	I'll sweep the floor while you wash the dishes.	
JLPT-한끝-N4-244	さわる	さわる	만지다	しゃくにさわるのは、私が反対なのに彼女はそれを買うといってきかないことです。	딸꾹질을 하는 것은 제가 반대인데 그녀는 그것을 산다고 하지 않는 것입니다.	What annoys me is that though I object, she insists on buying it.	
JLPT-한끝-N4-245	産業	さんぎょう	산업	江戸時代に、各藩の奨励策によって、全国各地に地場産業が興った。	에도 시대에 각 번의 장려책에 의해 전국 각지에 지역 산업이 흥하였다.	Local industry flourished throughout the land in the Edo period thanks to the promotional efforts by each clan.	
JLPT-한끝-N4-246	サンダル	サンダル	샌들	あんな底の厚いサンダル履いてたら、転んで捻挫しちゃうぞ。	저런 밑창 두꺼운 샌들 신고 있으면 넘어져서 삐져나올거야.	You're going to fall and sprain your ankle wearing sandals with such huge platforms.	
JLPT-한끝-N4-247	ざんねんだ	ざんねんだ	유감이다, 아쉽다	計画が中止になったのはざんねんだが、安全を優先せざるを得ない。	계획이 중단된 것은 아쉽지만 안전을 우선할 수밖에 없다.		
JLPT-한끝-N4-248	試合	しあい	시합	マリガンは、今度の試合については何の問題はないという。	마리안은 이번 경기에 대해서는 아무 문제가 없다고 한다.	Mulligan says he'll sleep easy until the fight.	
JLPT-한끝-N4-249	しかられる	しかられる	야단맞다	その少年はしかられるのには慣れていた。	그 소년은 잡히는 것에는 익숙해져 있었다.	The boy was used to being scolded.	
JLPT-한끝-N4-250	しかる	しかる	야단치다	彼は私を助ける事を拒否しただけでなく、私をしかった。	그는 나를 돕는 것을 거부했을 뿐만 아니라 나를 꾸짖었다.	Not only did he refuse to help me but also he scolded me.	
JLPT-한끝-N4-251	仕事	しごと	일, 직업	あなたの仕事はまったく満足できるというわけではない。	당신의 일은 전혀 만족스럽다는 것은 아니다.	Your work is not altogether satisfactory.	
JLPT-한끝-N4-252	辞書	じしょ	사전	辞書に書いてあることが、常に正しいとは限らない。	사전에 쓰여 있는 것이 항상 옳은 것은 아니다.	What a dictionary says is not always right.	
JLPT-한끝-N4-253	したい	したい	하고 싶다	彼女はガードレールの強度について、ぜひ意見交換をしたいと望んでいます。	그녀는 가드레일 강도에 대해 꼭 의견을 교환하기를 원합니다.	She would value the opportunity to exchange views on the strength of guard-rails.	
JLPT-한끝-N4-254	時代	じだい	시대	時代に遅れないようについていくのは老人にとってむしろ難しいことである。	시대에 뒤처지지 않게 따라가는 것은 노인들에게 오히려 어려운 일이다.	It is rather difficult for an old man to keep up with the times.	
JLPT-한끝-N4-255	したく	したく	준비, 채비	彼は仕事をせざるはえなかったが、したくはなかった。	그는 일을 할 수밖에 없었지만, 내색은 아니었다.	He had to, but didn't want to, do the job.	
JLPT-한끝-N4-256	しっかり	しっかり	든든하다, 확실히	しっかりした判断力がありさえすれば、どんな種類の本を読もうとたいした問題ではない。	똑똑한 판단력이 있어야만 어떤 종류의 책을 읽든 별문제가 아니다.	It matters little what kind of books one reads, so long as one has sound judgement.	
JLPT-한끝-N4-257	しっぱい	しっぱい	실패	努力したにもかかわらず、彼はその試験に失敗した。	노력했음에도 불구하고 그는 그 시험에 실패했다.	With all his efforts, he failed the test.	
JLPT-한끝-N4-258	質問	しつもん	질문	その男は私にお前は誰かと尋ねたが、その質問に対しては私は答える必要はないと思った。	그 남자는 나에게 너는 누구냐고 물었지만, 그 질문에 대해서는 나는 대답할 필요가 없다고 생각했다.	The man asked me who I was, to which question I did not think it necessary to answer.	
JLPT-한끝-N4-259	失礼だ	しつれいだ	무례하다	木で鼻をくくったその返事の仕方、相手に失礼だと思わんのかね。	나무로 코를 푸는 그 대답하는 방식, 상대에게 무례하다고 생각하시는 걸까요?	Don't you think it's rude to give people such a sharp/curt reply like that?	
JLPT-한끝-N4-260	自転車	じてんしゃ	자전거	空気汚染の問題があるので、自転車が自動車にとってかわる日があるかもしれない。	공기 오염의 문제가 있기 때문에 자전거가 자동차와 달라질 날이 있을지도 모른다.	Because of the problem of air pollution, the bicycle may some day replace the automobile.	
JLPT-한끝-N4-261	自動車	じどうしゃ	자동차	空気汚染の問題があるので、自転車が自動車にとってかわる日があるかもしれない。	공기 오염의 문제가 있기 때문에 자전거가 자동차와 달라질 날이 있을지도 모른다.	Because of the problem of air pollution, the bicycle may some day replace the automobile.	
JLPT-한끝-N4-262	品物	しなもの	물건	配達のレシートに受け取った品物の正確なリストがない限り、サインをしてはいけません。	배달 영수증에 받은 물건의 정확한 목록이 없는 한 사인을 해서는 안 됩니다.	Do not sign a delivery receipt unless it accurately lists the goods received.	
JLPT-한끝-N4-263	死ぬ	しぬ	죽다	彼の父が死んだ、そしてさらに悪いことには母も病気になった。	그의 아버지가 죽었고, 그리고 더 나쁜 것은 어머니도 병에 걸렸다.	His father died, and to make matters worse, his mother fell ill.	
JLPT-한끝-N4-264	しばらく	しばらく	잠시 동안	その法律によってしばらくフットボールはできませんでした。	그 법에 의해 한동안 풋볼은 할 수 없었어요.	The law kept people from playing football for a while.	
JLPT-한끝-N4-265	自分	じぶん	자기, 자신	その件について自分の意見を述べないわけには行かない。	그 건에 대해 자신의 의견을 말하지 않을 수 없다.	I cannot refrain from expressing my opinion about the affair.	
JLPT-한끝-N4-266	市民	しみん	시민	あなたが立派な世界市民になろうとするのなら、偏見は持たないように努力すべきである。	당신이 훌륭한 세계 시민이 되려고 한다면 편견은 가지지 않도록 노력해야 한다.	If you are to be a good world citizen, you should try to be free of any prejudices.	
JLPT-한끝-N4-267	閉める	しめる	닫다	私は窓を閉め忘れただけでなく、掃除することも忘れた。	나는 창문을 닫는 것뿐만 아니라 청소하는 것도 잊었다.	Not only did I forget to close the window, but I also forgot to sweep.	
JLPT-한끝-N4-268	社会	しゃかい	사회	社会党の猛烈な反対にもかかわらず、その議案は過半数で可決された。	사회당의 극렬한 반대에도 불구하고 그 의안은 과반수로 가결되었다.	The bill was passed by a majority, although the Socialist Party was strongly opposed to it.	
JLPT-한끝-N4-269	写真	しゃしん	사진	女性は、写真から帽子を取り除く事は可能かどうか、カメラマンに聞いた。	여성은 사진에서 모자를 제거하는 것이 가능한지 카메라맨에게 물었다.	She wanted to know if the photographer could remove the hat from the picture.	
JLPT-한끝-N4-270	写真家	しゃしんか	사진가	私たちは写真家が子供をまず助け出さなかったといって非難した。	우리는 사진 작가가 아이를 먼저 구해주지 않았다고 비난했다.	We criticized the photographer for not rescuing the child first.	
JLPT-한끝-N4-271	社長	しゃちょう	사장	その会社では、会長が院政を敷いていて、社長はお飾りにすぎない。	그 회사에서는 회장이 원정을 맡고 사장은 장식에 불과하다.	"The ""retired"" president of that company runs the whole show from behind the scenes, so the current president is nothing but a figurehead."	
JLPT-한끝-N4-272	じゃま	じゃま	방해	車がじゃまになったので、ガレージから出ることができなかった。	차가 방해가 되어 차고를 빠져나올 수 없었다.	I couldn't get out of my garage because there was a car in the way.	
JLPT-한끝-N4-273	じゃまになる	じゃまになる	방해가 되다	通路に荷物を置くと避難のじゃまになるおそれがある。	통로에 짐을 두면 대피에 방해가 될 우려가 있다.		
JLPT-한끝-N4-274	習慣	しゅうかん	습관	習慣は一度身についてしまうと、断ち切るのがとても難しい。	습관은 한번 몸에 배면 끊기가 너무 어렵다.	A habit is very difficult to shake off once it is formed.	
JLPT-한끝-N4-275	住所	じゅうしょ	주소	もし彼の住所を、知っていれば手紙が書けるのだが。	만약 그의 주소를 알고 있으면 편지를 쓸 수 있는데.	If I knew his address, I could write to him.	
JLPT-한끝-N4-276	十分	じゅうぶん	충분히	他の文化について十分な知識を持っていなければ、色々な問題が容易に起こりうる。	다른 문화에 대해 충분한 지식을 가지고 있지 않으면 여러 가지 문제가 쉽게 일어날 수 있다.	If we do not have an essential knowledge of their cultures, various problems will occur too easily.	
JLPT-한끝-N4-277	授業	じゅぎょう	수업	英語の授業では、時々輪になって座り、読んでいる本について話し合いをすることもあります。	영어 수업에서는 종종 빙 둘러 앉아 읽고 있는 책에 대해 이야기를 나누기도 합니다.	In the English class sometimes we sit in a circle to talk about a book we are reading.	
JLPT-한끝-N4-278	主人	しゅじん	남편, 주인	その犬は尾を振りながら、主人の後についていった。	그 개는 꼬리를 흔들며 주인을 따라갔다.	The dog, wagging its tail, followed its master.	
JLPT-한끝-N4-279	出席	しゅっせき	출석, 참석	学生達が全員その授業に出席していたわけではない。	학생들이 모두 그 수업에 출석하고 있었던 것은 아니다.	Not all the students were present at the class.	
JLPT-한끝-N4-280	出発	しゅっぱつ	출발	がっかりしたことには、彼はすでに出発してしまっていた。	실망스럽게도 그는 이미 떠나 버렸다.	To my disappointment, he had already started.	
JLPT-한끝-N4-281	じゅんび	じゅんび	준비	消息筋によると、○○社は東証一部への上場を準備している。	소식통에 따르면 ○○사는 도쿄증권거래소 일부 상장을 준비하고 있다.	According to informed sources, ____ Ltd. is preparing for the move up to the first section of the Tokyo Stock exchange.	
JLPT-한끝-N4-282	紹介	しょうかい	소개	３人の生徒が短いスピーチを言い、自己紹介をしたり自分の国について話した。	세 명의 학생이 짧은 연설을 하고 자기소개를 하거나 자기 나라에 대해 이야기했다.	Three students made short speeches and introduced themselves and their countries.	
JLPT-한끝-N4-283	小説	しょうせつ	소설	彼の小説を両方とも読んだわけではないが、読んだものから判断すると有望な作家らしい。	그의 소설을 둘 다 읽은 것은 아니지만, 읽은 것으로 판단하면 유망한 작가인 것 같다.	I haven't read both his novels, but judge from the one I have read, he seems to be a promising writer.	
JLPT-한끝-N4-284	招待	しょうたい	초대	きっと彼は私たちの招待に応じてくれると思います。	분명 그는 우리의 초대에 응할 거라고 생각해요.	I am sure of his will accepting our invitation.	
JLPT-한끝-N4-285	将来	しょうらい	장래, 미래	彼らは、将来のためにとっておくほど十分な収入がありません。	그들은 장래를 위해 남겨둘 만큼 충분한 수입이 없습니다.	They don't have enough income to lay aside for the future.	
JLPT-한끝-N4-286	食事	しょくじ	식사	彼女にとってうれしいことに、客はみな食事をほめた。	그녀에게 있어서 기쁘게도 손님들은 모두 식사를 칭찬했다.	To her joy, all the guest praised the meal.	
JLPT-한끝-N4-287	食堂	しょくどう	식당	クラスのみんなが学生食堂の食べ物を気に入っているわけではない。	반 모두가 학생식당 음식을 좋아하지는 않는다.	Not all my classmate like the food in the cafeteria.	
JLPT-한끝-N4-288	食料品	しょくりょうひん	식료품	先月は野菜の値段が高くなったので、食料品代が増えた。	지난달에는 채소값이 비싸져서 식료품값이 늘었다.	Our grocery bill soared last month because of higher vegetable prices.	
JLPT-한끝-N4-289	女性	じょせい	여성	その病気の女性は何でも食べるというわけではなかった。	그 병에 걸린 여성은 무엇이든 먹는다는 것은 아니었다.	The sick woman cannot eat just anything.	
JLPT-한끝-N4-290	調べる	しらべる	조사하다	あなたの申し出はよく調べた上でご返事しましょう。	당신의 신청은 잘 살펴본 후에 답변합시다.	I'll give you our answer after we go into your proposal in greater detail.	
JLPT-한끝-N4-291	知る	しる	알다	この世のことは、何もかも知るというわけにはいかない。	이 세상 일은 모든 것을 다 안다고 할 수는 없다.	We cannot know everything in the world.	
JLPT-한끝-N4-292	白い	しろい	하얗다, 희다	私は白い物が空を飛んでいるのを見て、その結果、天使の存在を信じるようになった。	나는 흰 물체가 하늘을 날고 있는 것을 보았고 그 결과 천사의 존재를 믿게 되었다.	I saw something white flying in the sky, so that I came to believe in angels.	
JLPT-한끝-N4-293	人口	じんこう	인구	このことから、大規模な人口移動は経済変化の結果ではないという議論を導くことができる。	이런 점에서 대규모 인구 이동은 경제 변화의 결과가 아니라는 논의를 이끌 수 있다.	From this we can derive the argument that major population shifts are not the result of economic change.	
JLPT-한끝-N4-294	親切だ	しんせつだ	친절하다	彼女はかわいらしく、さらによいことには、とても親切だ。	그녀는 귀엽고 더 좋은 것에는 매우 친절하다.	She is pretty, and what is better, very kind.	
JLPT-한끝-N4-295	しんぱい	しんぱい	걱정	私はこの女性労働者達の健康について心配しないわけには行けない。	나는 이 여성 노동자들의 건강에 대해 걱정하지 않을 수 없다.	I cannot but feel anxious about the health of these women workers.	
JLPT-한끝-N4-296	新聞社	しんぶんしゃ	신문사	戦場に赴くカメラマンが不発弾の危険性を知らないのは不思議だ、新聞社は教育を怠ってる。	전쟁터에 나가는 카메라맨이 불발탄의 위험성을 모르는 것은 이상하다, 신문사는 교육을 게을리하고 있다.	It is strange that a cameraman heading for a war-zone should not know about the danger of unexploded shells. The newspaper company is being negligent in its training.	
JLPT-한끝-N4-297	スイッチ	スイッチ	스위치	彼は、まだスイッチを押し込む力を十分持ち合わせていた。	그는 여전히 스위치를 밀어 넣는 힘을 충분히 가지고 있었다.	He was still strong enough to squeeze a switch.	
JLPT-한끝-N4-298	水道	すいどう	수도	水道の蛇口が壊れていて使えなかった。	수도꼭지가 고장나서 못 썼어.	We couldn't use the faucet because it was out of order.	
JLPT-한끝-N4-299	好きだ	すきだ	좋아하다	イギリス人がフィッシュ・アンド・チップスが好きだというわけではない。	영국인이 피시 앤 칩스를 좋아하는 것은 아니다.	Not English people like fish and chips.	
JLPT-한끝-N4-300	少し	すこし	조금	最も愛する人に対しては、最も少ししか語れないものだ。	가장 사랑하는 사람에 대해서는 가장 조금밖에 말할 수 없는 것이다.	Whom we love best to them we can say least.	
JLPT-한끝-N4-301	進む	すすむ	진행되다	しかし全ての物質の中を同じ速度で進むのではなく、ものによって速くもなり遅くもなる。	그러나 모든 물질 속을 같은 속도로 나아가는 것이 아니라 사물에 따라 빠르기도 느리기도 하다.	But light does not travel at the same speed through all materials; it goes slower through some than through others.	
JLPT-한끝-N4-302	すっかり	すっかり	완전히	その結果、人々はこの支給方法にすっかり慣れてしまい、ほかの方法では落ち着かなくなりました。	그 결과 사람들은 이 지급 방식에 완전히 익숙해져버렸고 다른 방식으로는 진정되지 않게 되었습니다.	As a result, people have got so used to being paid this way that they're uncomfortable with any other.	
JLPT-한끝-N4-303	ずっと	ずっと	줄곧	たいていの人は夏が好きだが、私に関する限り冬の方がずっと好きだ。	대부분의 사람들은 여름을 좋아하지만, 나에 관한 한 겨울을 훨씬 더 좋아한다.	Most people like summer, but as for me, I like winter much better.	
JLPT-한끝-N4-304	捨てる	すてる	버리다	その事についての疑いを捨てなくてはならなかった。	그 일에 대한 의심을 버려야 했다.	I had to get rid of my doubt about it.	
JLPT-한끝-N4-305	滑る	すべる	미끄러지다	ひどかったわよ。スーはその後で水で滑ったし、みんなあなたに対してかんかんよ。	너무했어 수이는 그 후에 물에서 미끄러웠고 다들 너에 대해 질색이야.	It was a terrible confusion; Sue slipped later in the water. They're all mad at you.	
JLPT-한끝-N4-306	隅	すみ	구석	その人形は、ほこりをかぶって、部屋の隅に立っていた。	그 인형은 먼지를 뒤집어쓰고 방 구석에 서 있었다.	Covered with dust, the doll stood in the corner of the room.	
JLPT-한끝-N4-307	住む	すむ	살다	その国に住む人々は、指導者に対して思い切って自分の意見を述べる事ができなかった。	그 나라에 사는 사람들은 지도자에 대해 큰맘 먹고 자기 의견을 말할 수 없었다.	Those who lived in the country could not speak out against their leaders.	
JLPT-한끝-N4-308	すると	すると	그러자	あなたが彼について見たことから判断すると、この男は臆病者ではない。	당신이 그에 대해 본 것으로 보아 이 남자는 겁쟁이가 아니다.	Judging from what you have seen of him, this fellow is not a coward.	
JLPT-한끝-N4-309	〜制	〜せい	~제	しかし物々交換制は、人々の要求が一致することは希であったので、非常に不満足な制度だった。	그러나 물물교환제는 사람들의 요구가 일치하는 일은 드물었기 때문에 매우 불만족스러운 제도였다.	Barter, however, was a very unsatisfactory system because people's needs seldom matched exactly.	
JLPT-한끝-N4-310	生産	せいさん	생산	サービス産業には、通信、運輸、流通、金融をはじめものの生産には関係ないたくさんの分野が含まれる。	서비스 산업에는 통신, 운수, 유통, 금융을 비롯하여 생산과는 상관없는 많은 분야가 포함된다.	Service industries include communication, transportation, distribution, finance and a host of other areas which do not involve production of goods.	
JLPT-한끝-N4-311	西洋	せいよう	서양	その数百年後に、フォークが西洋のテーブルに現れることになるが、ただちに受け入れられたわけではなかった。	그 수백 년 후에 포크가 서양의 테이블에 나타나게 되는데, 곧바로 받아들여진 것은 아니었다.	The fork made its way to Western tables several hundred years later, but it was not immediately accepted.	
JLPT-한끝-N4-312	世界	せかい	세계	世界の気候への悪影響について、私たちはもっと考えてよい頃である。	세계 기후에 미치는 악영향에 대해 우리는 더 생각할 때다.	It is high time we thought more about the damage to the world's climate.	
JLPT-한끝-N4-313	席	せき	자리	晩餐会の席でソフトウェアの新バージョンの発表について触れたい。	만찬 자리에서 소프트웨어의 새로운 버전 발표에 대해 언급하고 싶다.	I want to mention the release of our new software edition at the banquet.	
JLPT-한끝-N4-314	説明	せつめい	설명	彼女の問題についての説明は、結局意味をなさなかった。	그녀의 문제에 대한 설명은 결국 의미를 이루지 못했다.	Her explanation of the problem added up to nonsense.	
JLPT-한끝-N4-315	ぜひ	ぜひ	꼭	彼女はガードレールの強度について、ぜひ意見交換をしたいと望んでいます。	그녀는 가드레일 강도에 대해 꼭 의견을 교환하기를 원합니다.	She would value the opportunity to exchange views on the strength of guard-rails.	
JLPT-한끝-N4-316	せまい	せまい	좁다	外国へ行ってみると、日本がいかにせまいか初めて分かる。	외국을 가보면 일본이 얼마나 촘촘한지 처음 알 수 있다.	It is not until you go abroad that you realize how small Japan is.	
JLPT-한끝-N4-317	世話	せわ	도와줌, 보살핌	医者になりたいという願望は病弱な弟の世話をしたことから芽生えた。	의사가 되고 싶다는 열망은 병약한 동생을 돌보면서 싹텄다.	My desire to become a doctor grew out of looking after my sickly brother.	
JLPT-한끝-N4-318	先週	せんしゅう	지난주	先週には、大きな力を持つ経団連が、規制解除のため中央政府を訪問した。	지난주에는 큰 힘을 가진 게이단렌이 규제 해제를 위해 중앙정부를 방문했다.	Last week the powerful Keidanren called on Tokyo to lift the ban.	
JLPT-한끝-N4-319	せんたく	せんたく	세탁, 빨래	ジーンズは、洗濯した分だけきれいに見えるようになったわけではなかった。	청바지는 세탁한 만큼 깨끗하게 보이진 않았다.	The jeans looked none the cleaner for having been washed.	
JLPT-한끝-N4-320	センチ	センチ	센티미터	兄は私より２つ年上ですが、身長は３センチも低いのです。	형은 저보다 두 살 위인데 키는 3센티미터나 작아요.	My brother is two years older than I, but he is three centimeters shorter.	
JLPT-한끝-N4-321	相談する	そうだんする	상담하다, 의논하다	何か悩みがあるのなら、彼を相談するといいですよ。	뭔가 고민이 있다면 그를 상담하면 돼요.	If you have some troubles, I recommend you confer with him.	
JLPT-한끝-N4-322	育てる	そだてる	키우다, 기르다	今の日本には、ボランティア精神を育てる教育が足りない。	지금의 일본에는 자원봉사 정신을 기를 수 있는 교육이 부족하다.	We aren't instilling enough of a volunteer spirit in our young people these days.	
JLPT-한끝-N4-323	祖母	そぼ	조모, 할머니	私の祖母はオートバイに乗れる。まして自転車はなおさらだ。	저희 할머니는 오토바이를 탈 줄 아시고 하물며 자전거는 더더욱 그렇다.	My grandmother can ride a motorcycle, and what's more, a bicycle.	
JLPT-한끝-N4-324	空	そら	하늘	時がたつにつれて空は次第に暗くなった。	시간이 지나면서 하늘은 점차 어두워졌다.	As time went on, the sky grew darker and darker.	
JLPT-한끝-N4-325	それに	それに	게다가	これが規則なのだから、それに従って行動しなさい。	이게 규칙이니 그에 따라 행동해라.	These are the rules; act accordingly.	
JLPT-한끝-N4-326	それほどでもない	それほどでもない	그렇지도 않다	いやそれほどでもないよ。何か用かい？	아니 그정도도 아니야 뭐 볼일있어?	Not really. What's up?	
JLPT-한끝-N4-327	そろそろ	そろそろ	슬슬, 이제 곧	今夜はそろそろおいとまします。みなさんよい週末を。	오늘 밤은 슬슬 들어가겠습니다, 여러분 주말 잘 보내세요.	Well, it's just about time for me to be on my way. Have a great weekend, everybody.	
JLPT-한끝-N4-328	大使	たいし	대사	新任の大使は休戦を推し進めて、これ以上の殺りくを終わらせるでしょう。	신임 대사는 휴전을 추진하여 더 이상의 살육을 끝낼 것입니다.	The new ambassador will push for a cease-fire to stop the killing.	
JLPT-한끝-N4-329	大使館	たいしかん	대사관	彼はアメリカ大使館に出入りしている。	그는 미국 대사관에 출입하고 있다.	He has access to the American Embassy.	
JLPT-한끝-N4-330	大事だ	だいじだ	소중하다, 중요하다	言うまでもないことだが、健康の方が富より大事だ。	두말할 것도 없이 건강이 더 중요하다.	Needless to say, health is above wealth.	
JLPT-한끝-N4-331	だいじょうぶだ	だいじょうぶだ	괜찮다	今はだいじょうぶだとしても、定期的な点検は欠かせない。	지금은 괜찮다고 해도 정기적인 점검은 빼놓을 수 없다.		
JLPT-한끝-N4-332	大切だ	たいせつだ	중요하다	私たちの先生はいつも、新聞を読んで世界の出来事に遅れずについていくことは大切だ、といっています。	우리 선생님은 항상 신문을 읽고 세상의 사건들에 뒤처지지 않고 따라가는 것이 중요하다고 합니다.	Our teacher always tells us that keeping up with world events by reading the newspaper is very important.	
JLPT-한끝-N4-333	たいてい	たいてい	대개, 대부분	たいていの人は、人間をただその人の成功なり、あるいは幸運によってのみ判断する。	대개의 사람은 인간을 오직 그 사람의 성공이나 혹은 행운에 의해서만 판단한다.	Most people judge men only by their success or their good fortune.	
JLPT-한끝-N4-334	台所	だいどころ	부엌	じゃがいもが女たちによって、台所で料理されていた。	감자가 여자들에 의해 부엌에서 요리되고 있었다.	Potatoes were being cooked in the kitchen by the girls.	
JLPT-한끝-N4-335	台風	たいふう	태풍	今日の新聞によると、また台風がやってくるそうだ。	오늘 신문에 의하면 또 태풍이 온다고 한다.	Today's paper says that another typhoon is on its way.	
JLPT-한끝-N4-336	倒れる	たおれる	쓰러지다	ブルータスがシーザーを刺して、シーザーが倒れる。	블루타스가 시저를 찌르고, 시저가 쓰러지다.	Brutus stabs Caesar, and Caesar falls.	
JLPT-한끝-N4-337	高い	たかい	비싸다	タイレルの調査で収集されたデータは、管理者にとっても教育者にとっても非常に価値の高いものである。	타이렐의 조사에서 수집된 데이터는 관리자에게나 교육자에게나 매우 가치가 높은 것이다.	The data collected in Tyrel's research is of great value both to administrators and to educators.	
JLPT-한끝-N4-338	だから	だから	그래서	人間は、裕福だからといって、それだけ幸せというわけではない。	인간은 부유하다고 해서 그만큼 행복하다는 것은 아니다.	Man is none the happier for his wealth.	
JLPT-한끝-N4-339	確かだ	たしかだ	분명하다	彼女の素性はほとんどわからないが、エヴァのパイロットであるというのだけは確かだ。	그녀의 신상은 거의 알 수 없지만 에바()의 조종사라는 것만은 확실하다.	Little as we know about her origins, we can at least be sure that she is a pilot of Evangelion.	
JLPT-한끝-N4-340	足す	たす	더하다	もしコーヒーが濃すぎれば、いくらかお湯を足して下さい。	만약 커피가 너무 진하면 약간의 따뜻한 물을 더해주세요.	If the coffee is too strong, add some more water.	
JLPT-한끝-N4-341	出す	だす	내다, 제출하다	ただし、安全日だからって、中出ししても妊娠しないというわけではないらしいです。	다만 안전일이라고 해서 내놓고도 임신을 안 한다는 건 아닌 것 같습니다.	However, it seems that just because it's a 'low risk day' doesn't mean that you won't get pregnant from intravaginal ejaculation.	
JLPT-한끝-N4-342	正しい	ただしい	옳다, 바르다	辞書に書いてあることが、常に正しいとは限らない。	사전에 쓰여 있는 것이 항상 옳은 것은 아니다.	What a dictionary says is not always right.	
JLPT-한끝-N4-343	立つ	たつ	서다	薬によっては、役に立つどころか逆に害になるものもある。	약에 따라서는 도움이 되기는커녕 오히려 해가 되는 것도 있다.	Some medicines will do you more harm than good.	
JLPT-한끝-N4-344	建物	たてもの	건물	あの煙を見なさい。あそこの建物が燃えているに違いない。	저 연기를 봐라 저기 건물이 불타고 있는 게 틀림없어.	Look at that smoke. That building must be on fire.	
JLPT-한끝-N4-345	建てる	たてる	세우다	環境汚染についての恐れは、人々に発電所の近くに家を建てることを思いとどまらせた。	환경오염에 대한 두려움은 사람들에게 발전소 근처에 집을 짓는 것을 단념하게 만들었다.	Fear of pollution discouraged people from building homes near power plants.	
JLPT-한끝-N4-346	楽しい	たのしい	즐겁다	彼は森の中を歩いた。頭上では鳥が楽しくさえずっていた。	그는 숲속을 걸었다. 머리 위에서는 새들이 즐겁게 지저귀고 있었다.	He walked in the forest, with birds singing cheerfully above his head.	
JLPT-한끝-N4-347	頼む	たのむ	부탁하다	彼には行かないように頼んだ。にもかかわらず彼は去った。	그는 가지 말라고 부탁했다. 그럼에도 불구하고 그는 떠났다.	I asked him not to go, but he left all the same.	
JLPT-한끝-N4-348	たまに	たまに	가끔	いつも真っ向勝負だけでなく、たまには虚虚実実の駆け引きとやらもやってみたいよね。	항상 정면승부뿐만 아니라 가끔은 허허실실실실 실타래기와도 해보고 싶지.	We have to be ready not only for a straightforward test of strength but also for a struggle in which every strategy comes into play.	
JLPT-한끝-N4-349	だめ	だめ	안됨, 불가능	もちろん万能ではないからといって価値がないわけではないから、ＧＴＤはダメということにはならない。	물론 만능이 아니라고 해서 가치가 없는 것은 아니니까 GTD는 안 된다고 할 수는 없다.	Of course you can't say that it's worth nothing because it isn't perfect, so that doesn't mean that GTD is useless.	
JLPT-한끝-N4-350	足りない	たりない	부족하다	今の日本には、ボランティア精神を育てる教育が足りない。	지금의 일본에는 자원봉사 정신을 기를 수 있는 교육이 부족하다.	We aren't instilling enough of a volunteer spirit in our young people these days.	
JLPT-한끝-N4-351	足りる	たりる	충분하다	君が私にしてくれたことにはどんなに感謝してもたりない。	네가 나에게 해준 일에는 아무리 감사해도 지나치지 않아.	I can't thank you enough for what you did for me.	
JLPT-한끝-N4-352	暖房	だんぼう	난방	断熱が悪いと、いくら暖房してもちっとも暖かくならない。	단열이 나쁘면 아무리 난방해도 조금도 따뜻해지지 않는다.	If it's badly insulated, it won't warm up regardless of how much heating you use.	
JLPT-한끝-N4-353	小さい	ちいさい	작다	「僕は、僕の願い事について考えていたのだ」小さい黒いウサギがいいました。	"""저는 제 소원에 대해 생각했었어요."" 작은 검은 토끼가 좋았습니다."	"""I'm just thinking about my wish,"" replied the little black rabbit."	
JLPT-한끝-N4-354	チェック	チェック	체크	その機械はデータを分類するだけでなく、数字もチェックする。	그 기계는 데이터를 분류할 뿐만 아니라 숫자도 체크한다.	In addition to classifying the data, the machine also checks the figures.	
JLPT-한끝-N4-355	近い	ちかい	가깝다	近いうちに雨が降らない限り、この町は深刻な水不足になるだろう。	조만간 비가 오지 않는 한 이 마을은 심각한 물 부족이 될 것이다.	This city will suffer from an acute water shortage unless it rains soon.	
JLPT-한끝-N4-356	近く	ちかく	근처	環境汚染についての恐れは、人々に発電所の近くに家を建てることを思いとどまらせた。	환경오염에 대한 두려움은 사람들에게 발전소 근처에 집을 짓는 것을 단념하게 만들었다.	Fear of pollution discouraged people from building homes near power plants.	
JLPT-한끝-N4-357	地下鉄	ちかてつ	지하철	すみませんが、一番近い地下鉄の駅を教えてくれませんか。	죄송하지만 가장 가까운 지하철역을 가르쳐 주시겠습니까?	Excuse me. Can you direct me to the nearest subway station?	
JLPT-한끝-N4-358	力	ちから	힘	一度習慣が身につけば、それはわれわれに対してほとんど強制的な力を持つ。	일단 습관이 몸에 배면 그것은 우리에 대해 거의 강제적인 힘을 가진다.	Once a habit has been acquired, it has almost compulsive power over us.	
JLPT-한끝-N4-359	チケット	チケット	티켓	Ａ市からＢ市までのチケット、片道２まいください。	A시에서 B시까지 티켓 편도 2매 주세요.	I'd like two one-way tickets from A to B	
JLPT-한끝-N4-360	ちこく	ちこく	지각	ビルは２０分も遅刻だ。どこかで道に迷ったに違いない。	빌딩은 20분이나 지각이야 어디선가 길을 잃은 게 틀림없어.	Bill is 20 minutes late. He must have gotten lost somewhere.	
JLPT-한끝-N4-361	地図	ちず	지도	その地図がなかったら、彼は道に迷っていただろう。	그 지도가 없었다면 그는 길을 잃었을 것이다.	Without the map, he would have got lost.	
JLPT-한끝-N4-362	茶色	ちゃいろ	갈색	茶色のスエードの上着は、どんなのがあるかな、サイズは４０なんだけど。	갈색 스웨이드 겉옷은 어떤게 있을까 사이즈는 40인데.	What do you have in brown suede jackets, size 40?	
JLPT-한끝-N4-363	チャンス	チャンス	찬스, 기회	これは、市場シェアを拡大するすばらしいチャンスです。	이것은 시장 점유율을 확대할 수 있는 훌륭한 기회입니다.	This is a great opportunity to increase our market share.	
JLPT-한끝-N4-364	注意	ちゅうい	주의	先生の注意にもかかわらず、その怠け者の少年は再々遅れてくる。	선생님의 주의에도 불구하고 그 게으른 소년은 계속 늦어진다.	In spite of the teacher's warning, the lazy boy comes late as often as not.	
JLPT-한끝-N4-365	中止	ちゅうし	중지	雨が激しく降った、その結果、野球の試合は中止になった。	비가 심하게 내렸다, 그 결과 야구 경기는 취소되었다.	It rained heavily, and consequently the baseball game was called off.	
JLPT-한끝-N4-366	貯金	ちょきん	저금	ジュリー、衣服に金を浪費しないで、貯金をしなさい。	줄리, 옷에 돈을 낭비하지 말고 저금을 하세요.	Don't waste money on clothes, Julie. Save money!	
JLPT-한끝-N4-367	地理	ちり	지리	祖父は京都に５０年以上も住んでいるので、京都の地理に明るい。	할아버지는 교토에 50년 이상 살고 있어서 교토의 지리에 밝다.	My grandfather has lived in Kyoto for over 50 years, so he knows his way about.	
JLPT-한끝-N4-368	使う	つかう	사용하다	肌がヒリつくどころか、使う前より肌が安定してるんです。	피부가 뻑뻑하기는커녕 사용하기 전보다 피부가 안정적이에요.	Far from irritating my skin it was better than before I used it.	
JLPT-한끝-N4-369	着く	つく	도착하다	その電車に乗り遅れない限り、そこへ間に合って着くでしょう。	그 기차를 놓치지 않는 한, 거기에 늦지 않게 도착할 거예요.	You'll get there in time, so long as you don't miss the train.	
JLPT-한끝-N4-370	机	つくえ	책상	「あなたの本はどこですか」「それらは机の上です」	"""당신 책은 어디에 있습니까."" ""그것들은 책상 위에 있습니다"""	"""Where are your books?"" ""They are on the desk."""	
JLPT-한끝-N4-371	作る	つくる	만들다	クモの巣を作るには、このきぬの枠を作り、それを木や垣根のような固い物体に固定させることから始める。	거미는 거미줄을 만들 때 먼저 실로 틀을 짜고, 그것을 나무나 울타리 같은 단단한 물체에 고정한다.	To make a web, it starts by making a frame of this silk and fastening it to hard objects, such as trees or fences.	
JLPT-한끝-N4-372	都合	つごう	사정, 형편	明日から仕事をはじめるのはあなたにとって都合がよいですか。	내일부터 일을 시작하는 것은 당신에게 좋은가요?	Will it be convenient for you to start work tomorrow?	
JLPT-한끝-N4-373	つごうがわるい	つごうがわるい	형편이 나쁘다	その日はつごうがわるいので、別の日に変更していただけませんか。	그날은 사정이 좋지 않으니 다른 날로 변경해 주실 수 있나요?		
JLPT-한끝-N4-374	伝える	つたえる	전하다	この（英語で）４語はたくさんの複雑な情報を伝えるばかりでなく、諺の持つ説得力もあるのである。	이 네 단어는 많은 복잡한 정보를 전달할 뿐만 아니라 속담들이 가진 설득력도 있는 것이다.	Those four words carried not only a lot of complex information, but also the persuasive force of a proverb.	
JLPT-한끝-N4-375	包む	つつむ	싸다, 포장하다	そのため、いつも清新な雰囲気に包まれますが、今回もその通りの充実した一日となりました。	그래서 항상 청신호에 휩싸이지만 이번에도 그런대로 알찬 하루가 되었습니다.	For that reason it's always held in a fresh atmosphere, and this time too it was a fulfilling day.	
JLPT-한끝-N4-376	強い	つよい	강하다	その工事は住民からの強い反対にもかかわらず、続けられた。	그 공사는 주민들의 강한 반대에도 불구하고 계속되었다.	They carried on with the construction in the face of strong opposition from the residents.	
JLPT-한끝-N4-377	ていねいだ	ていねいだ	정중하다	私の先生は患者の扱い方がとてもていねいだ。	나의 선생님은 환자를 대하는 방식이 너무 공손해.	My doctor has an excellent bedside manner.	
JLPT-한끝-N4-378	手紙	てがみ	편지	これらの手紙に関しては、燃やしてしまうのが一番いいと思う。	이 편지들에 관해서는 태워 버리는 것이 가장 좋다고 생각한다.	With respect to these letters, I think the best thing is to burn them.	
JLPT-한끝-N4-379	適当	てきとう	적당함	この重役のポストに適当な人物を見つけるには、人材斡旋業者に依頼する必要がある。	이 중역 자리에 마땅한 인물을 찾으려면 인력 알선업체에 의뢰해야 한다.	We'll need a head hunting agency to find the right man for this executive position.	
JLPT-한끝-N4-380	出口	でぐち	출구	分子Ｄの運動の観察に基づき、可能な出口が３つ存在するようシステムに変更を加える。	분자 D의 운동 관찰을 기반으로 가능한 출구가 3개 존재하도록 시스템에 변화를 가한다.	Based on my observation of the movement of particle D, I modify the system so that there exist three possible exits.	
JLPT-한끝-N4-381	出る	でる	나가다	君が働きに出ることには反対しないけれども、子供達の面倒はどうするつもりだい。	네가 일하러 나가는 것은 반대하지 않지만, 아이들을 돌보는 것은 어떻게 할 거야.	I don't object to your going out to work, but who will look after the children?	
JLPT-한끝-N4-382	店員	てんいん	점원	私は２５ドルの小切手を書き、それを店員に手渡した。	나는 25달러짜리 수표를 쓰고 그것을 점원에게 건넸다.	I made out a check for $25 and handed it to the salesperson.	
JLPT-한끝-N4-383	電話代	でんわだい	전화요금	今月の電話代見て、目が飛び出た。	이번 달 전화비 보고 눈이 튀어나왔어.	My eyes popped out when I looked at my phone bill this month.	
JLPT-한끝-N4-384	〜度	〜ど	~번	お願いだから、二度とこの件については言及しないで。	제발 다시는 이 건에 대해 언급하지 마.	Don't refer to this matter again, please.	
JLPT-한끝-N4-385	とうとう	とうとう	드디어	音は次第に弱くなり、そしてとうとう聞こえなくなった。	소리는 점점 약해지고 마침내 들리지 않게 되었다.	The sound became fainter and fainter, till at last it disappeared.	
JLPT-한끝-N4-386	動物	どうぶつ	동물	人間や動物の生活も、この大気という環境への対応の仕方によって左右される。	인간과 동물의 생활도 이 대기라는 환경에 대한 대응 방식에 따라 좌우된다.	Human and animal life are influenced by their reactions to the atmospheric environment.	
JLPT-한끝-N4-387	遠い	とおい	멀다	子供が親から遠く離れていたら、彼らの安全や幸福に関して親がしてやれることはない。	자녀가 부모로부터 멀리 떨어져 있다면 그들의 안전이나 행복에 관해 부모가 할 수 있는 일은 없다.	When they are far away, there is nothing we can do about their safety or welfare.	
JLPT-한끝-N4-388	遠く	とおく	멀리	子供が親から遠く離れていたら、彼らの安全や幸福に関して親がしてやれることはない。	자녀가 부모로부터 멀리 떨어져 있다면 그들의 안전이나 행복에 관해 부모가 할 수 있는 일은 없다.	When they are far away, there is nothing we can do about their safety or welfare.	
JLPT-한끝-N4-389	通り	とおり	길	それは定石通りというだけで、手を抜いたわけではないのです。	그건 정석대로라고만 할 뿐 손을 뺀 건 아니에요.	That's just standard practise, it's not like they're cutting corners.	
JLPT-한끝-N4-390	通る	とおる	지나가다	それからその路線の通る最良の道筋を決める必要がある。それは何よりもその路線が通る地形によって決まる。	그러고 나서 그 노선이 지나는 가장 좋은 길을 정할 필요가 있다. 그것은 무엇보다도 그 노선이 지나는 지형에 따라 결정된다.	It then became necessary to settle the best route for the line to follow; and that was determined, in the first place, by the shape of the land it had to cross.	
JLPT-한끝-N4-391	都会	とかい	도시	田舎から都会へこの移動はここ２百年以上も続いてきたことである。	시골에서 도시로 이 이동은 지난 2백 년 넘게 이어져 온 일이다.	This movement from rural to urban areas has been going on for over two hundred years.	
JLPT-한끝-N4-392	特に	とくに	특히	登山は困難と冒険と伴うが故に、特に青年にとって魅力がある。	등산은 어려움과 모험과 동반되기 때문에 특히 청년에게 매력이 있다.	Mountaineering is attractive especially to young people because it is accompanied with hardships and adventures.	
JLPT-한끝-N4-393	特別だ	とくべつだ	특별하다	彼女には男友達は多いが、この男は特別だ。	그녀에게는 남사친은 많지만 이 남자는 특별하다.	She has many boyfriends, but this one is special.	
JLPT-한끝-N4-394	時計	とけい	시계	正確な時間に関して、その部屋の時計をあてにしてはいけない。	정확한 시간에 관해 그 방의 시계를 대면 안 된다.	Do not rely on the room clock for the accurate time of day.	
JLPT-한끝-N4-395	図書館	としょかん	도서관	私はその図書館へいった。そして偶然、アンにあった。	나는 그 도서관에 갔다 그리고 우연히 앤을 만났다.	I went into the library; where I happened to meet Ann.	
JLPT-한끝-N4-396	閉じる	とじる	닫다	君は全部のドアを施錠するか、せめて閉じるべきだった。	너는 모든 문을 잠그거나 최소한 닫았어야 했어.	You should have locked, or at least closed, all the doors.	
JLPT-한끝-N4-397	途中	とちゅう	도중	いったん物事を始めた以上、途中で放棄してはいけない。	일단 일을 시작한 이상 도중에 포기해서는 안 된다.	Once you have begun to do something, never give it up.	
JLPT-한끝-N4-398	特急	とっきゅう	특급	時計がおくれていたので、私は特急にのりそこねた。	시계가 놓여 있어서 나는 특급에 빠졌다.	As my watch was slow, I missed the special express.	
JLPT-한끝-N4-399	止まる	とまる	멈추다	それはとてものろい列車だった。小さな駅ごとに止まるのだった。	그것은 아주 느린 열차였다. 작은 역마다 멈추는 것이었다.	It was a very slow train. It stopped at every little station.	
JLPT-한끝-N4-400	止める	とめる	멈추다, 세우다	日銀は円のこれ以上の下落を止めようと、１ドル１５０円程度で買い支えるために介入した。	일본은행은 엔화의 더 이상의 하락을 멈추려고 1달러 150엔 정도로 사들이는 데 개입했다.	In order to prevent a further drop of the Japanese currency, the Bank of Japan intervened in the market to support it at around 150 yen to the dollar.	
JLPT-한끝-N4-401	土曜日	どようび	토요일	私に関して言えば、土曜日が都合がよい。	나에 관해서 말하자면, 토요일이 편하다.	As for myself, Saturday will be convenient.	
JLPT-한끝-N4-402	鳥	とり	새	彼は森の中を歩いた。頭上では鳥が楽しくさえずっていた。	그는 숲속을 걸었다. 머리 위에서는 새들이 즐겁게 지저귀고 있었다.	He walked in the forest, with birds singing cheerfully above his head.	
JLPT-한끝-N4-403	とりかえる	とりかえる	바꾸다	すみませんが、このセーターを取り替えていただけませんか。	죄송하지만 이 스웨터를 바꿔주시겠습니까?	Excuse me, but may I exchange this sweater for another?	
JLPT-한끝-N4-404	どんどん	どんどん	점점, 계속	彼女は自分の家族問題についてどんどん話しつづけた。	그녀는 자신의 가족 문제에 대해 계속 이야기했다.	She talked on and on about her family problems.	
JLPT-한끝-N4-405	直す	なおす	고치다	風邪を治すのにひと月以上かかったが、もう大丈夫だ。	감기를 고치는데 한 달 넘게 걸렸는데 이제 괜찮아.	It took more than a month to get over my cold, but I'm OK mow.	
JLPT-한끝-N4-406	直る	なおる	(상태가) 낫다, 복구되다	私は小さい頃よくおねしょをしたものだったが、７歳までには直った。	나는 어렸을 때 자주 설거지를 했던 것이었는데 7살까지는 고쳤다.	I used to wet the bed when I was small, but I grew out of it by the time I was seven.	
JLPT-한끝-N4-407	夏	なつ	여름	私は夏が近づくにつれて、つい体を鍛えようとする。	나는 여름이 다가올수록 몸을 좀 더 단련하려고 해.	I end up unconsciously trying to get fit as summer draws near.	
JLPT-한끝-N4-408	習う	ならう	배우다	これは英語を習いたいと思う人にとってよい本である。	이것은 영어를 배우고 싶어 하는 사람들에게 좋은 책이다.	This is a good book for anyone wishing to learn English.	
JLPT-한끝-N4-409	なる	なる	울리다	薬によっては、役に立つどころか逆に害になるものもある。	약에 따라서는 도움이 되기는커녕 오히려 해가 되는 것도 있다.	Some medicines will do you more harm than good.	
JLPT-한끝-N4-410	なるべく	なるべく	가급적, 되도록	特別扱いしますが、なるべく短めにしてくださいね。	특별 취급하지만 되도록 짧게 해주세요.	I'll make this a special case, but try to keep it short.	
JLPT-한끝-N4-411	慣れる	なれる	익숙해지다	何かについて文句を言うことが、新しい環境に慣れる１つの方法である。	무언가에 대해 불평하는 것이 새로운 환경에 적응하는 한 방법이다.	Complaining about something is one way to adapt yourself to a new environment.	
JLPT-한끝-N4-412	何度も	なんども	몇 번이고	何度も失敗したけれども、彼は決してその計画をあきらめなかった。	여러 번 실패했지만 그는 결코 그 계획을 포기하지 않았다.	Having failed many times, he never gave up the plan.	
JLPT-한끝-N4-413	何枚	なんまい	몇 장	あなたは去年、クリスマスカードを何枚書きましたか。	당신은 작년에 크리스마스 카드를 몇 장 썼습니까?	How many Christmas cards did you write last year?	
JLPT-한끝-N4-414	にあう	にあう	어울리다	彼女はスタイルがいいから、何を着てもよく似合う。	그녀는 스타일이 좋아서 뭘 입어도 잘 어울려.	Because she has a good figure, whatever she wears suits her.	
JLPT-한끝-N4-415	におい	におい	냄새	ミツバチは、においのサンプルを巣に持ち帰ることによって食糧のありかを伝える。	꿀벌은 냄새의 샘플을 둥지로 가져감으로써 식량 여부를 전달한다.	Bees communicate the location of food by carrying odor samples back to the hive.	
JLPT-한끝-N4-416	にがい	にがい	쓰다	もしコーヒーが苦かったら、砂糖をふやしてください。	만약 커피가 쓴다면 설탕을 갈아주세요.	If your coffee is too strong, add some sugar.	
JLPT-한끝-N4-417	にげる	にげる	도망가다	奇跡でも起こらない限り、彼はそこから逃げられないんじゃないか。	기적이라도 일어나지 않는 한, 그는 거기서 도망칠 수 없지 않을까.	He won't be able to escape from there without a miracle, will he?	
JLPT-한끝-N4-418	二軒	にけん	두 채	二軒の白い家が道をはさんで向き合って立っている。	두 채의 하얀 집이 길을 사이에 두고 마주 서 있다.	Two white houses face each other and stand across the way.	
JLPT-한끝-N4-419	西	にし	서쪽	もし太陽が西から上がっても、私は計画をあきらめない。	만약 태양이 서쪽에서 올라도 나는 계획을 포기하지 않을 거야.	If the sun were to rise in the west, I would never give up the plan.	
JLPT-한끝-N4-420	二台	にだい	두 대	今日ではほとんどの家庭にテレビの一台や二台はある。	오늘날에는 대부분의 가정에 TV 한 대나 두 대는 있다.	Nowadays almost every home has one or two televisions.	
JLPT-한끝-N4-421	日記	にっき	일기	彼が毎日日記を付けているのに刺激されて、私も英語で日記を付けることにしました。	그가 매일 일기를 쓰는 데 자극받아 저도 영어로 일기를 쓰기로 했습니다.	He writes a daily journal, and that inspired me to try doing the same thing, but in English.	
JLPT-한끝-N4-422	荷物	にもつ	짐	あなたの荷物は、この次の便に乗っているようです。	당신의 짐은 이 다음 편에 타고 있는 것 같습니다.	It looks like your luggage is on the next flight.	
JLPT-한끝-N4-423	似る	にる	닮다	注目すべき重要な点は、両方の政党がこの問題に対しては似たような解決策を提示したことである。	주목할 만한 중요한 점은 두 정당이 이 문제에 대해서는 비슷한 해결책을 제시했다는 점이다.	The important point to note is both parties offered similar solutions to this problem.	
JLPT-한끝-N4-424	人気	にんき	인기	カセットテープは人気の点でＣＤにとって代わられたようだ。	카세트 테이프는 인기 면에서 CD로 대체된 것 같다.	Cassette tapes seem to have given way to compact disks in popularity.	
JLPT-한끝-N4-425	ぬぐ	ぬぐ	벗다	彼らはひと肌ぬごうともせず、ぼんやり立っていた。	그들은 한 땀 한 땀 하지 않고 멍하니 서 있었다.	They stood idle, instead of putting their shoulder to the wheel.	
JLPT-한끝-N4-426	熱	ねつ	열	カップの中のスープは、見たところとても熱そうだ。	컵 안의 수프는, 보니까 너무 뜨거워 보인다.	The soup in the cup looks very hot.	
JLPT-한끝-N4-427	熱心だ	ねっしんだ	열심이다	彼らはアウトドアスポーツに熱心だ。	그들은 아웃도어 스포츠에 열심이다.	They are keen on outdoor sports.	
JLPT-한끝-N4-428	寝坊	ねぼう	늦잠	寝坊は遅刻のいいわけにはならないと言うことを覚えておきなさい。	늦잠은 지각의 변명이 될 수 없다는 것을 명심하세요.	Remember that oversleeping is no excuse for being late.	
JLPT-한끝-N4-429	眠い	ねむい	졸리다	最近、いくら寝ても眠い。なんか、変な病気にでもかかったのかな。	요즘 아무리 자도 졸려 뭔가 이상한 병에 걸렸나.	Lately it seems that no matter how much I sleep, I stay tired. I wonder if I've come down with something strange.	
JLPT-한끝-N4-430	眠る	ねむる	잠자다	電話に出なかったので、彼は眠っていたに違いない。	전화를 받지 않았기 때문에 그는 잠든 것이 틀림없다.	He must have been sleeping because he didn't answer the telephone.	
JLPT-한끝-N4-431	ねる	ねる	자다	君のベッドのつくり方に応じて君は寝なければならない。	너의 침대를 만드는 방법에 따라 너는 자야 해.	As you make your bed, so you must lie in it.	
JLPT-한끝-N4-432	のど	のど	목, 목구멍	お腹が空いていたばかりでなく、私達は喉の渇きにも苦しんでいた。	배가 고팠을 뿐 아니라 우리는 갈증에도 시달리고 있었다.	Not only were we hungry, but we were also suffering from thirst.	
JLPT-한끝-N4-433	飲む	のむ	마시다	ジョンはこのところ酒を飲みすぎている。彼がこれ以上酒を飲むのをやめさせなければならない。	존은 요즘 술을 너무 많이 마셔. 그가 더 이상 술을 마시는 것을 그만두게 해야 해.	John drinks too much these days. We have to stop him from drinking any more.	
JLPT-한끝-N4-434	乗りかえる	のりかえる	갈아타다, 환승하다	これまでは民主党に投票したものだが、これからは共和党に乗りかえるつもりだ。	지금까지는 민주당에 투표했던 것이지만, 앞으로는 공화당을 다시 한번 뒤쫓을 생각이다.	In the past I used to vote for the Democratic ticket, but from now on I'll climb on the Republican bandwagon.	
JLPT-한끝-N4-435	乗れる	のれる	탈 수 있다	その電車に乗り遅れない限り、そこへ間に合って着くでしょう。	그 기차를 놓치지 않는 한, 거기에 늦지 않게 도착할 거예요.	You'll get there in time, so long as you don't miss the train.	
JLPT-한끝-N4-436	パートタイム	パートタイム	파트타임	私が明日最初にしたいことは、いいパートタイムの仕事を探すことです。	내가 내일 처음 하고 싶은 일은 좋은 파트타임 일자리를 찾는 것입니다.	The first thing I want to do tomorrow is to find a good part-time job.	
JLPT-한끝-N4-437	売店	ばいてん	매점	アイスクリーム売りが外の売店で客にアイスクリームを売っている。	아이스크림 판매가 바깥 매점에서 손님에게 아이스크림을 팔고 있다.	The ice cream vendor is waiting on customers at his outdoor stand.	
JLPT-한끝-N4-438	はきやすい	はきやすい	신기 편하다	この靴ははきやすいだけでなく、長時間歩いても疲れにくい。	이 신발은 신기 편할 뿐만 아니라 오래 걸어도 쉽게 피곤해지지 않는다.		
JLPT-한끝-N4-439	運ぶ	はこぶ	옮기다, 운반하다	しかしながら、食べ物を器から口まで運ぶ必要があり、その必要性に応えるために、はしが現れたのだった。	그렇지만 음식을 그릇에서 입까지 운반할 필요가 있었고, 그 필요성에 부응하기 위해 사레가 나타난 것이었다.	There was, however, a need for food to be carried from the bowl to the mouth, and chopsticks came along to meet that need.	
JLPT-한끝-N4-440	はさみ	はさみ	가위	ジェイはその古いはさみを拾い上げた。	제이는 그 오래된 가위를 집어 들었다.	Jay picked up the old scissors.	
JLPT-한끝-N4-441	始まる	はじまる	시작되다	言語がどのように始まったのかについてはいくつも推論はあるが、実はだれもあまり知らない。	언어가 어떻게 시작되었는지에 대해서는 여러 가지 추론이 있지만, 사실 아무도 잘 모른다.	There are many guesses about how language began, but the fact is that no one really knows.	
JLPT-한끝-N4-442	始める	はじめる	시작하다	また一方で、若者たちは仏教に触れる中で、仏教を心の支えに必要なものと考え始めているようだ。	또 한편으로 젊은이들은 불교를 접하면서 불교를 마음의 버팀목에 필요한 것으로 여기기 시작하는 듯하다.	On the other hand, there seem to be those among young folk who, while touching on Buddhism, have started to think of it as a vital spiritual support.	
JLPT-한끝-N4-443	場所	ばしょ	장소	しかしながら、利用する風の量は場所や季節によって異なる。	그렇지만 이용하는 바람의 양은 장소나 계절에 따라 다르다.	However, the amount of wind available varies with the location and the season of the year.	
JLPT-한끝-N4-444	走る	はしる	달리다	その車は五千ドルもしたが、それにもかかわらず、まともに走らなかった。	그 차는 오천 달러나 했지만 그럼에도 불구하고 제대로 달리지 않았다.	The car cost $5000 and did not run well at that.	
JLPT-한끝-N4-445	はずかしい	はずかしい	부끄럽다	彼は恥ずかしがりやで、話しかけない限り、話しません。彼には話しかける必要があります。	그는 부끄러움이 많아서 말을 걸지 않는 한 말을 하지 않습니다. 그에게는 말을 걸 필요가 있습니다.	He's shy, and never speaks unless spoken to. You have to talk to him.	
JLPT-한끝-N4-446	パソコン	パソコン	컴퓨터	先日、パソコンショップでＳＩＭＭの掴み取りをやっていた。いくらなんでもマニアックすぎる。	얼마 전 컴퓨터 가게에서 SIMM 잡아내기를 하고 있었어. 아무리 해도 너무 마니아 같아.	I grabbed as much SIMM as possible in the computer shop the other day. Say what you like, it was more than just enthusiasm.	
JLPT-한끝-N4-447	二十歳	はたち	스무 살	彼女は二十歳だといったが、それはうそだった。	그녀는 스무 살이라고 했지만, 그건 거짓말이었다.	She said she was twenty years old, which was not true.	
JLPT-한끝-N4-448	働く	はたらく	일하다	今月の終わりまでには、この町で働く人の数は１０００以上になっているだろう。	이달 말까지는 이 마을에서 일하는 사람의 수가 1000개 이상이 될 것이다.	The number of the people working in this city will be more than one thousand by the end of this month.	
JLPT-한끝-N4-449	発音	はつおん	발음	発音に関しては、彼は全生徒のうちで一番だった。	발음에 관해서는 그는 모든 학생 중에서 제일이었다.	With respect to pronunciation, he was the best of all the students.	
JLPT-한끝-N4-450	はっきり	はっきり	명확히, 분명히	文句があるならはっきり言えよ。君のその態度は面従腹背そのもののだよ。	불평이 있다면 분명히 말할게. 너의 그 태도는 추종자 그 자체야.	If you have a complaint let me hear it. There's a difference between superficial obedience and honest loyalty you know.	
JLPT-한끝-N4-451	花	はな	꽃	もっとも美しい花がもっとも香りがよいとは限らない。	가장 아름다운 꽃이 가장 향기가 좋은 것은 아니다.	The handsomest flower is not sweetest.	
JLPT-한끝-N4-452	話	はなし	이야기	我が党の党首は他の党首達と会見し、その問題について話をした。	우리당 당수는 다른 당수들과 회견을 하고 그 문제에 대해 이야기를 나눴다.	The leader of our party met with the other leaders and talked about the problem.	
JLPT-한끝-N4-453	母親	ははおや	어머니	この世にかわいい子はただ一人、母親にとってはそれはわが子。	이 세상에 귀여운 아이는 단 한 명, 엄마에게는 그것은 내 아이.	There's only one pretty child in the world, and every mother has it.	
JLPT-한끝-N4-454	早く	はやく	일찍, 빨리	あなたは可能な限り早く、あなたのお母さんに電話をするべきである。	당신은 가능한 한 빨리 당신의 어머니에게 전화를 해야 한다.	You should call your mother as soon as possible.	
JLPT-한끝-N4-455	林	はやし	숲	林さんには、言行を一致させる努力を求めたいと思います。	하야시 씨에게는 언행을 일치시키는 노력을 요구하고 싶습니다.	What I want from Mr Hayashi is the effort required for his actions to live up to his words.	
JLPT-한끝-N4-456	払う	はらう	지불하다	必要であれば、特別料金を払うことに対して、異議は申しません。	필요하다면 특별 요금을 내는 것에 대해 이의를 제기하지 않겠습니다.	I have no objection to paying a special fee if it is necessary.	
JLPT-한끝-N4-457	春	はる	봄	春のある晴れた一日、我々は遠足を十分に楽しんだ。	봄의 어느 화창한 날, 우리는 소풍을 충분히 즐겼다.	On a fine day in spring, we enjoyed a walking tour to the full.	
JLPT-한끝-N4-458	はる	はる	붙이다	さてここにはるちゃんという名の日本の女の子についての話があります。	그런데 여기에 하루키라는 이름의 일본 소녀에 대한 이야기가 있습니다.	Now here is a story about a Japanese girl named Haru-chan.	
JLPT-한끝-N4-459	バレーボール	バレーボール	배구	背が低いことはバレーボールの選手にとって不利である。	키가 작은 것은 배구 선수에게 불리하다.	Being short is a disadvantage to a volleyball player.	
JLPT-한끝-N4-460	番組	ばんぐみ	프로그램	二人はどのテレビ番組を見るかで一週間以上も仲たがいしているんです。	두 사람은 어느 TV 프로그램을 보느냐로 일주일 넘게 사이가 틀어져 있어요.	The couple has been falling out over what TV program to watch for over a week.	
JLPT-한끝-N4-461	反対	はんたい	반대	その件に関しては、わたしは彼の意見に反対せざるを得ない。	그 건에 관해서는 나는 그의 의견에 반대하지 않을 수 없다.	I cannot but object to his opinion as to the matter.	
JLPT-한끝-N4-462	冷える	ひえる	차가워지다, 식다	試合時には、お湯の入ったタンクの中に入れて冷えないようにして、売り子によって販売された。	경기 시에는 뜨거운 물이 담긴 탱크 안에 넣어 식지 않도록 하여 판매자에 의해 판매되었다.	At the games they were sold by men who kept them warm in hot-water tanks.	
JLPT-한끝-N4-463	光	ひかり	빛	これらの木が大きくなるにつれて、芝生に光があたらなくなる。	이 나무들이 커지면서 잔디밭에 빛이 닿지 않게 된다.	As these trees grow tall, they rob the grass of light.	
JLPT-한끝-N4-464	光る	ひかる	빛나다	夜空にきらきら光っている星は、宝石のように見えました。	밤하늘에 반짝이는 별은 보석처럼 보였습니다.	The stars twinkling in the night sky looked like jewels.	
JLPT-한끝-N4-465	引き出し	ひきだし	서랍	引き出しの鍵がいたずらされて、書類が一部紛失した。	서랍장 열쇠가 장난이 돼서 서류가 일부 분실됐다.	The lock on my drawer had been tampered with and some of my papers were missing.	
JLPT-한끝-N4-466	引く	ひく	당기다, 끌다	ある本が読者の興味を引かないからといって、その原因がその本にあるということにはならない。	어떤 책이 독자의 흥미를 끌지 않는다고 해서 그 원인이 그 책에 있다는 것은 아니다.	Because a certain book does not interest readers, it does not follow that the fault lies in the book.	
JLPT-한끝-N4-467	低い	ひくい	낮다	私の知る限りでは、彼はこの学校で最も背が低い学生だ。	내가 알기론 그는 이 학교에서 가장 키가 작은 학생이다.	As far as I know, he is the shortest student in this school.	
JLPT-한끝-N4-468	引っ越し	ひっこし	이사	ジェインが東京に引っ越して以来、連絡がないんだ。	제인이 도쿄로 이사한 이후로 연락이 없어.	I haven't heard from Jane since she moved to Tokyo.	
JLPT-한끝-N4-469	引っ越す	ひっこす	이사하다	私はその電話の届く範囲より遠くに引っ越すわけではない。	나는 그 전화가 오는 범위보다 멀리 이사하는 것은 아니야.	I'm not moving out of range of that telephone.	
JLPT-한끝-N4-470	必要だ	ひつようだ	필요하다	彼らは、日本の学校制度と教育環境を学ぶことが必要だと考えている。	이들은 일본의 학교 제도와 교육 환경을 배우는 것이 필요하다고 생각한다.	They think it is necessary to study the school system and educational environment of Japan.	
JLPT-한끝-N4-471	病院	びょういん	병원	新しい調査では、６５歳以上の病院患者の診察記録には誤りが多く、重大な診察ミスにつながりかねない、ということです。	새로운 조사에서는 65세 이상 병원 환자의 진찰기록에는 오류가 많아 중대한 진찰 실수로 이어질 수 있다는 것입니다.	A new study suggests that hospital records for patients older than 65 are often incorrect, which may lead to serious treatment errors.	
JLPT-한끝-N4-472	開く	ひらく	열리다	その戸はどうしても開かない、鍵が壊れているに違いない。	그 문은 아무래도 열리지 않는다, 열쇠가 깨져 있는 게 틀림없다.	The door will not open; lock must be out of order.	
JLPT-한끝-N4-473	昼	ひる	낮	警察が墜落事故の原因を昼夜休むことなく調査している。	경찰이 추락 사고의 원인을 밤낮으로 쉬지 않고 조사하고 있다.	The police are investigating the cause of the crash around the clock.	
JLPT-한끝-N4-474	ビル	ビル	빌딩	ビルは２０分も遅刻だ。どこかで道に迷ったに違いない。	빌딩은 20분이나 지각이야 어디선가 길을 잃은 게 틀림없어.	Bill is 20 minutes late. He must have gotten lost somewhere.	
JLPT-한끝-N4-475	昼ご飯	ひるごはん	점심밥	今は外出しないで。もうすぐ昼ご飯にするとこだから。	지금은 외출하지 마, 곧 점심을 먹을 거니까.	Don't go out now. We're about to have lunch.	
JLPT-한끝-N4-476	昼ごろ	ひるごろ	정오 무렵	彼女は昼ごろ現れた。	그녀는 낮에 나타났다.	She made her appearance around noon.	
JLPT-한끝-N4-477	昼休み	ひるやすみ	점심시간	昼休みだからといって、許可なく職場を離れてよいわけではない。	점심시간이라고 해서 허락 없이 직장을 떠나도 되는 것은 아니다.		
JLPT-한끝-N4-478	広い	ひろい	넓다	川幅が広くなるにつれて、水流はいっそう緩やかになった。	강폭이 넓어지면서 물줄기는 한결 완만해졌다.	As the river become broader, the current moved slowly.	
JLPT-한끝-N4-479	ひろう	ひろう	줍다	川幅が広くなるにつれて、水流はいっそう緩やかになった。	강폭이 넓어지면서 물줄기는 한결 완만해졌다.	As the river become broader, the current moved slowly.	
JLPT-한끝-N4-480	広場	ひろば	광장	地元の人だけでなく、観光客もその広場に買い物に訪れる。	현지인뿐만 아니라 관광객들도 그 광장에 쇼핑을 하러 온다.	The tourists as well as local people come to the square for shopping.	
JLPT-한끝-N4-481	ふかい	ふかい	깊다	おそらく、書物がわれわれの人生に対して深い影響を及ぼすのは子供時代だけであろう。	아마도 책들이 우리 삶에 깊은 영향을 미치는 것은 어린 시절뿐일 것이다.	Perhaps it is only in childhood that books have any deep influence on our lives.	
JLPT-한끝-N4-482	服	ふく	옷	私は服についてはたいていそのデパートで買います。	저는 옷에 대해서는 대개 그 백화점에서 삽니다.	I usually buy my clothes at the department store.	
JLPT-한끝-N4-483	太い	ふとい	굵다	俺、指が太いから、小さなキーボードじゃだめなんだよ。	나 손가락이 굵어서 작은 키보드로는 안돼.	I have chubby fingers, so I can't use a small keyboard.	
JLPT-한끝-N4-484	ふとる	ふとる	살찌다	もうこれ以上太らないように、彼女はケーキを食べない。	더 이상 살찌지 않도록 그녀는 케이크를 먹지 않는다.	She does not eat cakes, so as not to put on any more weight.	
JLPT-한끝-N4-485	不便だ	ふべんだ	불편하다	その電車は不便だし快適でもない。その上、時間どおりに走ることが決してない。	그 기차는 불편하고 쾌적하지도 않으며 게다가 제시간에 달리는 일이 결코 없다.	The trains are inconvenient and uncomfortable; in addition, they never run on time.	
JLPT-한끝-N4-486	ふまれる	ふまれる	밟히다	重要な資料が人にふまれることのないよう、床に置かないでください。	중요한 자료가 사람에게 밟히지 않도록 바닥에 두지 마세요.		
JLPT-한끝-N4-487	冬	ふゆ	겨울	たいていの人は夏が好きだが、私に関する限り冬の方がずっと好きだ。	대부분의 사람들은 여름을 좋아하지만, 나에 관한 한 겨울을 훨씬 더 좋아한다.	Most people like summer, but as for me, I like winter much better.	
JLPT-한끝-N4-488	古い	ふるい	오래되다, 낡다	少年達はウッドさんについて、農家の近くにある古い木造の建物へ歩いて行きました。	소년들은 우드 씨를 따라 농가 근처에 있는 오래된 목조 건물로 걸어갔습니다.	They walked with him to an old wooden building near the farmhouse.	
JLPT-한끝-N4-489	プレゼント	プレゼント	선물	しかし、彼女がすぐにプレゼントを捨ててしまって、彼は傷つきました。	하지만 그녀가 바로 선물을 버려서 그는 상처를 받았어요.	However, he was hurt when she quickly disposed of the present.	
JLPT-한끝-N4-490	文	ぶん	문장	英語の文構造は大抵、主語、動詞、目的語／補語だ。	영어의 문 구조는 대개 주어, 동사, 목적어/보어이다.	In English, a sentence structure is usually Subject Verb Object/Complement.	
JLPT-한끝-N4-491	文学	ぶんがく	문학	講演者はアメリカ文学一般について、そしてとりわけ、フォークナーについて話をした。	강연자는 미국 문학 일반에 대해, 그리고 특히 포크너에 대해 이야기를 했다.	The lecturer spoke generally about American literature and specifically about Faulkner.	
JLPT-한끝-N4-492	部屋	へや	방	医者が部屋に入ってきて、彼女の症状について訊ねた。	의사가 방에 들어와 그녀의 증상에 대해 물었다.	The doctor came into the examination room and asked about her problem.	
JLPT-한끝-N4-493	勉強	べんきょう	공부	うまく、あの学校に入れたものの全部が全部、詰め込み勉強だけで入れたわけではなかったろう。	잘도, 그 학교에 넣었던 모든 것이 다 주입식 공부만으로 넣은 것은 아니었을 것이다.	All those who made the grade in entering that school could not have done so only by cramming.	
JLPT-한끝-N4-494	返事	へんじ	대답, 답장	私が驚いたことには、彼女はきっぱりと否定の返事をした。	내가 놀랐던 일에는 그녀는 단호하게 부정 대답을 했다.	To my surprise, her reply was flatly negative.	
JLPT-한끝-N4-495	便利だ	べんりだ	편리하다	デスクトップにショートカットを作成しておいたほうが、いろいろ便利だと思います。	데스크탑에 바로가기를 만들어 두는 편이 여러모로 편리할 것 같습니다.	I think you will find it convenient to put a short-cut on the desktop.	
JLPT-한끝-N4-496	貿易	ぼうえき	무역	昨年は輸出が好調の反面、輸入が落ち着いていたので貿易収支は改善した。	지난해에는 수출이 호조를 보인 반면 수입이 진정돼 무역수지는 개선됐다.	The nation's trade balance improved last year as exports were strong, while imports remained steady.	
JLPT-한끝-N4-497	放送	ほうそう	방송	全ての放送の内容も方法も、実際に決定するのは聴取者である。	모든 방송의 내용도 방법도 실제로 결정하는 것은 청취자이다.	It is the audience which really determines both the matter and manner of every broadcast.	
JLPT-한끝-N4-498	ホテル	ホテル	호텔	ホテルの名前は何でしたっけ。思い出せないんです。	호텔 이름이 뭐였죠 기억이 안나네요.	What was the name of the hotel? I can't recall it.	
JLPT-한끝-N4-499	本屋	ほんや	서점	本屋で英語関係の本を見つけると、次々に買ってしまって、読まずにいるので、たまる一方です。	서점에서 영어 관련 책을 찾으면 줄줄이 사서 읽지 않고 있기 때문에 참을 수밖에 없습니다.	I always buy the English-language books I come across at bookstores. But since I never read them, all they do is pile up.	
JLPT-한끝-N4-500	翻訳	ほんやく	번역	私の知る限りでは、これが手に入る唯一の翻訳書だ。	내가 알기론 이게 구할 수 있는 유일한 번역서야.	To the best of my knowledge, this is the only translation available.	
JLPT-한끝-N4-501	毎朝	まいあさ	매일 아침	彼はリハビリの後、毎朝散歩するようになりました。	그는 재활 치료 후 매일 아침 산책하게 되었습니다.	He came to take a walk every morning after rehabilitation.	
JLPT-한끝-N4-502	負ける	まける	지다	民主党はまだ候補者を決めていない、しかしどっちにしても負けるに決まっている。	민주당은 아직 후보자를 정하지 않았다, 그러나 어느 쪽이든 지는 것으로 정해져 있다.	The Democrats haven't decided on their candidates yet, but in any case they're sure to lose.	
JLPT-한끝-N4-503	まじめだ	まじめだ	성실하다, 착실하다	彼はまじめだと評価されているものの、柔軟性に欠ける面もある。	그는 성실하다고 평가받지만 유연성이 부족한 면도 있다.		
JLPT-한끝-N4-504	または	または	또는	ビュッフェ、またはカフェテリアは９号車にあります。	뷔페 또는 카페테리아는 9호차에 있습니다.	The buffet or the cafeteria is in Car 9.	
JLPT-한끝-N4-505	町	まち	마을, 시내	私が知る限り、彼は町で最もすぐれた医者の一人だ。	내가 아는 한, 그는 마을에서 가장 뛰어난 의사 중 한 명이다.	As far as I know, he is one of the best doctors in town.	
JLPT-한끝-N4-506	待つ	まつ	기다리다	まだテスト結果については何も報告がないので、みんな待っているところです。	아직 테스트 결과에 대해서는 아무런 보고가 없어서 다들 기다리는 중이에요.	We're all waiting because there's no news about the test results as yet.	
JLPT-한끝-N4-507	まっすぐ	まっすぐ	똑바로, 곧장	彼は背が高すぎて、この部屋ではまっすぐに立てない。	그는 키가 너무 커서 이 방에서는 똑바로 서지 않는다.	He is too tall to stand straight in this room.	
JLPT-한끝-N4-508	間に合う	まにあう	시간에 맞추다	ひどい渋滞にもかかわらず、私は定刻に間に合った。	심한 정체에도 불구하고 나는 제시간에 맞출 수 있었다.	In spite of the terrible congestion, I was in time for the appointed time.	
JLPT-한끝-N4-509	短い	みじかい	짧다	３人の生徒が短いスピーチを言い、自己紹介をしたり自分の国について話した。	세 명의 학생이 짧은 연설을 하고 자기소개를 하거나 자기 나라에 대해 이야기했다.	Three students made short speeches and introduced themselves and their countries.	
JLPT-한끝-N4-510	店	みせ	가게	店によって値段が変わるので、買い物は上手になさい。	가게에 따라 가격이 달라지니까 쇼핑 잘해라.	Prices vary with each store, so do your shopping wisely.	
JLPT-한끝-N4-511	見つかる	みつかる	발견되다	どこへ行こうとも、彼の悪行の例が見つかるでしょう。	어디로 가든, 그의 악행의 예를 찾을 수 있을 거예요.	Wherever you may go, you may find examples of his evil doings.	
JLPT-한끝-N4-512	港	みなと	항구	船は港を出港して、二度と姿を見られることはなかった。	배는 항구를 출항하여 두 번 다시 모습을 볼 수 없었다.	The ships left the port never to be seen again.	
JLPT-한끝-N4-513	迎える	むかえる	맞이하다	人生の危機を無事、通り抜けてはじめて、平穏な時期を迎えることができる。	인생의 위기를 무사히 지나가야만 평온한 시기를 맞을 수 있다.	We cannot expect to have halcyon days until we get safely through the crucial period in life.	
JLPT-한끝-N4-514	村	むら	마을	聞くところによると、彼は村ではひとかどの人物だそうだ。	듣기로는 그는 마을에서는 일급의 인물이라고 한다.	I hear he is somebody in his village.	
JLPT-한끝-N4-515	目	め	눈	眼窩とは、目をいれている骨のいれもののことです。	안와는 눈을 넣고 있는 뼈의 뼈 있는 것을 말합니다.	The eye socket is the bone receptacle in which the eye fits.	
JLPT-한끝-N4-516	メートル	メートル	미터	その山は海抜３、０００メートル以上にある。	그 산은 해발 3,000미터 이상에 있다.	The mountain more than 3,000 meters above sea level.	
JLPT-한끝-N4-517	珍しい	めずらしい	드물다, 희귀하다	それまで外国にいったことがなかったから、全てが私にとっては珍しかった。	그때까지 외국에 가본 적이 없었기 때문에 모든 것이 나에게는 드물었다.	I had never been abroad, so everything seemed strange to me.	
JLPT-한끝-N4-518	持つ	もつ	들다, 지니다	この（英語で）４語はたくさんの複雑な情報を伝えるばかりでなく、諺の持つ説得力もあるのである。	이 네 단어는 많은 복잡한 정보를 전달할 뿐만 아니라 속담들이 가진 설득력도 있는 것이다.	Those four words carried not only a lot of complex information, but also the persuasive force of a proverb.	
JLPT-한끝-N4-519	持てる	もてる	들 수 있다	他の文化について十分な知識を持っていなければ、色々な問題が容易に起こりうる。	다른 문화에 대해 충분한 지식을 가지고 있지 않으면 여러 가지 문제가 쉽게 일어날 수 있다.	If we do not have an essential knowledge of their cultures, various problems will occur too easily.	
JLPT-한끝-N4-520	もらう	もらう	받다	これは、お前の体躯、護衛能力を考慮した上でのプランなのだ。是が非でもやってもらう。	이것은 너의 체구, 호위 능력을 고려한 플랜인거야. 시비가 걸리더라도 해라.	This is a plan that takes into account your stature and your ability to guard.  By all means do it for me.	
JLPT-한끝-N4-521	森	もり	숲	彼は森の中を歩いた。頭上では鳥が楽しくさえずっていた。	그는 숲속을 걸었다. 머리 위에서는 새들이 즐겁게 지저귀고 있었다.	He walked in the forest, with birds singing cheerfully above his head.	
JLPT-한끝-N4-522	門	もん	문	門は大きくあいていたか、それともほんの少しあいていたか。	문은 크게 뚫려 있었는지, 아니면 아주 조금 뚫려 있었는지.	Was the gate wide open or just ajar?	
JLPT-한끝-N4-523	問題	もんだい	문제	日本の経済問題について何か情報を得るには、この本がおおいに役にたつでしょう。	일본의 경제 문제에 대해 뭔가 정보를 얻는 데는 이 책이 큰 도움이 될 것입니다.	In order to get some information about Japanese economic problems, you'll find this book very useful.	
JLPT-한끝-N4-524	役	やく	역할, 구실	薬によっては、役に立つどころか逆に害になるものもある。	약에 따라서는 도움이 되기는커녕 오히려 해가 되는 것도 있다.	Some medicines will do you more harm than good.	
JLPT-한끝-N4-525	約束	やくそく	약속	誤解しないように、約束をしようというわけではないから。	오해하지 않게 약속을 하자는 건 아니니까.	Don't misunderstand me; we are not making any promises.	
JLPT-한끝-N4-526	役に立つ	やくにたつ	도움이 되다	薬によっては、役に立つどころか逆に害になるものもある。	약에 따라서는 도움이 되기는커녕 오히려 해가 되는 것도 있다.	Some medicines will do you more harm than good.	
JLPT-한끝-N4-527	野菜	やさい	채소	厳密に言えば、トマトは野菜ではない。果物である。	엄밀히 말하면 토마토는 채소가 아니다. 과일이다.	Strictly speaking, the tomato is not a vegetable. It's a fruit.	
JLPT-한끝-N4-528	安い	やすい	싸다, 저렴하다	ビールは麦芽の含有量によって課税されるから、発泡酒の方が安いんだよ。	맥주는 맥아 함량에 따라 세금이 붙으니까 발포주가 더 싸더라고.	Beer is taxed according to its malt content, so low-malt beer is cheaper.	
JLPT-한끝-N4-529	やっと	やっと	겨우	最近主婦業がやっと板についてきたって感じなのよねえ。	요즘 주부가 드디어 판을 따라잡았다는 느낌이야.	I feel like I'm just getting comfortable with my homemaking chores.	
JLPT-한끝-N4-530	やっぱり	やっぱり	역시	考えたんだけど、やっぱりこういうのはよくないから、今日を限りに別れよう。	생각했는데 역시 이런건 안좋으니까 오늘을 기점으로 헤어지자.	I've thought about it, and what we're doing is just not right, so let's break up after today.	
JLPT-한끝-N4-531	山道	やまみち	산길	山道で迷って、ヘロヘロに疲れて家にたどり着いた。	산길을 헤매다가 헤매느라 지쳐 집에 다다랐다.	I arrived home, thoroughly worn out, after getting lost in the mountain paths.	
JLPT-한끝-N4-532	やむ	やむ	그치다, 멎다	やむを得ず訪問するのはいやだったが、やはりしないわけには行かなかった。	어쩔 수 없이 방문하는 것은 싫었지만 역시 안 할 수 없었다.	I disliked the idea of the necessary call, but it was to be done.	
JLPT-한끝-N4-533	やめる	やめる	그만두다	もうやめろよ。これ以上傷口に塩を塗るようなことは彼に可哀想だ。	그만해, 더 이상 상처 부위에 소금을 바르는 것 같은 일은 그에게 불쌍하다.	Cut that out. You're just rubbing salt in the poor guy's wounds.	
JLPT-한끝-N4-534	やわらかい	やわらかい	부드럽다	祖母はやわらかい物しか食べられない。	할머니는 부드러운 것밖에 못 드셔.	My grandmother can only eat soft food.	
JLPT-한끝-N4-535	夕方	ゆうがた	저녁때	夕方に適度な運動をすると、睡眠を誘うのに役立つ。	저녁에 적당한 운동을 하면 수면을 유도하는 데 도움이 된다.	Moderate exercise in the evening helps induce sleep.	
JLPT-한끝-N4-536	夕飯	ゆうはん	저녁밥	ごめん！今日夕飯準備してないんだ。疲れて、それどころじゃなかったの。	미안해! 오늘 저녁 준비 안 했어. 피곤해서 그건 아니였어.	Sorry I haven't fixed dinner tonight. I was so tired there was just no way.	
JLPT-한끝-N4-537	有名だ	ゆうめいだ	유명하다	ギルモアさんは非常に有名だから、紹介する必要がありません。	길모어 씨는 매우 유명하기 때문에 소개할 필요가 없습니다.	Mr Gilmore is so well-known as to need no introduction.	
JLPT-한끝-N4-538	雪	ゆき	눈	激しい雪にもかかわらず、彼女はわざわざ駅まで来た。	심한 눈에도 불구하고 그녀는 일부러 역까지 왔다.	In spite of the heavy snow, she came all the way to the station.	
JLPT-한끝-N4-539	輸出	ゆしゅつ	수출	その島の輸出品の８２％ーこれは５分の４以上になるがーは、農産物である。	그 섬 수출품의 82% - 이것은 5분의 4 이상이 되는데 -는 농산물이다.	82% - more than four-fifths - of the island's exports is agricultural produce.	
JLPT-한끝-N4-540	ゆっくり	ゆっくり	천천히	必要以上にゆっくりしないで早く帰ってらっしゃい。	필요 이상으로 천천히 하지 말고 빨리 돌아와.	Don't be longer than you can help.	
JLPT-한끝-N4-541	夢	ゆめ	꿈	すべての人が若い頃の夢を実現出来るわけではない。	모든 사람이 젊었을 때의 꿈을 실현할 수 있는 것은 아니다.	Not everyone can realize the dreams of his youth.	
JLPT-한끝-N4-542	ゆれる	ゆれる	흔들리다	家が揺れるのを感じて、私は走って外へ飛び出した。	집이 흔들리는 것을 느끼고, 나는 뛰어서 밖으로 뛰쳐나갔다.	Feeling the house shake, I ran outside.	
JLPT-한끝-N4-543	用意	ようい	준비	ごく常識的には、客２人に対して牛肉１ポンドを用意すべきだろうね。	지극히 상식적으로는 손님 두 명에 대해 소고기 1파운드를 준비해야 할 것이다.	As a rule of thumb, you should plan on one pound of beef for every two guests.	
JLPT-한끝-N4-544	用事	ようじ	용무, 볼일	当地へは用事で来ていますか、それとも遊びですか。	이 지역은 볼일로 오셨나요, 아니면 놀거리인가요?	Are you here on business or for pleasure?	
JLPT-한끝-N4-545	洋服	ようふく	양복, 옷	たとえ、あまり洋服をもっていなくても、アレンジ次第でおしゃれは楽しめると声を大にして言いたい。	비록 옷은 별로 없지만 어레인지 하는 대로 멋은 즐길 수 있다고 목소리를 크게 내고 싶다.	I want to get the word out - even if you don't have a lot of clothes you can enjoy dressing more fashionably by mixing and matching.	
JLPT-한끝-N4-546	よく	よく	자주, 곧잘	第一には、ものの見方を正しくしてその原因と結果とをよくわきまえる。	첫째, 사물의 견해를 바르게 하고 그 원인과 결과를 잘 헤아린다.	First, they should have right ideas of things, ideas that are based on careful observation, and understand causes of effects and their significance correctly.	
JLPT-한끝-N4-547	予習	よしゅう	예습	トムは明日の授業の予習をしているらしい。	톰은 내일 수업 예습을 하고 있는 것 같다.	Tom seems to be preparing tomorrow's lessons.	
JLPT-한끝-N4-548	予定	よてい	예정	予定変更のお知らせをしない限り、日曜日にお伺いします。	예정 변경 공지를 하지 않는 한 일요일에 방문하겠습니다.	I will visit you on Sunday, if I do no write to you to the contrary.	
JLPT-한끝-N4-549	予約	よやく	예약	もし予約があれば、いつでもチェックインできます。	만약 예약이 있다면 언제든지 체크인 가능합니다.	Provided you have a reservation, you can check in anytime.	
JLPT-한끝-N4-550	夜	よる	밤	警察が墜落事故の原因を昼夜休むことなく調査している。	경찰이 추락 사고의 원인을 밤낮으로 쉬지 않고 조사하고 있다.	The police are investigating the cause of the crash around the clock.	
JLPT-한끝-N4-551	寄る	よる	들르다	ある調査によると、今日では５人中３人が外交問題には無関心のようだ。	한 조사에 따르면 오늘날에는 5명 중 3명이 외교 문제에 무관심한 듯하다.	According to a survey, three in five people today are indifferent to foreign affairs.	
JLPT-한끝-N4-552	喜ぶ	よろこぶ	기뻐하다	彼が大変喜んだことには、彼チームが試合に勝った。	그가 매우 기뻐한 것은 그의 팀이 경기에서 이겼기 때문이다.	To his great joy, his team won the game.	
JLPT-한끝-N4-553	弱い	よわい	약하다	体が弱くなって行くにつれて、禎子はますます死について考えるようになった。	몸이 약해져감에 따라 정자는 점점 죽음에 대해 생각하게 되었다.	As Sadako grew weaker, she thought more about death.	
JLPT-한끝-N4-554	来週	らいしゅう	다음 주	この本は１、０００ページ以上の大冊ですが、来週の今日までには読み終わります。	이 책은 1,000쪽 이상의 대장인데, 다음 주 오늘까지는 다 읽을 수 있습니다.	Though this is a bulky book with over 1000 pages, I will have read it all by this time next week.	
JLPT-한끝-N4-555	理由	りゆう	이유	彼らは彼を疑っていたが、理由が無いわけではなかった。	그들은 그를 의심했지만 이유가 없는 것은 아니었다.	They were suspicious of him, and not without reason.	
JLPT-한끝-N4-556	利用	りよう	이용	しかしながら、利用する風の量は場所や季節によって異なる。	그렇지만 이용하는 바람의 양은 장소나 계절에 따라 다르다.	However, the amount of wind available varies with the location and the season of the year.	
JLPT-한끝-N4-557	料理	りょうり	요리	じゃがいもが女たちによって、台所で料理されていた。	감자가 여자들에 의해 부엌에서 요리되고 있었다.	Potatoes were being cooked in the kitchen by the girls.	
JLPT-한끝-N4-558	旅館	りょかん	여관	この旅館は露天風呂がすばらしいのよ。	이 여관은 노천탕이 훌륭해.	The outdoor spa at this hot-spring is wonderful.	
JLPT-한끝-N4-559	旅行	りょこう	여행	私たちはコーヒーを飲みながら、イタリア旅行の計画について話し合った。	우리는 커피를 마시면서 이탈리아 여행 계획에 대해 논의했다.	We discussed our plans for a trip to Italy over coffee.	
JLPT-한끝-N4-560	ルール	ルール	규칙, 룰	これは、彼らの態度が大人の作ったルールに逆らっているように見えるからである。	이는 그들의 태도가 어른들이 만든 규칙을 거스르는 것처럼 보이기 때문이다.	That is to say, their behavior seems to be against the rules made by adults.	
JLPT-한끝-N4-561	留守	るす	부재중, 집을 비움	私たちが留守の間、赤ちゃんを見てくれる人が必要である。	우리가 없는 동안 아기를 봐줄 사람이 필요하다.	We need someone to keep an eye on our baby while we are away.	
JLPT-한끝-N4-562	冷房	れいぼう	냉방	ちなみに、この部屋には冷房設備なんて物は何も無い。あるのはうちわだけ。	참고로 이 방에는 냉방 설비 따윈 아무것도 없어, 있는 건 부채뿐이야.	Incidentally this room doesn't have anything like an air-conditioner.  All it has is a fan.	
JLPT-한끝-N4-563	レジ	レジ	계산대, 레지	空腹のためにその少年はやむなくレジからお金を盗んだ。	배고픔 때문에 그 소년은 마지못해 계산대에서 돈을 훔쳤다.	Hunger compelled the boy to steal money from the cash register.	
JLPT-한끝-N4-564	レポート	レポート	리포트	彼らはめいめい、自分の見たもののついてレポートを書かねばならない。	그들은 정신없이 자신이 본 것에 대해 보고서를 써야 한다.	Each of them has to write a report about what he saw.	
JLPT-한끝-N4-565	練習	れんしゅう	연습	彼女は屋上でよくヴァイオリンの練習をしていたものだ。	그녀는 옥상에서 자주 바이올린 연습을 하고 있었던 것이다.	She would often practice the violin on the roof.	
JLPT-한끝-N4-566	連絡	れんらく	연락	私どもの見積書に対してご質問がありましたら、至急ご連絡ください。	저희 견적서에 대해 궁금한 점이 있으시면 바로 연락주세요.	If our quote is inconvenient for you, please let us know.	
JLPT-한끝-N4-567	わかす	わかす	끓이다	相手チームがあまり闘志をわかしていなかったので、我々は楽勝した。	상대팀이 그다지 투지를 잃지 않았기 때문에 우리는 승승장구했다.	The opposing team did not put up much of a fight, so we won hands down.	
JLPT-한끝-N4-568	別れる	わかれる	헤어지다	考えたんだけど、やっぱりこういうのはよくないから、今日を限りに別れよう。	생각했는데 역시 이런건 안좋으니까 오늘을 기점으로 헤어지자.	I've thought about it, and what we're doing is just not right, so let's break up after today.	
JLPT-한끝-N4-569	わく	わく	끓다	いやいや、結構結構。下の名前で呼び合うのは親近感がわいてよろしいことだ。	아니야 많이 괜찮아.이름으로 부르는 건 친근감이 들어서 좋을 거야.	Not at all, that's perfectly fine.  Calling each other by one's Christian name is a good thing, it produces a feeling of fellowship.	
JLPT-한끝-N4-570	忘れる	わすれる	잊다, 두고 오다	私は生きている限り、あなたのご親切は忘れません。	저는 살아있는 한 당신의 친절은 잊지 않겠습니다.	I'll never forget your kindness as long as I live.	
JLPT-한끝-N4-571	私	わたくし	저	私はある程度彼と同じ意見だが、まったく同じというわけではない。	나는 어느 정도 그와 같은 의견이지만 완전히 똑같은 것은 아니다.	I agree with him to a certain extent, but not entirely.	
JLPT-한끝-N4-572	悪い	わるい	나쁘다	私の意見では、アルコールは必ずしも健康に悪いわけではない。	내 생각에 알코올은 반드시 건강에 나쁜 것은 아니다.	In my opinion, alcohol is not necessarily bad for your health.	
JLPT-한끝-N4-573	割れる	われる	깨지다	頭が割れるように痛かったので、私はいつもより早く寝た。	머리가 깨질 듯이 아팠기 때문에 나는 평소보다 일찍 잤다.	Having a cracking headache, I went to bed earlier than usual.	
JLPT-한끝-N5-001	会う	あう	만나다	あの政治家に会うつもりなら、袖の下を使わない限り駄目だね。	저 정치인을 만날 생각이라면 소매치기를 하지 않는 한 안 되겠네.	That politician won't meet you unless you grease his palm.	
JLPT-한끝-N5-002	青い	あおい	파랗다	青い色は喜びの源として神によって永久に定められている。	푸른 색은 기쁨의 원천으로 신에 의해 영구히 정해져 있다.	God appointed blue to be an everlasting source of delight.	
JLPT-한끝-N5-003	赤い	あかい	빨갛다	たくさんの赤い小鳥が、いつも楽しげに木々でさえずる。	많은 붉은 작은 새들이 항상 즐겁게 나무들에서 지저귄다.	Many little red birds always sing merrily in the trees.	
JLPT-한끝-N5-004	明るい	あかるい	밝다	祖父は京都に５０年以上も住んでいるので、京都の地理に明るい。	할아버지는 교토에 50년 이상 살고 있어서 교토의 지리에 밝다.	My grandfather has lived in Kyoto for over 50 years, so he knows his way about.	
JLPT-한끝-N5-005	上げる	あげる	들다, 올리다	試験の結果については、後で知らせてあげると彼は言った。	시험 결과에 대해서는 나중에 알려주겠다고 그는 말했다.	He said that he would let us know later about the results of the examination.	
JLPT-한끝-N5-006	あげる	あげる	주다	試験の結果については、後で知らせてあげると彼は言った。	시험 결과에 대해서는 나중에 알려주겠다고 그는 말했다.	He said that he would let us know later about the results of the examination.	
JLPT-한끝-N5-007	朝	あさ	아침	朝早く家を出れば、暗くならないうちに目的地に着けるだろう。	아침 일찍 집을 나서면 어두워지지 않을 때 목적지에 도착할 것이다.	Leave home early in the morning, and you will get to your destination before dark.	
JLPT-한끝-N5-008	足	あし	발, 다리	そのクラスの個々のメンバーは数学のあまり得意でない生徒によって足を引っ張られたくないと思っているのです。	그 반의 개별 구성원들은 수학을 잘 못 하는 학생들에 의해 발목이 잡혀있지 않다고 생각하고 있는 것입니다.	The individual members of the class do not want to be held back by others not so good at math.	
JLPT-한끝-N5-009	あした	あした	내일	天気予報によると、明日は快晴になるということだ。	일기예보에 따르면 내일은 쾌청해진다고 한다.	According to the weather forecast, it will clear up tomorrow.	
JLPT-한끝-N5-010	あそぶ	あそぶ	놀다	児童心理学者の中には、親はもっと子供と遊んでやり、考えさせる問題を与えてやるべきだ、と考える人が多い。	아동 심리학자 중에는 부모가 더 아이와 놀아주고 생각하게 하는 문제를 줘야 한다고 생각하는 사람이 많다.	Many child psychologists think that parents should play with their children more often and give them problems to think about.	
JLPT-한끝-N5-011	あたたかい	あたたかい	따뜻하다	むろん信用していいとも。君にヨタ情報を教えたことが一度でもあったかい。	물론 믿어도 된다고. 너에게 요타 정보를 알려준 적이 한 번이라도 고마워.	Of course you can trust me; have I ever given you a bum steer before	
JLPT-한끝-N5-012	新しい	あたらしい	새롭다	何かについて文句を言うことが、新しい環境に慣れる１つの方法である。	무언가에 대해 불평하는 것이 새로운 환경에 적응하는 한 방법이다.	Complaining about something is one way to adapt yourself to a new environment.	
JLPT-한끝-N5-013	後で	あとで	나중에	試験の結果については、後で知らせてあげると彼は言った。	시험 결과에 대해서는 나중에 알려주겠다고 그는 말했다.	He said that he would let us know later about the results of the examination.	
JLPT-한끝-N5-014	兄	あに	형, 오빠	兄は私より２つ年上ですが、身長は３センチも低いのです。	형은 저보다 두 살 위인데 키는 3센티미터나 작아요.	My brother is two years older than I, but he is three centimeters shorter.	
JLPT-한끝-N5-015	アパート	アパート	아파트	私の新しいアパートはたいへん気に入っています。というのは駅にとっても近いからです。	저의 새 아파트는 매우 마음에 듭니다.라는 것은 역에도 가깝기 때문입니다.	I love my new apartment because it's very close to the station.	
JLPT-한끝-N5-016	あびる	あびる	(샤워를) 하다	洗えば、車は太陽の光をあびて輝くだろう。	세차하면 자동차는 햇빛을 받아 빛날 것이다.	If you wash it, your car will shine in the sun.	
JLPT-한끝-N5-017	あぶない	あぶない	위험하다	昨日は彼の容体はたいへん危なかったが、今日はだいぶんよい。	어제는 그의 병세가 몹시 위태로웠지만, 오늘은 꽤 좋다.	Yesterday he was seriously ill, but today he is much better.	
JLPT-한끝-N5-018	あまい	あまい	달다	減量する良い方法は甘い物を食べることをやめることだ、とよく言われている。	감량하는 좋은 방법은 단 음식을 먹는 것을 그만두는 것이라고 흔히들 말한다.	It is often said that a good way to lose weight is to stop eating sweets.	
JLPT-한끝-N5-019	雨	あめ	비	雨が降らない限り、祝宴は庭園で開催されるだろう。	비가 오지 않는 한 축제는 정원에서 개최될 것이다.	The festival will be held in garden unless it rains.	
JLPT-한끝-N5-020	あらう	あらう	씻다	君の最終成績について言えば、最終試験次第である。	너의 최종 성적에 대해 말하자면, 최종 시험하기 나름이다.	When talking about your last results, it is dependent on the last examination.	
JLPT-한끝-N5-021	あるく	あるく	걷다	彼はあまりに疲れていたので、それ以上歩けませんでした。	그는 너무 피곤해서 더 이상 걸을 수 없었어요.	He was too tired to walk any further.	
JLPT-한끝-N5-022	言う	いう	말하다	私はある程度彼と同じ意見だが、まったく同じというわけではない。	나는 어느 정도 그와 같은 의견이지만 완전히 똑같은 것은 아니다.	I agree with him to a certain extent, but not entirely.	
JLPT-한끝-N5-023	家	いえ	집	環境汚染についての恐れは、人々に発電所の近くに家を建てることを思いとどまらせた。	환경오염에 대한 두려움은 사람들에게 발전소 근처에 집을 짓는 것을 단념하게 만들었다.	Fear of pollution discouraged people from building homes near power plants.	
JLPT-한끝-N5-024	行く	いく	가다	体が弱くなって行くにつれて、禎子はますます死について考えるようになった。	몸이 약해져감에 따라 정자는 점점 죽음에 대해 생각하게 되었다.	As Sadako grew weaker, she thought more about death.	
JLPT-한끝-N5-025	いくら	いくら	얼마	あなたにいくら給料を支払うかは、あなたの腕次第ですね。	당신에게 얼마의 월급을 지불할지는 당신의 능력에 달려있네요.	How much we pay you depends on your skill.	
JLPT-한끝-N5-026	医者	いしゃ	의사	私が知る限り、彼は町で最もすぐれた医者の一人だ。	내가 아는 한, 그는 마을에서 가장 뛰어난 의사 중 한 명이다.	As far as I know, he is one of the best doctors in town.	
JLPT-한끝-N5-027	忙しい	いそがしい	바쁘다	あなたは、私はすることが何もないと思っているが、それどころかたいへん忙しいのです。	당신은 저는 할 일이 아무것도 없다고 생각하지만, 그건커녕 매우 바쁩니다.	You think I have nothing to do; but on the contrary, I am very busy.	
JLPT-한끝-N5-028	痛い	いたい	아프다	ジョンは、７人家族の最年少だから、両親にとって目の中に入れても痛くないほどだ。	존은 7인 가족의 최연소이다 보니, 부모님에게 눈 속에 넣어도 아프지 않을 정도다.	John, who is the youngest in a family of seven, is the apple of his parent's eye.	
JLPT-한끝-N5-029	一度	いちど	한 번	習慣は一度身についてしまうと、断ち切るのがとても難しい。	습관은 한번 몸에 배면 끊기가 너무 어렵다.	A habit is very difficult to shake off once it is formed.	
JLPT-한끝-N5-030	一日	いちにち	하루	お湯の中で一日の汗や汚れ、苦労を洗い落とすだけでなく、日々の生活のことについておしゃべりをするのを楽しんだのである。	뜨거운 물 속에서 하루의 땀과 얼룩, 수고를 씻어낼 뿐만 아니라 일상 생활에 대해 수다를 떠는 것을 즐겼던 것이다.	They not only washed off the sweat, dirt and cares of the day in the hot water, but also enjoyed gossiping about everyday affairs.	
JLPT-한끝-N5-031	五日	いつか	5일	いつか私を軽蔑したことに対して、彼にお返しをしてやろう。	언젠가 나를 경멸한 것에 대해 그에게 보답을 해줘야겠어.	Someday I will repay him for looking down on me.	
JLPT-한끝-N5-032	一週間	いっしゅうかん	1주일	二人はどのテレビ番組を見るかで一週間以上も仲たがいしているんです。	두 사람은 어느 TV 프로그램을 보느냐로 일주일 넘게 사이가 틀어져 있어요.	The couple has been falling out over what TV program to watch for over a week.	
JLPT-한끝-N5-033	五つ	いつつ	5개	そして次に、州についてですが、どんな州でもいいですから、その州が五つか六つの地域に分かれていると考えてください。	그리고 다음으로 주에 대해서인데 그 주나 어떤 주나 다 좋으니까 그 주들이 다섯 개나 여섯 개의 지역으로 나눠져 있다고 보시면 됩니다.	And now, think about a county, any county, and imagine this county divided into five or six different areas.	
JLPT-한끝-N5-034	一分	いっぷん	1분	ぼくのペンはどうしたの。一分前はあったのに。	내 펜은 왜 그래 일분 전에는 있었는데.	What have you done with my pen? It was here a minute ago.	
JLPT-한끝-N5-035	犬	いぬ	개	その犬は尾を振りながら、主人の後についていった。	그 개는 꼬리를 흔들며 주인을 따라갔다.	The dog, wagging its tail, followed its master.	
JLPT-한끝-N5-036	入り口	いりぐち	입구	私は博物館に間違った入り口から入ってしまった。もっと気をつけないといけなかった。	나는 박물관에 잘못된 입구로 들어갔어 더 조심해야 했어.	I entered the museum through the wrong gate. I should have been more careful.	
JLPT-한끝-N5-037	入れる	いれる	넣다	うまく、あの学校に入れたものの全部が全部、詰め込み勉強だけで入れたわけではなかったろう。	잘도, 그 학교에 넣었던 모든 것이 다 주입식 공부만으로 넣은 것은 아니었을 것이다.	All those who made the grade in entering that school could not have done so only by cramming.	
JLPT-한끝-N5-038	いろいろだ	いろいろだ	여러 가지다	考え方はいろいろだが、互いの立場を尊重する必要がある。	생각은 여러 가지지만 서로의 입장을 존중할 필요가 있다.		
JLPT-한끝-N5-039	上	うえ	위	貴社との間の財政上の問題を解決するために貴社のご助力を仰ぎたく、お願いをする次第です。	귀사와의 재정적 문제를 해결하기 위해 귀사의 도움을 받고자 부탁을 드리는 바입니다.	We would like to ask your help in clearing up our financial problems with your company.	
JLPT-한끝-N5-040	後ろ	うしろ	뒤	見知らぬ人が後ろから私の肩をたたいた。誰か他の人と間違えたに違いない。	낯선 사람이 뒤에서 내 어깨를 두드렸어. 누군가 다른 사람과 착각한 게 틀림없어.	A stranger tapped me on the shoulder from behind. He took me for some other person, I'm sure.	
JLPT-한끝-N5-041	うすい	うすい	얇다	濃いコーヒーより、うすいコーヒーの方が好きです。	진한 커피보다 연한 커피를 좋아합니다.	I like weak coffee better than strong.	
JLPT-한끝-N5-042	生まれる	うまれる	태어나다	その新しい計画によって永遠なる平和が生まれるかもしれない。	그 새로운 계획에 의해 영원한 평화가 생길지도 모른다.	The new plan may bring into being a peace which will be lasting.	
JLPT-한끝-N5-043	海	うみ	바다	私たちの知る限りでは、地球は海を持っている唯一の惑星である。	우리가 아는 바로는 지구는 바다를 가지고 있는 유일한 행성이다.	As far as we know, the earth is the only planet to have oceans.	
JLPT-한끝-N5-044	うる	うる	팔다	その件に関しては、わたしは彼の意見に反対せざるを得ない。	그 건에 관해서는 나는 그의 의견에 반대하지 않을 수 없다.	I cannot but object to his opinion as to the matter.	
JLPT-한끝-N5-045	うるさい	うるさい	시끄럽다	課長が我々に対して、あれこれとうるさく言うのを止めた途端に、何もかもがスムーズに行き始めた。	과장이 우리에 대해 이것저것 시끄럽게 말하는 것을 막자마자 모든 것이 원활하게 돌아가기 시작했다.	As soon as our manager got off our backs, everything started to go off without a hitch.	
JLPT-한끝-N5-046	上着	うわぎ	상의	ジュリーは豪華な上着を見ると、それを買う決心をした。	줄리는 호화로운 겉옷을 보자 그것을 사기로 결심했다.	When she saw a gorgeous coat, Julie decided to buy it.	
JLPT-한끝-N5-047	絵	え	그림	その絵は醜いとは思わない。それどころか、むしろ美しいと思う。	그 그림은 추하다고 생각하지 않아, 그건 그렇고 오히려 아름답다고 생각해.	That picture doesn't seem ugly to me; on the contrary, I think it's rather beautiful.	
JLPT-한끝-N5-048	エアコン	エアコン	에어컨	我々はジャックのエアコン装置を取り付ける案を十分検討したが、結論には至らなかった。	우리는 잭의 에어컨 장치를 설치하는 방안을 충분히 검토했지만, 결론에는 이르지 못했다.	We talked over Jack's plan to put in air conditioning, but could not come to a decision.	
JLPT-한끝-N5-049	映画	えいが	영화	彼は映画に夢中になっているので、手当たり次第に映画を見る。	그는 영화에 푹 빠져 있기 때문에 닥치는 대로 영화를 본다.	Since he is the movie crazy, he watches a movie randomly.	
JLPT-한끝-N5-050	英語	えいご	영어	この点に関しては、私が英語学習を志した２０数年前とは隔世の感があります。	이 점에 관해서는 제가 영어 학습을 지향했던 20여 년 전과 격세지감이 있습니다.	On this point it is poles apart from when I set myself on learning English 20 years ago.	
JLPT-한끝-N5-051	駅	えき	역	激しい雪にもかかわらず、彼女はわざわざ駅まで来た。	심한 눈에도 불구하고 그녀는 일부러 역까지 왔다.	In spite of the heavy snow, she came all the way to the station.	
JLPT-한끝-N5-052	エレベーター	エレベーター	엘리베이터	このエレベーターは故障中です。階段をお使いください。	이 엘리베이터는 고장났어요 계단을 이용해주세요.	This elevator is out of order. Please use the stairs.	
JLPT-한끝-N5-053	円	えん	엔	日銀は円のこれ以上の下落を止めようと、１ドル１５０円程度で買い支えるために介入した。	일본은행은 엔화의 더 이상의 하락을 멈추려고 1달러 150엔 정도로 사들이는 데 개입했다.	In order to prevent a further drop of the Japanese currency, the Bank of Japan intervened in the market to support it at around 150 yen to the dollar.	
JLPT-한끝-N5-054	えんぴつ	えんぴつ	연필	鉛筆が必要です。あなたのを１本使ってもよいですか。	연필이 필요해요, 당신 것을 한 개 써도 될까요?	I need a pencil. Can I use one of yours?	
JLPT-한끝-N5-055	おいしい	おいしい	맛있다	おいしそうに見える食べ物が必ずしもおいしいとは限らない。	맛있어 보이는 음식이 꼭 맛있다고는 할 수 없다.	Delicious looking food doesn't necessarily taste good.	
JLPT-한끝-N5-056	多い	おおい	많다	私もそうだが、ＩＴ業界には宵っ張りの人が多いに違いない。	나도 그렇지만, IT 업계에는 한가한 사람이 많을 수밖에 없다.	I'm one too, and I'm sure there are lots of night-owls in the IT world.	
JLPT-한끝-N5-057	大きい	おおきい	크다	そのように売り上げが大きいとは、セールスマンにとって名誉である。	그렇게 매출이 크다니 영업사원에게 명예롭다.	Making such a large sale is a feather in the salesman's cap.	
JLPT-한끝-N5-058	大きな	おおきな	큰, 커다란	多くの技術を修得すればするほど、社会に対して大きな貢献をすることができる。	많은 기술을 습득할수록 사회에 큰 공헌을 할 수 있다.	The more skills one masters, the greater contribution one can make to society.	
JLPT-한끝-N5-059	おおぜい	おおぜい	많이	だが、徐々に生活水準が高まるようになるにつれて、ますます大勢の人が我が家に浴室を持つようになった。	하지만 점차 생활 수준이 높아짐에 따라 점점 더 많은 사람들이 우리 집에 욕실을 갖게 되었다.	However, as living standards gradually came to rise, more and more people began to have their own bathrooms at home.	
JLPT-한끝-N5-060	お母さん	おかあさん	어머니	あなたは可能な限り早く、あなたのお母さんに電話をするべきである。	당신은 가능한 한 빨리 당신의 어머니에게 전화를 해야 한다.	You should call your mother as soon as possible.	
JLPT-한끝-N5-061	おかし	おかし	과자	彼がそのことについてひと言も言わないなんて、なんかおかしいなあ。	그가 그 일에 대해 한마디도 하지 않다니 뭔가 이상하다.	It is strange that he should not tell me anything about it.	
JLPT-한끝-N5-062	お金	おかね	돈	彼は、私に助言してくれただけでなくお金もくれた。	그는 나에게 조언을 해주었을 뿐만 아니라 돈도 주었다.	He gave me money as well as advice.	
JLPT-한끝-N5-063	起きる	おきる	일어나다	まさかオレがごねずにすっきり起きると思っていなかったに違いない。	설마 내가 이러지도 저러지도 못하고 속 시원하게 일어날 줄 몰랐던 게 틀림없어.	Certainly she wouldn't have dreamt that I would get up promptly without grumbling.	
JLPT-한끝-N5-064	おく	おく	놓다, 두다	彼らは、将来のためにとっておくほど十分な収入がありません。	그들은 장래를 위해 남겨둘 만큼 충분한 수입이 없습니다.	They don't have enough income to lay aside for the future.	
JLPT-한끝-N5-065	おしえる	おしえる	가르치다	人間の親は自分たちの赤ちゃんに、彼らが要求するものを与えることによって言葉を教える。	인간의 부모는 자신들의 아기에게 그들이 요구하는 것을 줌으로써 말을 가르친다.	Human parents teach some words by giving babies what they ask for.	
JLPT-한끝-N5-066	おじさん	おじさん	삼촌, 아저씨	おじさんは、君に、おじさんの車を運転させましたか。	아저씨는 네가 아저씨의 차를 운전하게 했나요?	Did your uncle let you drive his car?	
JLPT-한끝-N5-067	おす	おす	누르다	どっちのボタンをおしたらいいか教えて下さい。	어느 버튼을 누르면 되는지 알려주세요.	Can you tell me which button to press?	
JLPT-한끝-N5-068	おそい	おそい	늦다	しかしながら、大部分の黒人にとって、本当の変化はやってくるのがきわめて遅かった。	그렇지만 대부분의 흑인들에게 진정한 변화는 찾아오기 극히 느렸다.	Real change for most black people, however, was very slow in coming.	
JLPT-한끝-N5-069	お父さん	おとうさん	아버지	あなたのお父さんだけでなく私もあなたの計画に反対です。	당신의 아버지뿐만 아니라 저도 당신의 계획에 반대합니다.	Not only your father but also I am against your plan.	
JLPT-한끝-N5-070	男	おとこ	남자	あなたが彼について見たことから判断すると、この男は臆病者ではない。	당신이 그에 대해 본 것으로 보아 이 남자는 겁쟁이가 아니다.	Judging from what you have seen of him, this fellow is not a coward.	
JLPT-한끝-N5-071	男の子	おとこのこ	남자아이	彼らの話によると、あの男の子は歌がうまいらしい。	그들의 말에 따르면, 그 남자아이는 노래를 잘 부른다고 한다.	According to their opinions, that boy is very good.	
JLPT-한끝-N5-072	男の人	おとこのひと	남자	男の人が車に撥ねられて、運転手が車で走り去った。	남자가 차에 치였고 운전자가 차로 달아났다.	I saw the man knocked down and the driver driving away.	
JLPT-한끝-N5-073	おととい	おととい	그저께	おととい、彼はその原野で奇妙な出来事を目撃した。	그저께 그는 그 들판에서 이상한 일을 목격했다.	The day before yesterday he witnessed a weird incident in the wilderness.	
JLPT-한끝-N5-074	おととし	おととし	재작년	おととし導入された制度は、利用者の増加に伴って見直されることになった。	재작년에 도입된 제도는 이용자 증가에 따라 재검토하게 되었다.		
JLPT-한끝-N5-075	大人	おとな	어른	大人の一方的な観点からは、子供たちの態度はしばしば生意気に見える。	어른들의 일방적인 관점에서는 아이들의 태도가 종종 건방져 보인다.	From an adult's one-sided point of view, children's attitudes often seem to be disobedient.	
JLPT-한끝-N5-076	同じだ	おなじだ	같다	彼がうそつきでないのは、君がそうでないのと同じだ。	그가 거짓말쟁이가 아닌 것은 네가 그렇지 않은 것과 마찬가지야.	He is no more a liar than you are a liar.	
JLPT-한끝-N5-077	お願いします	おねがいします	부탁합니다	この議事録に関して、訂正、追加がありましたらお願いします。	이 회의록에 정정하거나 추가할 사항이 있으면 알려 주십시오.	I welcome any corrections or additions to these minutes.	
JLPT-한끝-N5-078	おふろ	おふろ	목욕탕	私は毎日１回おふろに入ります。	저는 매일 한 번 물에 들어갑니다.	I have a bath every day.	
JLPT-한끝-N5-079	おぼえる	おぼえる	외우다	私が覚えている限りでは、彼はいつもパイプを吹かしていた。	내가 기억하기로는 그는 항상 파이프를 불었다.	To the best of my memory, he always smoked a pipe.	
JLPT-한끝-N5-080	おもい	おもい	무겁다	彼の鞄が重くて、更に悪いことには、片足のかかとにまめができてしまっていた。	그의 가방이 무거웠고, 더 나쁜 것은 한쪽 발뒤꿈치에 솜이 박혀 있었다.	His bag was heavy, and what was worse, one of his heels had got blistered.	
JLPT-한끝-N5-081	おもしろい	おもしろい	재미있다	この本はあの本に比べて、ためになるばかりでなくおもしろい。	이 책은 저 책에 비해 도움이 될 뿐만 아니라 재미있다.	This book is not only more instructive but more interesting than that book.	
JLPT-한끝-N5-082	およぐ	およぐ	헤엄치다, 수영하다	潜りはできるが泳げないのは、私の知る限りでは彼だけだ。	잠수는 할 수 있지만 수영을 못하는 것은 내가 알기로는 그뿐이다.	He is the only man I know who can dive but not swim.	
JLPT-한끝-N5-083	下りる	おりる	내려가다	暖かい軽い空気は山越えすると上空に上昇し、地上には下りてこないことなど、風は地形によって変わります。	따스한 가벼운 공기는 산을 넘으면 상공으로 상승하고 땅 위로 내려오지 않는 것 등 바람은 지형에 따라 달라집니다.	When warm, light, air crosses mountains it rises into the upper atmosphere and does not fall back to the ground.  In this, and other, ways wind changes with the terrain.	
JLPT-한끝-N5-084	女	おんな	여자	じゃがいもが女たちによって、台所で料理されていた。	감자가 여자들에 의해 부엌에서 요리되고 있었다.	Potatoes were being cooked in the kitchen by the girls.	
JLPT-한끝-N5-085	女の子	おんなのこ	여자아이	どの女の子もバレリーナになれると言うわけではない。	어떤 여자아이가 발레리나가 될 수 있다고 말하는 것은 아니다.	Every girl cannot be a ballerina.	
JLPT-한끝-N5-086	女の人	おんなのひと	여자	赤ん坊を抱いている女の人は、今ついたばかりです。	아기를 안고 있는 여자는 지금 막 태어났어요.	The woman with a baby in her arms arrived here just now.	
JLPT-한끝-N5-087	〜回	〜かい	~회	新種の稲によっては年に２、３回収穫できる物もある。	신종 벼에 따라서는 일 년에 두세 번 수확할 수 있는 것도 있다.	Some new kinds of rice can be harvested two or three times a year.	
JLPT-한끝-N5-088	〜階	〜かい	~층	地上２２階、地下２階のオフィスビルが建設中です。	지상 22층, 지하 2층의 오피스 빌딩이 건설 중입니다.	An office building, with 22 stories above ground and 2 below, is under construction.	
JLPT-한끝-N5-089	外国	がいこく	외국	私の知る限りでは、彼は外国に行ったことはありません。	제가 알기로는 그는 외국에 간 적이 없습니다.	As far as I know, he has never been overseas.	
JLPT-한끝-N5-090	外国人	がいこくじん	외국인	外国人学生にとって英語を上手に話すことは難しい。	외국인 학생에게 영어를 능숙하게 말하기는 어렵다.	It is difficult for foreign students to speak English well.	
JLPT-한끝-N5-091	会社	かいしゃ	회사	このことから、会社には事故の責任が無いことになる。	이에 따라 회사에는 사고의 책임이 없는 셈이다.	It follows from this that the company is not responsible for the accident.	
JLPT-한끝-N5-092	かいだん	かいだん	계단	このエレベーターは故障中です。階段をお使いください。	이 엘리베이터는 고장났어요 계단을 이용해주세요.	This elevator is out of order. Please use the stairs.	
JLPT-한끝-N5-093	買いもの	かいもの	쇼핑, 물건 사기	カタログを通じて郵便で買い物をすることによって、人々は幅広い商品を選ぶことが出来る。	카탈로그를 통해 우편으로 쇼핑을 함으로써 사람들은 폭넓은 상품을 선택할 수 있다.	Shopping by mail through catalogs gives people a wide choice of merchandise.	
JLPT-한끝-N5-094	買う	かう	사다	長い目で見ると、私達はこの機械を買うことによって、沢山のお金を節約できます。	긴 안목으로 보면 우리는 이 기계를 구입함으로써 많은 돈을 절약할 수 있습니다.	In the long run we can save much money by buying this machine.	
JLPT-한끝-N5-095	かえす	かえす	반납하다	いつ私のかさをかえしてくれるのですか。	언제 제 부피를 고쳐 주시는 건가요?	When will you bring back my umbrella?	
JLPT-한끝-N5-096	帰る	かえる	돌아가다, 돌아오다	彼女が帰ってきたときに、彼はそれについて話すでしょう。	그녀가 돌아왔을 때 그는 그것에 대해 이야기할 것입니다.	He will tell her about it when she comes back.	
JLPT-한끝-N5-097	かかる	かかる	(시간, 돈 등이) 들다, 걸리다	風邪を治すのにひと月以上かかったが、もう大丈夫だ。	감기를 고치는데 한 달 넘게 걸렸는데 이제 괜찮아.	It took more than a month to get over my cold, but I'm OK mow.	
JLPT-한끝-N5-098	かぎ	かぎ	열쇠	え、出かける前に、しっかりかぎをかけたんですね。	어, 나가기 전에 제대로 베팅을 했군요.	Really? I had locked it up before I went out.	
JLPT-한끝-N5-099	書く	かく	쓰다	ホーキングにとって、この本を書くことは容易ではなかった。	호킹에게 이 책을 쓰는 것은 쉽지 않았다.	For Hawking, writing this book was not easy.	
JLPT-한끝-N5-100	かける	かける	걸다, (안경을) 쓰다	今回お手数をかけたことについて、いつかお返しをしたいと思っております。	이번에 번거롭게 한 일에 대해 언젠가 보답하고 싶습니다.	This would be a favor, which I would be pleased to return at any time.	
JLPT-한끝-N5-101	風	かぜ	바람	しかしながら、利用する風の量は場所や季節によって異なる。	그렇지만 이용하는 바람의 양은 장소나 계절에 따라 다르다.	However, the amount of wind available varies with the location and the season of the year.	
JLPT-한끝-N5-102	かぜをひく	かぜをひく	감기에 걸리다	冬に暖かい服装をしていないと、ひどいかぜをひくことになりかねない。	겨울에 따뜻한 옷을 입지 않으면 심한 가위를 물게 될 수 있다.	If you don't wear warm clothes in winter, it wouldn't be surprising if you caught a bad cold.	
JLPT-한끝-N5-103	かぞく	かぞく	가족	私たちの家族もみんな同じ人種からなっているというわけではないのよ。	우리 가족도 모두 같은 인종으로 이루어진 것은 아니야.	Even in our family not all of us are of the same race.	
JLPT-한끝-N5-104	学校	がっこう	학교	うまく、あの学校に入れたものの全部が全部、詰め込み勉強だけで入れたわけではなかったろう。	잘도, 그 학교에 넣었던 모든 것이 다 주입식 공부만으로 넣은 것은 아니었을 것이다.	All those who made the grade in entering that school could not have done so only by cramming.	
JLPT-한끝-N5-105	かど	かど	모퉁이	その役人は請負業者にとり入ったかどで、くびになった。	그 관리는 청부업자를 들여보내 인질로 잡혔다.	The official got the sack for currying favor with the contractors.	
JLPT-한끝-N5-106	かばん	かばん	가방	彼の鞄が重くて、更に悪いことには、片足のかかとにまめができてしまっていた。	그의 가방이 무거웠고, 더 나쁜 것은 한쪽 발뒤꿈치에 솜이 박혀 있었다.	His bag was heavy, and what was worse, one of his heels had got blistered.	
JLPT-한끝-N5-107	かぶる	かぶる	(모자를) 쓰다	一方で我々は大損害を被ったが、他方その経験から学んだものも大きかった。	한편으로 우리는 큰 손해를 입었지만, 다른 한편으로 그 경험에서 배운 것도 컸다.	On the one hand we suffered a heavy loss, but on the other hand we learned a great deal from the experience.	
JLPT-한끝-N5-108	カメラ	カメラ	카메라	このカメラの修理には１万円以上はかかると思いますよ。	이 카메라를 수리하는 데 1만엔 이상은 들 거예요.	I think it will cost you more than 10,000 yen to have camera fixed.	
JLPT-한끝-N5-109	火よう日	かようび	화요일	会議は火よう日に行われるため、資料を前日までに提出してください。	회의는 화요일에 열리므로 자료를 전날까지 제출해 주세요.		
JLPT-한끝-N5-110	からい	からい	맵다	意識不明の人は痛みを感じませんが、その家族や友人にとっては、長く、つらい経験になりうるでしょう。	의식이 없는 사람은 고통을 느끼지 않지만, 그 가족과 친구들에게는 길고 힘든 경험이 될 수 있을 것입니다.	The unconscious person feels no pain, but for the family and friends it can be a long and painful experience.	
JLPT-한끝-N5-111	かりる	かりる	빌리다	ジョー、すまないが、君の電話を借りてもいいかい。	조, 미안하지만 네 전화를 빌려도 될까?	Excuse me, Joe, can I use your phone?	
JLPT-한끝-N5-112	かるい	かるい	가볍다	暖かい軽い空気は山越えすると上空に上昇し、地上には下りてこないことなど、風は地形によって変わります。	따스한 가벼운 공기는 산을 넘으면 상공으로 상승하고 땅 위로 내려오지 않는 것 등 바람은 지형에 따라 달라집니다.	When warm, light, air crosses mountains it rises into the upper atmosphere and does not fall back to the ground.  In this, and other, ways wind changes with the terrain.	
JLPT-한끝-N5-113	カレンダー	カレンダー	달력	整えられた長机、いくつかのパイプ椅子、壁の掲示板にはカレンダーとプリント数枚が張られている。	정돈된 장판, 몇몇 파이프 의자, 벽 게시판에는 달력과 프린트 몇 장이 쳐져 있다.	There were long desks lined up, several pipe chairs, and stuck on the bulletin board was a calendar and several printouts.	
JLPT-한끝-N5-114	川	かわ	강	川を愛することは、私たちにとってとても大切です。	강을 사랑하는 것은 우리에게 매우 중요합니다.	It is very important for us to love a river.	
JLPT-한끝-N5-115	かんたんだ	かんたんだ	간단하다, 쉽다	数学の宿題は、思ってたよりもかんたんだった。	수학 숙제는 생각보다 간단했다.	The math homework proved to be easier than I had expected.	
JLPT-한끝-N5-116	木	き	나무	これらの木が大きくなるにつれて、芝生に光があたらなくなる。	이 나무들이 커지면서 잔디밭에 빛이 닿지 않게 된다.	As these trees grow tall, they rob the grass of light.	
JLPT-한끝-N5-117	きえる	きえる	꺼지다	ろうそくはだんだん短くなって、ついに消えてしまった。	촛불은 점점 짧아지다가 마침내 꺼져버렸다.	The candle grew shorter and shorter, until at last it went out.	
JLPT-한끝-N5-118	聞く	きく	듣다, 묻다	私が今までに聞いてきたすべてのことから真実に違いないと確信しています。	내가 지금까지 들어왔던 모든 것들에서 진실이 틀림없다고 확신합니다.	I'm sure It must be true from all that I've heard.	
JLPT-한끝-N5-119	北	きた	북쪽	北にはスコットランド、南にイングランド、西にウェールズ、そして、さらに西には北アイルランド。	북쪽에는 스코틀랜드, 남쪽에 잉글랜드, 서쪽에 웨일스 그리고 더 서쪽에는 북아일랜드.	In the north, there's Scotland; in the south, England; in the west, Wales; and further west, Northern Ireland.	
JLPT-한끝-N5-120	ギター	ギター	기타	あのギターがあんなに高くなかったら、買えるのに。	저기 기타가 그렇게 비싸지 않으면 살 수 있는데.	If that guitar were not so expensive, I could buy it.	
JLPT-한끝-N5-121	北がわ	きたがわ	북쪽, 북쪽 방면	私たちの事務所はその建物の北側にある。	우리 사무실은 그 건물 북쪽에 있다.	Our office is on the northern side of the building.	
JLPT-한끝-N5-122	きたない	きたない	더럽다	汚い手で会社を乗っ取ったものの、腹心だと思っていた部下に裏切られ、因果応報だね。	더러운 손으로 회사를 탈취했지만 심복이라고 생각했던 부하에게 배신당해 인과응보다.	When the trusted confidant of the person who conducted a hostile takeover of the company betrayed him it was a sort of retributive justice.	
JLPT-한끝-N5-123	喫茶店	きっさてん	찻집, 커피숍	この喫茶店は、独特のレトロさが若者にうけている。	이 찻집은 독특한 레트로함이 젊은이들에게 어필하고 있다.	The retro feel of this cafe is a hit with young people.	
JLPT-한끝-N5-124	切手	きって	우표	ボブは彼が集めていた切手をほとんど全部ティナにあげて、ほんのすこしだけ自分のためにとっておきました。	밥은 그가 모은 우표를 거의 다 티나에게 주고 아주 조금만 자신을 위해 챙겨 뒀습니다.	Bob gave Tina almost all the stamps he had collected, and kept only a few for himself.	
JLPT-한끝-N5-125	切符	きっぷ	표	切符が見つかりません。なくしたに違いない。	표를 못 찾겠어요 잃어버린 게 틀림없어요.	I can't find my ticket. I must have lost it.	
JLPT-한끝-N5-126	昨日	きのう	어제	ジョンがヨーロッパへ行く計画について話したのは昨日になってのことだった。	존이 유럽으로 가는 계획에 대해 이야기한 것은 어제오늘의 일이 아니었다.	It was only yesterday that John told me about his plan to go to Europe.	
JLPT-한끝-N5-127	九十人	きゅうじゅうにん	90명	定員九十人の会場であるにもかかわらず、百人以上が申し込んだ。	정원 90명인 행사장인데도 100명 이상이 신청했다.		
JLPT-한끝-N5-128	九千円	きゅうせんえん	9000엔	参加費は九千円ですが、学生に限り半額となります。	참가비는 9천 엔이지만 학생에 한해 반값입니다.		
JLPT-한끝-N5-129	牛乳	ぎゅうにゅう	우유	ボクシング・デイは、郵便屋さんや牛乳屋さんなどに贈り物をする日ですが、クリスマス後の最初の週日です。	복싱 데이는 우체부와 우유 가게 등에 선물을 주는 날이지만 크리스마스 후 첫 주일입니다.	Boxing Day, when presents are given to the postman, the milkman, etc., is the first week-day after Christmas.	
JLPT-한끝-N5-130	九本	きゅうほん	9자루, 9개	倉庫には予備の傘が九本しか残っていない。	창고에는 예비 우산이 아홉 자루밖에 남아 있지 않다.		
JLPT-한끝-N5-131	教室	きょうしつ	교실	去年の春、料理教室に通って、パンの焼き方を覚えました。	작년 봄에 요리교실에 다니며 빵 굽는 법을 배웠습니다.	I took a cooking class last spring and learned to bake bread.	
JLPT-한끝-N5-132	兄弟	きょうだい	형제	私は貧しい、それに対して私の兄弟たちはとても裕福だ。	나는 가난하고, 그에 반해 내 형제들은 매우 부유하다.	I am poor, whereas my brothers are very rich.	
JLPT-한끝-N5-133	去年	きょねん	작년	今年の米の収穫は、去年よりも上を行く可能性が十分ある。	올해 쌀 수확은 지난해보다 더 오를 가능성이 충분하다.	There's a good chance that this year's rice crop will be up on last year's.	
JLPT-한끝-N5-134	切る	きる	자르다	３．電話をかけても、アナウンス等に従って操作したりせず、すぐに切ること。	3. 전화를 걸어도 방송 등에 따라 조작하거나 하지 말고 즉시 끊는다.	3. If you do phone then hang up immediately, without following any instructions given.	
JLPT-한끝-N5-135	きれいだ	きれいだ	깨끗하다, 예쁘다	彼女は僕の今まで知っているどんな女の子にも劣らずきれいだ。	그녀는 내가 지금까지 알고 있는 어떤 여자아이 못지않게 예쁘다.	She is as beautiful as any girl that I've ever known.	
JLPT-한끝-N5-136	〜キロ	〜キロ	~킬로(미터)	この間の台風で、時速２００キロの風が吹きました。	그간의 태풍으로 시속 200킬로미터의 바람이 불었습니다.	In the last typhoon, the wind blew at over 200 kilometers per hour!	
JLPT-한끝-N5-137	金よう日	きんようび	금요일	申請期限は金よう日までなので、早めに手続きを済ませてください。	신청 기한은 금요일까지이므로 일찍 절차를 마쳐 주세요.		
JLPT-한끝-N5-138	銀行	ぎんこう	은행	クレジットとは銀行によって自由に使えることが許されている金額、すなわち信用供与、ローンです。	신용이란 은행에 의해 자유롭게 사용할 수 있는 것이 허용되는 금액, 즉 신용공여, 대출입니다.	Credit is the amount or sum placed at a person's disposal by a bank; a loan of money.	
JLPT-한끝-N5-139	九月	くがつ	9월	九月までには爆発的消費は下り坂になるように見えた。	9월까지는 폭발적 소비는 내리막길이 되는 것처럼 보였다.	By September the burst in spending seemed to be tapering off.	
JLPT-한끝-N5-140	九時	くじ	9시	ドアは毎晩九時にロックされています。	문은 매일 밤 아홉 시에 잠겨 있습니다.	The door is locked at nine every night.	
JLPT-한끝-N5-141	九時半	くじはん	9시 반	説明会は九時半に始まることになっている。	설명회는 9시 반에 시작하기로 되어 있다.		
JLPT-한끝-N5-142	果物	くだもの	과일	厳密に言えば、トマトは野菜ではない。果物である。	엄밀히 말하면 토마토는 채소가 아니다. 과일이다.	Strictly speaking, the tomato is not a vegetable. It's a fruit.	
JLPT-한끝-N5-143	口	くち	입	国防総省関係者は、異常がいつ発生したかについては口を閉ざしており、飛行の詳細についても論評をさけました。	국방부 관계자는 이상이 언제 발생했는지에 대해서는 입을 닫았고, 비행에 대한 자세한 내용에 대해서도 논평을 내놓았습니다.	Pentagon officials won't say when the problem turned up and refused to discuss details about the flight.	
JLPT-한끝-N5-144	国	くに	나라, 국가	これらの国はまた、進んだ科学技術を日本から得ることによって、国民に技術教育を施すことも計画している。	이들 국가는 또한 앞선 과학기술을 일본에서 얻음으로써 국민들에게 기술 교육을 실시하는 것도 계획하고 있다.	By obtaining advanced technology from Japan, those countries also plan to provide people with a technical education.	
JLPT-한끝-N5-145	くらい	くらい	어둡다	ジェーンは、お母さんと同じくらいか、あるいはそれ以上美人です。	제인은 엄마와 같은 정도이거나 아니면 그 이상 미인이에요.	Jane is no less beautiful than her mother.	
JLPT-한끝-N5-146	グラム	グラム	그램	このジャムの正味重量は２００グラムです。	이 잼의 순중량은 200그램입니다.	The net weight of this jam is 200 grams.	
JLPT-한끝-N5-147	来る	くる	오다	私が今までに聞いてきたすべてのことから真実に違いないと確信しています。	내가 지금까지 들어왔던 모든 것들에서 진실이 틀림없다고 확신합니다.	I'm sure It must be true from all that I've heard.	
JLPT-한끝-N5-148	車	くるま	자동차	車の速度を落とす装置（ハンプや狭さく）について、意見があったら書いてください。	자동차의 속도를 줄이는 장치(횡단이나 좁힘)에 대해 의견이 있으면 적어주세요.	If you have any opinions concerning traffic calming devices (humps, curb extensions, etc.) please write them.	
JLPT-한끝-N5-149	黒い	くろい	검다	「僕は、僕の願い事について考えていたのだ」小さい黒いウサギがいいました。	"""저는 제 소원에 대해 생각했었어요."" 작은 검은 토끼가 좋았습니다."	"""I'm just thinking about my wish,"" replied the little black rabbit."	
JLPT-한끝-N5-150	けさ	けさ	오늘 아침	今朝のテレビで、あなたの地域で大火災があったことを知り、驚いています。	오늘 아침 TV에서 당신의 지역에서 큰 화재가 있었다는 것을 알고 놀랐습니다.	From the telecast this morning, I have learned to my shock that a big fire hit your area.	
JLPT-한끝-N5-151	消す	けす	끄다	外出する前に、すべてのライトを消すことを確かめなさい。	외출하기 전에 모든 조명을 끄는 것을 확인하세요.	Make sure to turn off all the light before going out.	
JLPT-한끝-N5-152	けっこうだ	けっこうだ	충분하다	その物語は少し長すぎるという点を除けばけっこうだ。	그 이야기는 조금 너무 길다는 점을 제외하면 괜찮다.	The story is good except that it is a little too long.	
JLPT-한끝-N5-153	けっこんする	けっこんする	결혼하다	二人は卒業後にけっこんすることを決めたものの、まだ家族には伝えていない。	두 사람은 졸업 후 결혼하기로 했지만 아직 가족에게는 알리지 않았다.		
JLPT-한끝-N5-154	元気だ	げんきだ	건강하다	妹から便りがあった。手紙によれば目下元気だそうだ。	여동생한테 소식이 왔어. 편지에 보면 눈 상태가 건강하다고 한다.	I heard from my sister. The letter says she is well now.	
JLPT-한끝-N5-155	〜こ	〜こ	~개	しかし贈り物をひけらかすことは、何も持ってこなかった客を当惑させることになりかねない。	그러나 선물을 꾸미는 것은 아무것도 가지고 오지 않은 손님을 당황하게 할 수 있다.	But showing off the presents could embarrass the guests who did not bring one.	
JLPT-한끝-N5-156	公園	こうえん	공원	桜の花の季節になると、公園に多くの人々が集まる。	벚꽃 철이면 공원에 많은 사람들이 모여든다.	The cherry blossom season brings crowds of people to parks.	
JLPT-한끝-N5-157	交差点	こうさてん	교차로	道なりに進んで、三つ目の交差点を左に曲がって下さい。	길 따라가셔서 세 번째 사거리에서 왼쪽으로 꺾으시면 됩니다.	Walk along the street and turn left at the third intersection.	
JLPT-한끝-N5-158	紅茶	こうちゃ	홍차	私に関して言えば、紅茶よりコーヒーのほうが好きだ。	나에 관해서 말하자면, 홍차보다 커피를 더 좋아해.	As for me, I prefer coffee to tea.	
JLPT-한끝-N5-159	コーヒー	コーヒー	커피	私たちはコーヒーを飲みながら、イタリア旅行の計画について話し合った。	우리는 커피를 마시면서 이탈리아 여행 계획에 대해 논의했다.	We discussed our plans for a trip to Italy over coffee.	
JLPT-한끝-N5-160	五回	ごかい	5번	私達は一週間に五回英語の授業がある。	우리는 일주일에 다섯 번 영어 수업이 있어.	We have five English lessons a week.	
JLPT-한끝-N5-161	午後	ごご	오후	私が午後十一時に電話したとき、彼女はすでに床についていた。	내가 오후 10시에 전화했을 때 그녀는 이미 바닥에 붙어 있었다.	She had already gone to bed when I phoned her at 11:00 p.m.	
JLPT-한끝-N5-162	九つ	ここのつ	9개	提案は九つあったものの、実現可能なのは三つにすぎなかった。	제안은 아홉 개였지만 실현 가능한 것은 세 개에 불과했다.		
JLPT-한끝-N5-163	午前中	ごぜんちゅう	오전 중	ミーティングの前に他のメンバーに検討してもらうため、４月５日の午前中までにそれが必要です。	미팅 전에 다른 멤버들에게 검토를 받기 위해 4월 5일 오전까지 그게 필요합니다.	I need it by the morning of April 5 so it can be reviewed by other members prior to the meeting.	
JLPT-한끝-N5-164	こちら	こちら	이분, 이쪽	「帰り次第、こちらがお電話させましょうか」「お願いします」	"""가시는 대로 제가 전화 드릴까요"" ""부탁드립니다"""	"""Shall I have him call you when he gets back?"" ""Yes, please."""	
JLPT-한끝-N5-165	こちらこそ	こちらこそ	저야말로	「はじめまして、ジェイムズさん」「こちらこそ、あなたにお会いできて、こんなに嬉しいことはありません」	"""처음 뵙겠습니다, 제임스 씨"" ""저야말로 당신을 만나서 이렇게 기쁠 수가 없습니다."""	"""How do you do, Mr James?"" ""Fine, thanks for asking. Nice to meet you."""	
JLPT-한끝-N5-166	ごちそうさま	ごちそうさま	잘 먹었습니다	招待してくださった方に、ごちそうさまと感謝を伝えた。	초대해 준 분에게 잘 먹었다고 감사의 뜻을 전했다.		
JLPT-한끝-N5-167	今年	ことし	올해	今、すべてをお話しするわけにはいきませんが、要するに、私の両親は、今年の夏、当地には来ないのです。	지금 모든 것을 말씀드릴 수는 없지만, 요컨대 저희 부모님은 올 여름 이 지역에 오지 않으시는 겁니다.	I can't tell you the whole story now, but in brief, my parents aren't coming here this summer.	
JLPT-한끝-N5-168	子ども	こども	아이	おそらく、書物がわれわれの人生に対して深い影響を及ぼすのは子供時代だけであろう。	아마도 책들이 우리 삶에 깊은 영향을 미치는 것은 어린 시절뿐일 것이다.	Perhaps it is only in childhood that books have any deep influence on our lives.	
JLPT-한끝-N5-169	ごはん	ごはん	밥	私は日本で生まれたので、夕食にごはんを食べることにしている。	나는 일본에서 태어났기 때문에 저녁으로 밥을 먹기로 하고 있어.	Born in Japan, I make it a rule to have rice at dinner.	
JLPT-한끝-N5-170	こまる	こまる	곤란하다, 난처하다	もし私の助言に従っていたら、きみは今そんな困ったことになっていないのに。	만약 내 조언을 따랐다면, 너는 지금 그런 난처한 일이 되어 있지 않았을 텐데.	If you had taken my advice, you wouldn't be in such trouble.	
JLPT-한끝-N5-171	五万	ごまん	5만	この図書館には５万冊以上の書物がある。	이 도서관에는 5만 권 이상의 서적이 있다.	This library has over 50,000 volumes.	
JLPT-한끝-N5-172	今月	こんげつ	이번 달	同じ頃、事務員・有村夏恵は、今月を限りに退職する旨を五鬼上に申し入れた。	같은 무렵 사무원 유무라 하루에는 이달 한 달 동안을 퇴직할 것을 오귀상에게 건의했다.	At the same time, the clerk Natsue Arimura told Gokijo of his intent to resign after this month.	
JLPT-한끝-N5-173	今週	こんしゅう	이번 주	今週、３日連続でカーアクションものの外国映画を字幕で見た。	이번 주 3일 연속으로 자동차 액션물 외화들을 자막으로 봤다.	This week I've watched foreign car-action movies for three days in a row by subtitles.	
JLPT-한끝-N5-174	さいふ	さいふ	지갑	トムが財布をなくした時、彼はついてなかったんだ。	톰이 지갑을 잃어버렸을 때 그는 운이 없었어.	When Tom lost his wallet, he was out of luck.	
JLPT-한끝-N5-175	魚	さかな	생선, 물고기	カナダ人が言うところでは、魚は酸性雨として知られているもののために、死にかけているとのことです。	캐나다인이 말하는 바로는 물고기는 산성비로 알려진 것 때문에 죽을 지경에 처해 있다고 합니다.	The fish are dying, the Canadians say, because of what's known as acid rain.	
JLPT-한끝-N5-176	先	さき	먼저, 앞	現在、参加を希望する方々がとても多く、状況によって１ヶ月先まで満席になっております。	현재 참여를 원하시는 분들이 굉장히 많고, 상황에 따라 한 달 전까지만 해도 만석입니다.	At present a very great number of people are seeking to participate and, depending on circumstances, up to a month ahead is fully booked.	
JLPT-한끝-N5-177	咲く	さく	피다	大変暖かい陽気なので、ばらの花がすぐ咲くでしょう。	매우 따뜻한 기운이 있기 때문에 장미꽃이 금방 피겠죠.	It is such warm weather that the roses will bloom soon.	
JLPT-한끝-N5-178	さす	さす	(우산을) 쓰다	彼女はジリジリするような日差しの中で、傘をさした。	그녀는 지저분한 햇살 속에서 우산을 썼다.	She put up an umbrella against a scorching sun.	
JLPT-한끝-N5-179	〜冊	〜さつ	~권	彼の研究室には、１、０００冊以上のノートが保存されていた。	그의 연구실에는 1,000권 이상의 노트가 보존되어 있었다.	Preserved in his laboratory were more than a thousand notebooks.	
JLPT-한끝-N5-180	雑誌	ざっし	잡지	この雑誌によれば、日本の経済状態は年々悪化してきている。	이 잡지에 따르면 일본의 경제 상태는 해마다 악화되고 있다.	According to this magazine, the economic situation in Japan is getting worse year by year.	
JLPT-한끝-N5-181	砂糖	さとう	설탕	もしコーヒーが苦かったら、砂糖をふやしてください。	만약 커피가 쓴다면 설탕을 갈아주세요.	If your coffee is too strong, add some sugar.	
JLPT-한끝-N5-182	寒い	さむい	춥다	人間も極度に寒い温度に対しては、防御装置を備えている。	인간도 극도로 추운 온도에 대해서는 방어 장치를 갖추고 있다.	Man, too, has been given protective devices against extreme temperatures.	
JLPT-한끝-N5-183	三千円	さんぜんえん	3천 엔	彼は一日三千円で生活している。	그는 하루에 삼천엔으로 생활하고 있다.	He exists on 3,000 yen a day.	
JLPT-한끝-N5-184	三千六百円	さんぜんろっぴゃくえん	3600엔	修理には三千六百円かかると言われたが、買い替えるよりは安い。	수리에는 3,600엔이 든다고 했지만 새로 사는 것보다는 싸다.		
JLPT-한끝-N5-185	さんぽする	さんぽする	산책하다	健康を保つため、雨の日を除いて毎朝さんぽすることにしている。	건강을 유지하기 위해 비 오는 날을 제외하고 매일 아침 산책하기로 했다.		
JLPT-한끝-N5-186	三万円	さんまんえん	3만 엔	その財布には、約三万円のほか、彼の運転免許証も入っていた。	그 지갑에는 약 삼만엔 외에 그의 운전면허증도 들어 있었다.	In addition, to about 30,000 yen, the wallet contained his driver's license.	
JLPT-한끝-N5-187	三分	さんぷん	3분	その新聞の発行部数は競争紙の三分の一に過ぎない。	그 신문의 발행 부수는 경쟁지의 3분의 1에 불과하다.	The circulation of the newspaper is only one-third that of its competitor.	
JLPT-한끝-N5-188	三本	さんぼん	3병	チョークを三本ください。	초크 세 개 주세요.	Give me three pieces of chalk.	
JLPT-한끝-N5-189	試合	しあい	시합	マリガンは、今度の試合については何の問題はないという。	마리안은 이번 경기에 대해서는 아무 문제가 없다고 한다.	Mulligan says he'll sleep easy until the fight.	
JLPT-한끝-N5-190	四月	しがつ	4월	山の方では、四月の末になって初めて地面から雪が消える。	산 쪽에서는 4월 말이 되어서야 비로소 땅에서 눈이 사라진다.	In the mountains it is not until the end of April that the snow disappears completely from the ground.	
JLPT-한끝-N5-191	時間	じかん	시간	時間があれば、ちょっとある問題について話したいんだけど。	시간이 있으면 어떤 문제에 관해 잠깐 이야기하고 싶어.	If you have a minute, I'd like to talk to you about some problems.	
JLPT-한끝-N5-192	仕事	しごと	일, 업무	あなたの仕事はまったく満足できるというわけではない。	당신의 일은 전혀 만족스럽다는 것은 아니다.	Your work is not altogether satisfactory.	
JLPT-한끝-N5-193	静かだ	しずかだ	조용하다	彼女は静かだから、君は彼にきづかない。	그녀는 조용하기 때문에 너는 그를 못 알아본다.	He's so cool that you wouldn't notice him.	
JLPT-한끝-N5-194	辞書	じしょ	사전	辞書に書いてあることが、常に正しいとは限らない。	사전에 쓰여 있는 것이 항상 옳은 것은 아니다.	What a dictionary says is not always right.	
JLPT-한끝-N5-195	下	した	아래	彼はシモンをイエスのもとにつれてきた。イエスはシモンに目を留めて言われた。	그는 시몬을 예수님께 데려왔고 예수님은 시몬에게 눈길 한 번 주지 말라고 하셨다.	Then he brought Simon to Jesus, who looked at him and spoke.	
JLPT-한끝-N5-196	したい	したい	하고 싶다	彼女はガードレールの強度について、ぜひ意見交換をしたいと望んでいます。	그녀는 가드레일 강도에 대해 꼭 의견을 교환하기를 원합니다.	She would value the opportunity to exchange views on the strength of guard-rails.	
JLPT-한끝-N5-197	七月	しちがつ	7월	病院に長期入院する患者向けの療養病床が七月以降激減し、「介護・医療難民」が大量発生しかねない事態が危ぐされています。	병원에 장기 입원하는 환자를 위한 요양병상이 7월 이후 급감하면서 '간병·의료 난민'이 대량 발생할 수 있는 사태가 우려되고 있습니다.	Chronic care beds for patients long stay patients will be drastically cut from July, a state where many people will be cut off from nursing and treatment is feared.	
JLPT-한끝-N5-198	七時	しちじ	7시	もう七時３０分だ、大急ぎで行かなくては。	벌써 7시 30분이다, 서둘러서 가야 해.	It's 7:30 now-I must fly.	
JLPT-한끝-N5-199	質問する	しつもんする	질문하다	私にそんなにたくさん質問するな。自分の頭を使え。	나한테 그렇게 많이 질문하지 마 자기 머리 써.	Don't ask me so many questions. Use your head.	
JLPT-한끝-N5-200	失礼します	しつれいします	실례합니다	「おさきにしつれいします」「おつかれさまでした」	"""앞으로 잘할게요"" ""수고하세요"""	"""I'm finished for the day."" ""Much appreciated."""	
JLPT-한끝-N5-201	自動車	じどうしゃ	자동차	空気汚染の問題があるので、自転車が自動車にとってかわる日があるかもしれない。	공기 오염의 문제가 있기 때문에 자전거가 자동차와 달라질 날이 있을지도 모른다.	Because of the problem of air pollution, the bicycle may some day replace the automobile.	
JLPT-한끝-N5-202	閉まる	しまる	닫히다	ジョンの言うことには、銀行は午後３時に閉まる。	존이 말하는 바에 따르면 은행은 오후 3시에 문을 닫는다.	According to John, the bank closes at 3 p.m.	
JLPT-한끝-N5-203	閉める	しめる	닫다	私は窓を閉め忘れただけでなく、掃除することも忘れた。	나는 창문을 닫는 것뿐만 아니라 청소하는 것도 잊었다.	Not only did I forget to close the window, but I also forgot to sweep.	
JLPT-한끝-N5-204	写真	しゃしん	사진	女性は、写真から帽子を取り除く事は可能かどうか、カメラマンに聞いた。	여성은 사진에서 모자를 제거하는 것이 가능한지 카메라맨에게 물었다.	She wanted to know if the photographer could remove the hat from the picture.	
JLPT-한끝-N5-205	写真をとる	しゃしんをとる	사진을 찍다	うまい写真をとるにはちょっとした工夫とコツがあるんです。	잘하는 사진을 찍으려면 약간의 궁리와 요령이 있어요.	To take good pictures there are some knacks to learn and a little trick.	
JLPT-한끝-N5-206	シャツ	シャツ	셔츠	あのシャツは汚い。学校に行く前に洗う必要があります。	저 셔츠는 더러워, 학교에 가기 전에 씻어야 해요.	That shirt is very dirty. It needs washing before you go to school.	
JLPT-한끝-N5-207	シャワー	シャワー	샤워	国立公園によって、シャワーや託児施設まで提供してくれるところもある。	국립공원에 따라 샤워와 탁아시설까지 제공해주는 곳도 있다.	Some national parks offer showers and even baby-sitting services.	
JLPT-한끝-N5-208	授業	じゅぎょう	수업	英語の授業では、時々輪になって座り、読んでいる本について話し合いをすることもあります。	영어 수업에서는 종종 빙 둘러 앉아 읽고 있는 책에 대해 이야기를 나누기도 합니다.	In the English class sometimes we sit in a circle to talk about a book we are reading.	
JLPT-한끝-N5-209	宿題	しゅくだい	숙제	宿題を終えた後、私はトルーマンの本の中で読んだある事柄について考えた。	숙제를 마친 후 나는 트루먼의 책에서 읽은 어떤 사항에 대해 생각했다.	After completing the homework, I reflected on something I had read in Truman's.	
JLPT-한끝-N5-210	上手だ	じょうずだ	능숙하다	彼女はテニスをするだけでなく、スキーもとても上手だ。	그녀는 테니스를 칠 뿐만 아니라 스키도 매우 잘 타.	Besides playing tennis she skis very well.	
JLPT-한끝-N5-211	丈夫だ	じょうぶだ	튼튼하다	赤ん坊の時は弱かったのに、今では彼はとても丈夫だ。	아기였을 때는 약했는데 지금은 그는 아주 튼튼하다.	Whereas he was weak as a baby, he is now very strong.	
JLPT-한끝-N5-212	食堂	しょくどう	식당	クラスのみんなが学生食堂の食べ物を気に入っているわけではない。	반 모두가 학생식당 음식을 좋아하지는 않는다.	Not all my classmate like the food in the cafeteria.	
JLPT-한끝-N5-213	知る	しる	알다	この世のことは、何もかも知るというわけにはいかない。	이 세상 일은 모든 것을 다 안다고 할 수는 없다.	We cannot know everything in the world.	
JLPT-한끝-N5-214	白い	しろい	희다	私は白い物が空を飛んでいるのを見て、その結果、天使の存在を信じるようになった。	나는 흰 물체가 하늘을 날고 있는 것을 보았고 그 결과 천사의 존재를 믿게 되었다.	I saw something white flying in the sky, so that I came to believe in angels.	
JLPT-한끝-N5-215	新聞	しんぶん	신문	今日の新聞によると、また台風がやってくるそうだ。	오늘 신문에 의하면 또 태풍이 온다고 한다.	Today's paper says that another typhoon is on its way.	
JLPT-한끝-N5-216	スイッチ	スイッチ	스위치	彼は、まだスイッチを押し込む力を十分持ち合わせていた。	그는 여전히 스위치를 밀어 넣는 힘을 충분히 가지고 있었다.	He was still strong enough to squeeze a switch.	
JLPT-한끝-N5-217	水よう日	すいようび	수요일	結果は水よう日に発表される予定だが、変更される可能性もある。	결과는 수요일에 발표될 예정이지만 변경될 가능성도 있다.		
JLPT-한끝-N5-218	吸う	すう	피우다	たばこを吸うのは、健康にとって危険であると指摘されることが多い。	담배를 피우는 것은 건강에 위험하다고 지적받는 경우가 많다.	It is often pointed out that smoking is a danger to health.	
JLPT-한끝-N5-219	スカート	スカート	스커트, 치마	スカートを脱ぐだけで、彼のズボンはもう我慢汁でビショビショだった。	치마를 벗기만 하면 그의 바지는 이미 참기 위해 비비비비비 비비비 비비댔다.	I only had to take off my skirt and his pants were soaked with precum. [XXX]	
JLPT-한끝-N5-220	スキー	スキー	스키	彼女はテニスをするだけでなく、スキーもとても上手だ。	그녀는 테니스를 칠 뿐만 아니라 스키도 매우 잘 타.	Besides playing tennis she skis very well.	
JLPT-한끝-N5-221	すきだ	すきだ	좋아하다	私はスーザンもすきだが、２人のうちではスーザンの方が素敵だと思う。	나는 수잔도 좋아하지만, 둘 중에선 수잔이 더 멋지다고 생각해.	I like both Susan and Betty, but I think Susan is the nicer.	
JLPT-한끝-N5-222	少ない	すくない	적다	規則は少なく、さらに重要なことには、簡単でなければならない。	규칙은 적고 더 중요한 일에는 쉬워야 한다.	The rules must be few, and what is more important simple.	
JLPT-한끝-N5-223	すぐに	すぐに	바로	言葉の壁にもかかわらず、私たちはすぐに友達になった。	언어의 장벽에도 불구하고 우리는 곧 친구가 되었다.	In spite of the language difficulty, we soon become friends.	
JLPT-한끝-N5-224	少し	すこし	조금	最も愛する人に対しては、最も少ししか語れないものだ。	가장 사랑하는 사람에 대해서는 가장 조금밖에 말할 수 없는 것이다.	Whom we love best to them we can say least.	
JLPT-한끝-N5-225	進む	すすむ	진행하다	しかし全ての物質の中を同じ速度で進むのではなく、ものによって速くもなり遅くもなる。	그러나 모든 물질 속을 같은 속도로 나아가는 것이 아니라 사물에 따라 빠르기도 느리기도 하다.	But light does not travel at the same speed through all materials; it goes slower through some than through others.	
JLPT-한끝-N5-226	ストーブ	ストーブ	스토브, 난로	薬缶がストーブの上でチンチン鳴っています。	약 캔이 난로 위에서 칭칭 울리고 있습니다.	The kettle is whistling on the stove.	
JLPT-한끝-N5-227	スペイン	スペイン	스페인	はじめてスペインに行ったとき、私にとってすべてがわくわくさせるものでした。	처음 스페인에 갔을 때는 모든 것이 나를 설레게 했다.	Everything was exciting to me when I visited Spain for the first time.	
JLPT-한끝-N5-228	スポーツ	スポーツ	스포츠	ここの生徒の全員がスポーツ好きというわけではない。	이곳 학생들 모두가 스포츠를 좋아하는 것은 아니다.	It's not that every student likes sports.	
JLPT-한끝-N5-229	住む	すむ	살다	その国に住む人々は、指導者に対して思い切って自分の意見を述べる事ができなかった。	그 나라에 사는 사람들은 지도자에 대해 큰맘 먹고 자기 의견을 말할 수 없었다.	Those who lived in the country could not speak out against their leaders.	
JLPT-한끝-N5-230	セーター	セーター	스웨터	寒くなるにつれて、セーターがほしくなった。	날씨가 추워지면서 스웨터를 갖고 싶어졌다.	As the day got cooler, I had to put on a sweater.	
JLPT-한끝-N5-231	せまい	せまい	좁다	外国へ行ってみると、日本がいかにせまいか初めて分かる。	외국을 가보면 일본이 얼마나 촘촘한지 처음 알 수 있다.	It is not until you go abroad that you realize how small Japan is.	
JLPT-한끝-N5-232	千円	せんえん	1000엔	「それはいくらかかりましたか」「千円かかりました」	"""그건 얼마나 들었어요"" ""천 엔 들었어요"""	"""How much did it cost?"" ""It cost me a thousand yen."""	
JLPT-한끝-N5-233	先月	せんげつ	지난달	今月の鉄鋼の生産は、先月より２％増になるだろう。	이번 달 철강 생산은 지난달보다 2% 증가할 것이다.	Steel production will increase 2% this month from last month.	
JLPT-한끝-N5-234	先週	せんしゅう	지난주	先週には、大きな力を持つ経団連が、規制解除のため中央政府を訪問した。	지난주에는 큰 힘을 가진 게이단렌이 규제 해제를 위해 중앙정부를 방문했다.	Last week the powerful Keidanren called on Tokyo to lift the ban.	
JLPT-한끝-N5-235	掃除	そうじ	청소	私は窓を閉め忘れただけでなく、掃除することも忘れた。	나는 창문을 닫는 것뿐만 아니라 청소하는 것도 잊었다.	Not only did I forget to close the window, but I also forgot to sweep.	
JLPT-한끝-N5-236	先生	せんせい	선생님	彼は偉い学者で、さらによいことには、良い先生だ。	그는 훌륭한 학자로, 더 좋은 것은 좋은 선생님이다.	He is a great scholar, and, what is better, a good teacher.	
JLPT-한끝-N5-237	全部	ぜんぶ	전부	うまく、あの学校に入れたものの全部が全部、詰め込み勉強だけで入れたわけではなかったろう。	잘도, 그 학교에 넣었던 모든 것이 다 주입식 공부만으로 넣은 것은 아니었을 것이다.	All those who made the grade in entering that school could not have done so only by cramming.	
JLPT-한끝-N5-238	外	そと	밖	大幅な貿易黒字にもかかわらず、貿易収支外の赤字のために計上収支黒字はそれほど大きくない。	큰 폭의 무역흑자에도 불구하고 무역수지 외의 적자 때문에 계상수지 흑자는 그리 크지 않다.	Despite a large surplus in merchandise trade, the current account surplus is not so big due to a deficit in invisible trade.	
JLPT-한끝-N5-239	そば	そば	옆	家に帰ると、母は泣きながらドアのそばに立っていた。	집에 돌아오니 어머니는 울면서 문 옆에 서 있었다.	When I came home, my mother was standing by the door in tears.	
JLPT-한끝-N5-240	祖父	そふ	조부, 할아버지	祖父は京都に５０年以上も住んでいるので、京都の地理に明るい。	할아버지는 교토에 50년 이상 살고 있어서 교토의 지리에 밝다.	My grandfather has lived in Kyoto for over 50 years, so he knows his way about.	
JLPT-한끝-N5-241	祖母	そぼ	조모, 할머니	私の祖母はオートバイに乗れる。まして自転車はなおさらだ。	저희 할머니는 오토바이를 탈 줄 아시고 하물며 자전거는 더더욱 그렇다.	My grandmother can ride a motorcycle, and what's more, a bicycle.	
JLPT-한끝-N5-242	空	そら	하늘	時がたつにつれて空は次第に暗くなった。	시간이 지나면서 하늘은 점차 어두워졌다.	As time went on, the sky grew darker and darker.	
JLPT-한끝-N5-243	それでは	それでは	그럼	それでは、習慣は人間生活の偉大な道しるべである。	그렇다면 습관은 인간 삶의 위대한 이정표다.	Custom, then, is the great guide of human life.	
JLPT-한끝-N5-244	〜だい	〜だい	~대	君が働きに出ることには反対しないけれども、子供達の面倒はどうするつもりだい。	네가 일하러 나가는 것은 반대하지 않지만, 아이들을 돌보는 것은 어떻게 할 거야.	I don't object to your going out to work, but who will look after the children?	
JLPT-한끝-N5-245	大学	だいがく	대학(교)	その大学は２０年前に、彼の父によって創設された。	그 대학은 20년 전에 그의 아버지에 의해 창설되었다.	The university was founded by his father twenty years ago.	
JLPT-한끝-N5-246	だいじょうぶだ	だいじょうぶだ	괜찮다	検査ではだいじょうぶだと言われたものの、痛みが続くので再受診した。	검사에서는 괜찮다고 했지만 통증이 계속되어 다시 진료를 받았다.		
JLPT-한끝-N5-247	大切だ	たいせつだ	중요하다	私たちの先生はいつも、新聞を読んで世界の出来事に遅れずについていくことは大切だ、といっています。	우리 선생님은 항상 신문을 읽고 세상의 사건들에 뒤처지지 않고 따라가는 것이 중요하다고 합니다.	Our teacher always tells us that keeping up with world events by reading the newspaper is very important.	
JLPT-한끝-N5-248	たいてい	たいてい	대개	たいていの人は、人間をただその人の成功なり、あるいは幸運によってのみ判断する。	대개의 사람은 인간을 오직 그 사람의 성공이나 혹은 행운에 의해서만 판단한다.	Most people judge men only by their success or their good fortune.	
JLPT-한끝-N5-249	台所	だいどころ	부엌	じゃがいもが女たちによって、台所で料理されていた。	감자가 여자들에 의해 부엌에서 요리되고 있었다.	Potatoes were being cooked in the kitchen by the girls.	
JLPT-한끝-N5-250	大変だ	たいへんだ	힘들다	仕事をする時仲間が多いと、コンセンサスをとるのが意外と大変だ。	일을 할 때 동료가 많으면 공감대를 형성하는 게 의외로 힘들다.	When you're at work, if you have a lot of workmates, it's surprisingly difficult to build a consensus.	
JLPT-한끝-N5-251	高い	たかい	높다, 비싸다	タイレルの調査で収集されたデータは、管理者にとっても教育者にとっても非常に価値の高いものである。	타이렐의 조사에서 수집된 데이터는 관리자에게나 교육자에게나 매우 가치가 높은 것이다.	The data collected in Tyrel's research is of great value both to administrators and to educators.	
JLPT-한끝-N5-252	たくさん	たくさん	많이	この（英語で）４語はたくさんの複雑な情報を伝えるばかりでなく、諺の持つ説得力もあるのである。	이 네 단어는 많은 복잡한 정보를 전달할 뿐만 아니라 속담들이 가진 설득력도 있는 것이다.	Those four words carried not only a lot of complex information, but also the persuasive force of a proverb.	
JLPT-한끝-N5-253	タクシー	タクシー	택시	タクシーがなければ、歩かなければならないだろう。	택시가 없으면 걸어야 할 거야.	If there are no taxis, we'll have to walk.	
JLPT-한끝-N5-254	出す	だす	꺼내다, 부치다	ただし、安全日だからって、中出ししても妊娠しないというわけではないらしいです。	다만 안전일이라고 해서 내놓고도 임신을 안 한다는 건 아닌 것 같습니다.	However, it seems that just because it's a 'low risk day' doesn't mean that you won't get pregnant from intravaginal ejaculation.	
JLPT-한끝-N5-255	立つ	たつ	서다	薬によっては、役に立つどころか逆に害になるものもある。	약에 따라서는 도움이 되기는커녕 오히려 해가 되는 것도 있다.	Some medicines will do you more harm than good.	
JLPT-한끝-N5-256	建物	たてもの	건물	あの煙を見なさい。あそこの建物が燃えているに違いない。	저 연기를 봐라 저기 건물이 불타고 있는 게 틀림없어.	Look at that smoke. That building must be on fire.	
JLPT-한끝-N5-257	楽しい	たのしい	즐겁다	彼は森の中を歩いた。頭上では鳥が楽しくさえずっていた。	그는 숲속을 걸었다. 머리 위에서는 새들이 즐겁게 지저귀고 있었다.	He walked in the forest, with birds singing cheerfully above his head.	
JLPT-한끝-N5-258	たぶん	たぶん	아마	アメリカ人が事件に対して影響力をもっと持っていなかったならば、戦争はたぶん避けられたかも知れない。	미국인이 사건에 대해 영향력을 더 갖지 않았다면 전쟁은 어쩌면 피할 수 있었을지도 모른다.	If the Americans had had less influence on affairs, war might well have been avoided.	
JLPT-한끝-N5-259	食べもの	たべもの	음식, 먹을 것	い、いっつも食べ物で懐柔されるとは、限りませんからねっ。	앗, 한가지 음식으로도 회유당한다고는 할 수 없으니까요.	Don't think you'll always be able to placate me with food!	
JLPT-한끝-N5-260	食べる	たべる	먹다	その病気の女性は何でも食べるというわけではなかった。	그 병에 걸린 여성은 무엇이든 먹는다는 것은 아니었다.	The sick woman cannot eat just anything.	
JLPT-한끝-N5-261	たんじょうび	たんじょうび	생일	たんじょうびだからといって、高価な贈り物が必要なわけではない。	생일이라고 해서 비싼 선물이 필요한 것은 아니다.		
JLPT-한끝-N5-262	だんだん	だんだん	점점	年をとるにつれて、人はだんだん無邪気でなくなる。	나이가 들수록 사람은 점점 순진해지지 않는다.	The older we grow, the less innocent we become.	
JLPT-한끝-N5-263	小さい	ちいさい	작다	「僕は、僕の願い事について考えていたのだ」小さい黒いウサギがいいました。	"""저는 제 소원에 대해 생각했었어요."" 작은 검은 토끼가 좋았습니다."	"""I'm just thinking about my wish,"" replied the little black rabbit."	
JLPT-한끝-N5-264	近い	ちかい	가깝다	近いうちに雨が降らない限り、この町は深刻な水不足になるだろう。	조만간 비가 오지 않는 한 이 마을은 심각한 물 부족이 될 것이다.	This city will suffer from an acute water shortage unless it rains soon.	
JLPT-한끝-N5-265	違う	ちがう	틀리다, 다르다	金持ちか貧乏かによって、ものの見方が違うものだ。	부자인지 가난인지에 따라 사물을 보는 방식이 다른 법이다.	We see things differently according to whether we are rich or poor.	
JLPT-한끝-N5-266	近く	ちかく	근처	環境汚染についての恐れは、人々に発電所の近くに家を建てることを思いとどまらせた。	환경오염에 대한 두려움은 사람들에게 발전소 근처에 집을 짓는 것을 단념하게 만들었다.	Fear of pollution discouraged people from building homes near power plants.	
JLPT-한끝-N5-267	地図	ちず	지도	その地図がなかったら、彼は道に迷っていただろう。	그 지도가 없었다면 그는 길을 잃었을 것이다.	Without the map, he would have got lost.	
JLPT-한끝-N5-268	父	ちち	아버지	父がガンで亡くなって、私はガンについての研究を始めようと考えた。	아버지가 암으로 돌아가셔서 나는 암에 대한 연구를 시작하려고 생각했다.	My father's death from cancer challenged me to take up research on it.	
JLPT-한끝-N5-269	ちょうど	ちょうど	마침, 꼭	事実は科学にとって、ちょうど詩人にとっての言葉のようなものである。	사실은 과학에 있어서, 마침 시인에 있어서의 말 같은 것이다.	Facts are to science what words are to the poets.	
JLPT-한끝-N5-270	チョコレート	チョコレート	초콜릿	ダイエットをしていたが、そのチョコレートケーキは彼女を誘惑した。	다이어트를 하고 있었는데, 그 초콜릿 케이크는 그녀를 유혹했다.	The chocolate cake tempted her even though she was dieting.	
JLPT-한끝-N5-271	使う	つかう	쓰다, 사용하다	肌がヒリつくどころか、使う前より肌が安定してるんです。	피부가 뻑뻑하기는커녕 사용하기 전보다 피부가 안정적이에요.	Far from irritating my skin it was better than before I used it.	
JLPT-한끝-N5-272	つかれる	つかれる	피로해지다, 지치다	私は疲れていたが、それにもかかわらず眠れなかった。	나는 피곤했지만 그럼에도 불구하고 잠이 오지 않았다.	I was very tired, but I was nevertheless unable to sleep.	
JLPT-한끝-N5-273	つく	つく	켜지다	あなたが彼について見たことから判断すると、この男は臆病者ではない。	당신이 그에 대해 본 것으로 보아 이 남자는 겁쟁이가 아니다.	Judging from what you have seen of him, this fellow is not a coward.	
JLPT-한끝-N5-274	つける	つける	켜다	彼女は葬儀に参加するだけでなく、すべての段取りをつけなくてはならない。	그녀는 장례식에 참석할 뿐만 아니라 모든 절차를 밟아야 한다.	Besides attending the funeral, she needs to make all the arrangements.	
JLPT-한끝-N5-275	つまらない	つまらない	재미없다, 시시하다	その祭りはつまらないどころではありませんでした。	그 축제는 재미없는 것은 아니었어요.	The festival was far from dull.	
JLPT-한끝-N5-276	冷たい	つめたい	차갑다	虫歯ができちゃって、冷たい物を食べるとしみるんだ。	충치가 생겨서 찬 음식을 먹으면 시린다.	Since I developed this cavity, my tooth has been really sensitive to heat and cold.	
JLPT-한끝-N5-277	強い	つよい	강하다	その工事は住民からの強い反対にもかかわらず、続けられた。	그 공사는 주민들의 강한 반대에도 불구하고 계속되었다.	They carried on with the construction in the face of strong opposition from the residents.	
JLPT-한끝-N5-278	手	て	손	それは定石通りというだけで、手を抜いたわけではないのです。	그건 정석대로라고만 할 뿐 손을 뺀 건 아니에요.	That's just standard practise, it's not like they're cutting corners.	
JLPT-한끝-N5-279	テーブル	テーブル	테이블	その数百年後に、フォークが西洋のテーブルに現れることになるが、ただちに受け入れられたわけではなかった。	그 수백 년 후에 포크가 서양의 테이블에 나타나게 되는데, 곧바로 받아들여진 것은 아니었다.	The fork made its way to Western tables several hundred years later, but it was not immediately accepted.	
JLPT-한끝-N5-280	出かける	でかける	외출하다	何百万の人が実際に自分で見に出かけるとき以上の数のゲームを見ることが出来る。	수백만 명이 실제로 직접 보러 나갈 때 이상의 수의 게임을 볼 수 있다.	Millions of people can see more games than when they have to attend each one in person.	
JLPT-한끝-N5-281	手紙	てがみ	편지	これらの手紙に関しては、燃やしてしまうのが一番いいと思う。	이 편지들에 관해서는 태워 버리는 것이 가장 좋다고 생각한다.	With respect to these letters, I think the best thing is to burn them.	
JLPT-한끝-N5-282	デパート	デパート	백화점	私は服についてはたいていそのデパートで買います。	저는 옷에 대해서는 대개 그 백화점에서 삽니다.	I usually buy my clothes at the department store.	
JLPT-한끝-N5-283	でも	でも	하지만	むろん、舟は何百艘も水面を動きまわっているが、どれでもいいというわけにはいかない。	물론 배들은 수백 척이나 수면을 휘젓고 다니지만 아무거나 다 좋다고 할 수는 없다.	Of course there were several hundred boats moving around on the water but not just any old one would do.	
JLPT-한끝-N5-284	出る	でる	나가다	君が働きに出ることには反対しないけれども、子供達の面倒はどうするつもりだい。	네가 일하러 나가는 것은 반대하지 않지만, 아이들을 돌보는 것은 어떻게 할 거야.	I don't object to your going out to work, but who will look after the children?	
JLPT-한끝-N5-285	天気	てんき	날씨	日が経つにつれて、天気は次第に悪化しつつあった。	날이 갈수록 날씨가 점점 나빠지고 있었다.	The weather was getting worse and worse as the day went on.	
JLPT-한끝-N5-286	電気	でんき	전기	その発電所は、その遠く離れた郡に電気を供給している。	그 발전소는 그 멀리 떨어진 군에 전기를 공급하고 있다.	The power plant supplies the remote country with electricity.	
JLPT-한끝-N5-287	電車	でんしゃ	전철	その電車に乗り遅れない限り、そこへ間に合って着くでしょう。	그 기차를 놓치지 않는 한, 거기에 늦지 않게 도착할 거예요.	You'll get there in time, so long as you don't miss the train.	
JLPT-한끝-N5-288	電話	でんわ	전화	あなたは可能な限り早く、あなたのお母さんに電話をするべきである。	당신은 가능한 한 빨리 당신의 어머니에게 전화를 해야 한다.	You should call your mother as soon as possible.	
JLPT-한끝-N5-289	ドア	ドア	문, 도어	ドアは私と同じくらいの背の高い男性によって開けられた。	문은 나만큼이나 키가 큰 남자에 의해 열렸다.	The door was opened by a tall man.	
JLPT-한끝-N5-290	どういたしまして	どういたしまして	천만의 말씀입니다	「手伝ってくれてありがとう」「どういたしまして」	"""도와줘서 고마워요"" ""어떻게 해요"""	"""Thank you for your help."" ""It's my pleasure."""	
JLPT-한끝-N5-291	どうぞよろしく	どうぞよろしく	잘 부탁합니다	ご両親にどうぞよろしくお伝えください。	부모님께 부디 안부 전해 주세요.	Remember me to your parents.	
JLPT-한끝-N5-292	動物	どうぶつ	동물	人間や動物の生活も、この大気という環境への対応の仕方によって左右される。	인간과 동물의 생활도 이 대기라는 환경에 대한 대응 방식에 따라 좌우된다.	Human and animal life are influenced by their reactions to the atmospheric environment.	
JLPT-한끝-N5-293	遠い	とおい	멀다	子供が親から遠く離れていたら、彼らの安全や幸福に関して親がしてやれることはない。	자녀가 부모로부터 멀리 떨어져 있다면 그들의 안전이나 행복에 관해 부모가 할 수 있는 일은 없다.	When they are far away, there is nothing we can do about their safety or welfare.	
JLPT-한끝-N5-294	十日	とおか	10일	彼は一週間前、つまり五月十日にヨーロッパに向かった。	그는 일주일 전, 즉 오월 십일에 유럽으로 향했다.	He left for Europe a week ago, that is, on the tenth of May.	
JLPT-한끝-N5-295	ときどき	ときどき	때때로	ときどき彼は、仕事の帰りにこの書店に立ち寄ります。	가끔 그는 퇴근길에 이 서점에 들릅니다.	Every now and then he drop in at this bookstore on his way home from the office.	
JLPT-한끝-N5-296	時計	とけい	시계	正確な時間に関して、その部屋の時計をあてにしてはいけない。	정확한 시간에 관해 그 방의 시계를 대면 안 된다.	Do not rely on the room clock for the accurate time of day.	
JLPT-한끝-N5-297	所	ところ	곳, 장소	まだテスト結果については何も報告がないので、みんな待っているところです。	아직 테스트 결과에 대해서는 아무런 보고가 없어서 다들 기다리는 중이에요.	We're all waiting because there's no news about the test results as yet.	
JLPT-한끝-N5-298	図書館	としょかん	도서관	私はその図書館へいった。そして偶然、アンにあった。	나는 그 도서관에 갔다 그리고 우연히 앤을 만났다.	I went into the library; where I happened to meet Ann.	
JLPT-한끝-N5-299	どちら	どちら	어느 쪽	農民はどちらの候補者を支持するかについて、いまだ決めかねています。	농민들은 어느 후보자를 지지할지에 대해 아직 결정하지 못했습니다.	Farmers are still sitting on the fence over which candidate to back.	
JLPT-한끝-N5-300	隣	となり	이웃, 옆	もうこれ以上隣近所の人たちとはうまくやっていけない。	이제 더 이상 이웃 사람들과는 잘 지내지 못한다.	I can't get along with the neighbors any more.	
JLPT-한끝-N5-301	飛ぶ	とぶ	날다	愛は愛から飛び去る翼があるに違いないが、また飛んで戻って来る翼も持っているに違いない。	사랑은 사랑에서 날아가는 날개가 있음에 틀림없지만, 또 날아와서 돌아오는 날개도 가지고 있음에 틀림없다.	Love must have wings to fly away from love, And to fly back again.	
JLPT-한끝-N5-302	止まる	とまる	멈추다	それはとてものろい列車だった。小さな駅ごとに止まるのだった。	그것은 아주 느린 열차였다. 작은 역마다 멈추는 것이었다.	It was a very slow train. It stopped at every little station.	
JLPT-한끝-N5-303	友だち	ともだち	친구	言葉の壁にもかかわらず、私たちはすぐに友達になった。	언어의 장벽에도 불구하고 우리는 곧 친구가 되었다.	In spite of the language difficulty, we soon become friends.	
JLPT-한끝-N5-304	土よう日	どようび	토요일	土よう日は窓口が混雑するため、予約してから来てください。	토요일에는 창구가 붐비므로 예약한 뒤 방문해 주세요.		
JLPT-한끝-N5-305	とる	とる	집다	彼が音楽について大変詳しいのは我々にとって意外なことでした。	그가 음악에 대해 매우 잘 아는 것은 우리에게 뜻밖의 일이었습니다.	His extensive knowledge of music was a revelation to us.	
JLPT-한끝-N5-306	ナイフ	ナイフ	나이프, 칼	中国の食べ物は、ナイフやフォークを使って切る必要がないくらい細かくして出された。	중국 음식은 칼이나 포크를 사용해 자를 필요가 없을 정도로 잘게 만들어졌다.	Chinese food was served in small portions which did not require cutting with a knife or fork.	
JLPT-한끝-N5-307	中	なか	안, 속, 중	ただし、安全日だからって、中出ししても妊娠しないというわけではないらしいです。	다만 안전일이라고 해서 내놓고도 임신을 안 한다는 건 아닌 것 같습니다.	However, it seems that just because it's a 'low risk day' doesn't mean that you won't get pregnant from intravaginal ejaculation.	
JLPT-한끝-N5-308	長い	ながい	길다	長い目で見ると、私達はこの機械を買うことによって、沢山のお金を節約できます。	긴 안목으로 보면 우리는 이 기계를 구입함으로써 많은 돈을 절약할 수 있습니다.	In the long run we can save much money by buying this machine.	
JLPT-한끝-N5-309	夏休み	なつやすみ	여름 휴가, 여름 방학	私は夏休みをたとえ全部ではないにしても、４分の３以上を旅行で過ごした。	나는 여름방학을 비록 전부가 아니더라도 4분의 3 이상을 여행에서 보냈다.	I spent more than three-fourths, if not all, of my summer holidays on trip.	
JLPT-한끝-N5-310	七千円	ななせんえん	7천 엔	この講座の受講料は七千円にすぎないが、内容は非常に充実している。	이 강좌의 수강료는 7천 엔에 불과하지만 내용은 매우 알차다.		
JLPT-한끝-N5-311	七万円	ななまんえん	7만 엔	修理費が七万円を超えるなら、新しい製品を買うほうがよい。	수리비가 7만 엔을 넘는다면 새 제품을 사는 편이 낫다.		
JLPT-한끝-N5-312	何語	なにご	어느 나라 말	エギプトでは、何語が話されていますか。	에키토에서는 어떤 언어가 사용되고 있습니까?	What language do they speak in Egypt?	
JLPT-한끝-N5-313	七日	なのか	7일	あることにすすんで割こうとする時間量で、それが当人にとってどのくらい重要なのかが分かる。	어떤 일에 홀짝으로 나누려는 시간량으로 그것이 당신에게 얼마나 중요한지 알 수 있다.	The amount of time someone is willing to spend on something may communicate how important it is to him.	
JLPT-한끝-N5-314	名前	なまえ	이름	あなたの名前についていくつか質問してもいいですか。	당신의 이름에 대해 몇 가지 질문해도 될까요?	May I ask you some questions about your name?	
JLPT-한끝-N5-315	習う	ならう	배우다	これは英語を習いたいと思う人にとってよい本である。	이것은 영어를 배우고 싶어 하는 사람들에게 좋은 책이다.	This is a good book for anyone wishing to learn English.	
JLPT-한끝-N5-316	並べる	ならべる	늘어놓다	屁理屈ばかり並べて、お前の言ってること全然筋が通ってないよ。	허튼소리만 늘어놓고, 네가 하는 말이 전혀 이치에 맞지 않아.	All you do is string together a bunch of farfetched ideas. I can't understand a word of it.	
JLPT-한끝-N5-317	何	なん・なに	무엇	この世のことは、何もかも知るというわけにはいかない。	이 세상 일은 모든 것을 다 안다고 할 수는 없다.	We cannot know everything in the world.	
JLPT-한끝-N5-318	何人	なんにん	몇 명	新しい事業は何人かの事業家によって資金を賄われた。	새로운 사업은 몇몇 사업가에 의해 자금을 조달되었다.	The new venture was financed by a group of entrepreneurs.	
JLPT-한끝-N5-319	二かい	にかい	2층, 2번	受付は二かいに移ったため、一階には案内係が置かれている。	접수처가 2층으로 옮겨져 1층에는 안내원이 배치되어 있다.		
JLPT-한끝-N5-320	二冊	にさつ	2권	最近王室ファミリーについて出された本で二冊が傑出している。	최근 왕실 가족에 관해 출간된 책 가운데 두 권이 특히 뛰어나다.	Two books stand out among the dozens recently published on the Royal Family.	
JLPT-한끝-N5-321	西	にし	서쪽	もし太陽が西から上がっても、私は計画をあきらめない。	만약 태양이 서쪽에서 올라도 나는 계획을 포기하지 않을 거야.	If the sun were to rise in the west, I would never give up the plan.	
JLPT-한끝-N5-322	西がわ	にしがわ	서쪽, 서쪽 방면	西側諸国はドルを強めるために、協議し合わなければなりません。	서방 국가들은 달러를 강화하기 위해 협의해야 합니다.	Western nations have to put their heads together to strengthen the dollar.	
JLPT-한끝-N5-323	二時間	にじかん	2시간	彼女はピアノを二時間練習しなければならなかった。	그녀는 피아노를 두 시간 연습해야 했다.	She's meant to practice the piano for two hours.	
JLPT-한끝-N5-324	二時間半	にじかんはん	2시간 반	事故の影響で、電車は二時間半にわたって運転を見合わせた。	사고의 영향으로 전철은 두 시간 반 동안 운행을 중단했다.		
JLPT-한끝-N5-325	西口	にしぐち	서쪽 출구	会場へは駅の西口を出て、線路沿いに進んでください。	회장은 역의 서쪽 출구로 나가서 선로를 따라 가시면 됩니다.		
JLPT-한끝-N5-326	二十四時間	にじゅうよじかん	24시간	一日は二十四時間ある。	하루는 24시간 있어.	A day has twenty-four hours.	
JLPT-한끝-N5-327	二百回	にひゃっかい	200회	同じ操作を二百回繰り返した結果、装置に異常が見つかった。	같은 조작을 200회 반복한 결과 장치에서 이상이 발견되었다.		
JLPT-한끝-N5-328	日本語	にほんご	일본어	私の知る限りでは、その本は日本語には翻訳されていない。	내가 알기로는 그 책은 일본어로 번역되지 않았다.	As far as I know, the book has never been translated into Japanese.	
JLPT-한끝-N5-329	二万円	にまんえん	2만 엔	良樹はお金に困って五郎に二万円貸してくれと頼んだ。	료키는 돈이 궁해서 고로에게 2만엔 빌려달라고 부탁했다.	Yoshiki was hard up and asked Goro to lend him 20,000 yen.	
JLPT-한끝-N5-330	ぬぐ	ぬぐ	벗다	彼らはひと肌ぬごうともせず、ぼんやり立っていた。	그들은 한 땀 한 땀 하지 않고 멍하니 서 있었다.	They stood idle, instead of putting their shoulder to the wheel.	
JLPT-한끝-N5-331	ネクタイ	ネクタイ	넥타이	値段はさておき、そのネクタイは色が私に合わない。	가격은 차치하고 그 넥타이는 색깔이 나한테 안 맞아.	Apart from the cost, the color of the tie doesn't suit me.	
JLPT-한끝-N5-332	ねこ	ねこ	고양이	あなたのサイトは、猫に興味のある人達にとって魅力的です。	당신의 사이트는 고양이에 관심이 있는 사람들에게 매력적입니다.	Your site appeals to people who are interested in cats.	
JLPT-한끝-N5-333	登る	のぼる	오르다	その山に登るのは全く不可能というわけではない。	그 산에 오르는 것은 전혀 불가능한 것이 아니다.	It's not absolutely impossible to climb the mountain.	
JLPT-한끝-N5-334	飲みもの	のみもの	음료, 마실 것	その食事には飲み物だけでなくデザートも含まれています。	그 식사에는 음료뿐만 아니라 디저트도 포함되어 있어요.	The meal includes dessert as well as beverage.	
JLPT-한끝-N5-335	飲む	のむ	마시다, (약을) 먹다	ジョンはこのところ酒を飲みすぎている。彼がこれ以上酒を飲むのをやめさせなければならない。	존은 요즘 술을 너무 많이 마셔. 그가 더 이상 술을 마시는 것을 그만두게 해야 해.	John drinks too much these days. We have to stop him from drinking any more.	
JLPT-한끝-N5-336	乗る	のる	타다	その電車に乗り遅れない限り、そこへ間に合って着くでしょう。	그 기차를 놓치지 않는 한, 거기에 늦지 않게 도착할 거예요.	You'll get there in time, so long as you don't miss the train.	
JLPT-한끝-N5-337	歯	は	이	歯を食い縛る、喉元までせりあがった感情を強引に飲み込む。	이를 악무는 목구멍까지 차오른 감정을 억지로 삼킨다.	He gritted his teeth; forced back his growing fear.	
JLPT-한끝-N5-338	パーティー	パーティー	파티	私はパーティーに行くとジェインに約束したから、彼女をがっかりさせるわけにはいかない。	나는 파티에 간다고 제인에게 약속했기 때문에 그녀를 실망시킬 수는 없어.	I promised to go to the party with Jane, and I can't let her down.	
JLPT-한끝-N5-339	〜はい	〜はい	~잔	はい。１００メートルを１２秒で走る事ができます。	네, 100미터를 12초에 달릴 수 있어요.	Yes. He can run 100 meters within twelve seconds.	
JLPT-한끝-N5-340	入る	はいる	들어가다	私の知る限りでは、これが手に入る唯一の翻訳書だ。	내가 알기론 이게 구할 수 있는 유일한 번역서야.	To the best of my knowledge, this is the only translation available.	
JLPT-한끝-N5-341	はがき	はがき	엽서	彼女が私に送ってきてくれた葉書には、動物のにおいが大嫌いだと書かれていました。	그녀가 저에게 보내준 엽서에는 동물 냄새가 너무 싫다고 쓰여 있었어요.	She sent me a postcard that said she hates the smell of animals.	
JLPT-한끝-N5-342	はく	はく	(바지 등을) 입다, (신을) 신다	このくつを試しにはいて、合うかどうかみてみなさい。	이 버킷을 시험해 보고 맞는지 확인해 보세요.	Try these shoes on and see of they fit you.	
JLPT-한끝-N5-343	橋	はし	다리	眼鏡の形をしていることから、その橋を眼鏡橋とよぶ。	안경의 형태를 하고 있다 하여 그 다리를 안경다리라고 부른다.	Since the bridge looks like a pair of glasses, they call it Meganebashi.	
JLPT-한끝-N5-344	はじめて	はじめて	처음(으로)	明るくなりはじめて、物が次第に見えるようになった。	밝아지기 시작하면서 사물이 점차 보이게 되었다.	It began to be light, and things were becoming visible by degrees.	
JLPT-한끝-N5-345	はじめに	はじめに	처음에	いいえ、はじめに９番におかけ下さい。	아니요 처음에 9번에 앉으세요.	No, Please dial nine first.	
JLPT-한끝-N5-346	走る	はしる	달리다	その車は五千ドルもしたが、それにもかかわらず、まともに走らなかった。	그 차는 오천 달러나 했지만 그럼에도 불구하고 제대로 달리지 않았다.	The car cost $5000 and did not run well at that.	
JLPT-한끝-N5-347	バス	バス	버스	ジョージは、最近、３時間の格闘の末に釣った重さ３０ポンドのバスの話をしていた。	조지는 최근 3시간의 격투 끝에 잡은 무게 30파운드의 버스 이야기를 하고 있었다.	George was describing a 30 pound bass he'd caught recently after fighting it for three hours.	
JLPT-한끝-N5-348	二十歳	はたち	20살	彼女は二十歳だといったが、それはうそだった。	그녀는 스무 살이라고 했지만, 그건 거짓말이었다.	She said she was twenty years old, which was not true.	
JLPT-한끝-N5-349	働く	はたらく	일하다	今月の終わりまでには、この町で働く人の数は１０００以上になっているだろう。	이달 말까지는 이 마을에서 일하는 사람의 수가 1000개 이상이 될 것이다.	The number of the people working in this city will be more than one thousand by the end of this month.	
JLPT-한끝-N5-350	八時	はちじ	8시	しかし私は授業の間ずっと寝ていました。あなたは今までで、八時三十分からの授業で眠ったことはありませんか。	하지만 저는 수업 내내 자고 있었어요, 당신은 지금까지로, 8시 30분부터의 수업에서 잠든 적은 없나요?	But I slept right through the class. Don't you ever sleep through an eight-thirty class?	
JLPT-한끝-N5-351	八万円	はちまんえん	8만 엔	そのアルバイトで一ヶ月八万円までは稼げる。	그 아르바이트로 한 달 팔만엔까지는 벌 수 있어.	You can make up to 80,000 yen a month in that part-time job.	
JLPT-한끝-N5-352	二十日	はつか	20일	ちょっと見ただけでは善人と悪人の区別はつかない。	하지만 조금만 봐도 선인과 악인의 구별은 안 된다.	We cannot tell a good person from a bad one by looks alone.	
JLPT-한끝-N5-353	八百人	はっぴゃくにん	800명	定員八百人の会場が満席になるほど、多くの人が講演に関心を示した。	정원 800명의 행사장이 가득 찰 만큼 많은 사람이 강연에 관심을 보였다.		
JLPT-한끝-N5-354	花	はな	꽃	もっとも美しい花がもっとも香りがよいとは限らない。	가장 아름다운 꽃이 가장 향기가 좋은 것은 아니다.	The handsomest flower is not sweetest.	
JLPT-한끝-N5-355	話	はなし	이야기	我が党の党首は他の党首達と会見し、その問題について話をした。	우리당 당수는 다른 당수들과 회견을 하고 그 문제에 대해 이야기를 나눴다.	The leader of our party met with the other leaders and talked about the problem.	
JLPT-한끝-N5-356	話す	はなす	이야기하다	目上の人のすることについて話す時、尊敬語を使います。	웃어른이 하는 일에 대해 말할 때 존경어를 사용합니다.	When speaking about your superiors' actions, you use respectful language.	
JLPT-한끝-N5-357	バナナ	バナナ	바나나	ゆうべ持ってきてくれたバナナはみんな腐っていた。	어젯밤에 가져다 준 바나나는 모두 썩어 있었다.	The bananas you brought to me last night were all bad.	
JLPT-한끝-N5-358	花見	はなみ	꽃구경	ヒラヒラと桜の花が舞っている。もうお花見の季節も終わりだな。	울긋불긋 벚꽃이 춤을 추고 있다 이제 꽃구경하는 계절도 끝나가네.	It looks like cherry blossom-viewing season is at an end. You can see the petals fluttering down.	
JLPT-한끝-N5-359	母	はは	어머니	彼の父が死んだ、そしてさらに悪いことには母も病気になった。	그의 아버지가 죽었고, 그리고 더 나쁜 것은 어머니도 병에 걸렸다.	His father died, and to make matters worse, his mother fell ill.	
JLPT-한끝-N5-360	はやく	はやく	일찍	雨のせいで、私ははやく運転することが出来なかった。	비 때문에 나는 빨리 운전할 수가 없었어.	The rain made it impossible for me to drive fast.	
JLPT-한끝-N5-361	春	はる	봄	春のある晴れた一日、我々は遠足を十分に楽しんだ。	봄의 어느 화창한 날, 우리는 소풍을 충분히 즐겼다.	On a fine day in spring, we enjoyed a walking tour to the full.	
JLPT-한끝-N5-362	はる	はる	붙이다	さてここにはるちゃんという名の日本の女の子についての話があります。	그런데 여기에 하루키라는 이름의 일본 소녀에 대한 이야기가 있습니다.	Now here is a story about a Japanese girl named Haru-chan.	
JLPT-한끝-N5-363	ハンカチ	ハンカチ	손수건	「このハンカチはいくらですか」「９５セントです」	"""이 손수건은 얼마입니까"" ""95센트입니다"""	"""How much is this handkerchief?"" ""It is ninety-five cents."""	
JLPT-한끝-N5-364	半分	はんぶん	절반	彼は食事をグラス半分のビールを飲むことから始めた。	그는 식사를 한 잔의 맥주를 마시는 것으로 시작했다.	He began his meal by drinking half a glass of ale.	
JLPT-한끝-N5-365	ピアノ	ピアノ	피아노	ジャックが音楽が苦手なんてとんでもない、それどころか、ピアノを弾くのがうまい。	잭이 음악을 잘 못하다니 말도 안 돼, 그건 그렇고 피아노를 잘 치네.	It isn't true that Jack is no good at music : on the contrary, he plays the piano well.	
JLPT-한끝-N5-366	東	ひがし	동쪽	東アジアの経済はエネルギー価格の上昇で大きな打撃を受けた。	동아시아 경제는 에너지 가격 상승으로 큰 타격을 입었다.	The economies were hit hard by energy price increases.	
JLPT-한끝-N5-367	東がわ	ひがしがわ	동쪽, 동쪽 방면	そのホテルは東側は湖に接している。	그 호텔은 동쪽은 호수에 접해 있다.	The hotel adjoins a lake on the east.	
JLPT-한끝-N5-368	東口	ひがしぐち	동쪽 출입구	工事に伴い、東口は来週まで利用できないことになっている。	공사로 인해 동쪽 출구는 다음 주까지 이용할 수 없게 되어 있다.		
JLPT-한끝-N5-369	〜ひき	〜ひき	~마리	セーターを着なさい。さもないと風邪をひきますよ。	스웨터를 입어라 그렇지 않으면 감기에 걸리거든요.	Put on your sweater. Otherwise you will catch cold.	
JLPT-한끝-N5-370	ひく	ひく	(기타, 피아노를) 치다, (감기에) 걸리다	冬に暖かい服装をしていないと、ひどいかぜをひくことになりかねない。	겨울에 따뜻한 옷을 입지 않으면 심한 가위를 물게 될 수 있다.	If you don't wear warm clothes in winter, it wouldn't be surprising if you caught a bad cold.	
JLPT-한끝-N5-371	ひくい	ひくい	낮다, (키가) 작다	私の知る限りでは、彼はこの学校で最も背が低い学生だ。	내가 알기론 그는 이 학교에서 가장 키가 작은 학생이다.	As far as I know, he is the shortest student in this school.	
JLPT-한끝-N5-372	ひこうき	ひこうき	비행기	悪天候にもかかわらず、ひこうきは予定どおり出発した。	악천후에도 불구하고 비행기는 예정대로 출발했다.		
JLPT-한끝-N5-373	ひま	ひま	시간, 틈	私は日曜日は必ずしも暇というわけではない。	나는 일요일은 꼭 한가한 게 아니야.	I'm not always free on Sundays.	
JLPT-한끝-N5-374	左	ひだり	왼쪽	道なりに進んで、三つ目の交差点を左に曲がって下さい。	길 따라가셔서 세 번째 사거리에서 왼쪽으로 꺾으시면 됩니다.	Walk along the street and turn left at the third intersection.	
JLPT-한끝-N5-375	左がわ	ひだりがわ	좌측	行きつづけなさい。あなたは左側にその銀行を見るでしょう。	계속 가, 당신은 왼쪽에 그 은행을 볼 거예요.	Keep on going. You'll see bank on your left.	
JLPT-한끝-N5-376	人	ひと	사람	例のスキャンダルはそういつまでも臭いものにフタというわけにはいくまい。いずれ人は嗅ぎつけてしまうさ。	예를 들어 스캔들은 언제까지나 냄새에 붕 뜬 것이 될 수 없지. 어느 순간 사람은 맡아 버릴 테니까.	I don't think we can keep the lid on the scandal much longer; people are bound to find out.	
JLPT-한끝-N5-377	一つ	ひとつ	1개	改良された医療技術は、宇宙開発計画の副産物として派生したものの一つである。	개량된 의료기술은 우주개발 계획의 부산물로 파생된 것 중 하나다.	Improved medical technology has been one of the spin-offs of the space program.	
JLPT-한끝-N5-378	一人	ひとり	혼자, 1명	私が知る限り、彼は町で最もすぐれた医者の一人だ。	내가 아는 한, 그는 마을에서 가장 뛰어난 의사 중 한 명이다.	As far as I know, he is one of the best doctors in town.	
JLPT-한끝-N5-379	百	ひゃく	100(백)	ガンは一つの病気ではなく、百以上の別の病気の集まりである。	암은 하나의 질병이 아니라 백 가지 이상의 다른 질병의 집합이다.	Cancer is not one but more than hundred distinct diseases.	
JLPT-한끝-N5-380	百円	ひゃくえん	100엔	彼は百円しか持ち合わせていなかった。	그는 백엔밖에 가지고 있지 않았다.	He had no more than one hundred yen with him.	
JLPT-한끝-N5-381	百人	ひゃくにん	100명	ペート先生は百人の人間の前で喋るのが怖い気がした。	페이트 선생님은 백 명의 인간 앞에서 말하는 것이 무섭다는 생각이 들었다.	Miss Pate felt timid about making a speech before a hundred people.	
JLPT-한끝-N5-382	百本	ひゃっぽん	100자루	工場では一日に鉛筆を百本検査することになっている。	공장에서는 하루에 연필 백 자루를 검사하게 되어 있다.		
JLPT-한끝-N5-383	びょういん	びょういん	병원	新しい調査では、６５歳以上の病院患者の診察記録には誤りが多く、重大な診察ミスにつながりかねない、ということです。	새로운 조사에서는 65세 이상 병원 환자의 진찰기록에는 오류가 많아 중대한 진찰 실수로 이어질 수 있다는 것입니다.	A new study suggests that hospital records for patients older than 65 are often incorrect, which may lead to serious treatment errors.	
JLPT-한끝-N5-384	びょうき	びょうき	병	その病気の女性は何でも食べるというわけではなかった。	그 병에 걸린 여성은 무엇이든 먹는다는 것은 아니었다.	The sick woman cannot eat just anything.	
JLPT-한끝-N5-385	広い	ひろい	넓다	川幅が広くなるにつれて、水流はいっそう緩やかになった。	강폭이 넓어지면서 물줄기는 한결 완만해졌다.	As the river become broader, the current moved slowly.	
JLPT-한끝-N5-386	プール	プール	수영장, 풀	「今週からプール開きね」「そっかー。じゃあ、水着買いに行かなきゃ」	"""이번주부터 수영장 개장해"" ""그럼~ 그럼 수영복 사러 가야지"""	"""It's pool-season from this week, isn't it?"" ""Oh yes. I've gotta go and buy a swimming suit, then."""	
JLPT-한끝-N5-387	二つ	ふたつ	2개	ロンドンに行く以上一つや二つの芝居を見なければ。	런던에 가는 것 이상 한두 개의 연극을 봐야지.	As long as I'm going to be in London, I ought to see a play or two.	
JLPT-한끝-N5-388	二日	ふつか	2일	休みの前などは少し羽目を外して飲むのだが、杜仲茶割りで飲むと二日酔いが全くない。	쉬는 날 전에는 좀 성급하게 마실 건데 두중차 나물로 마시면 숙취가 전혀 없다.	I usually cut loose a bit and drink plenty before a day off work but if my drinks are cut with tochuu tea then I get absolutely no hangover.	
JLPT-한끝-N5-389	降る	ふる	(눈, 비 등이) 내리다	雨が降らない限り、祝宴は庭園で開催されるだろう。	비가 오지 않는 한 축제는 정원에서 개최될 것이다.	The festival will be held in garden unless it rains.	
JLPT-한끝-N5-390	古い	ふるい	낡다	少年達はウッドさんについて、農家の近くにある古い木造の建物へ歩いて行きました。	소년들은 우드 씨를 따라 농가 근처에 있는 오래된 목조 건물로 걸어갔습니다.	They walked with him to an old wooden building near the farmhouse.	
JLPT-한끝-N5-391	吹く	ふく	불다	風が激しく吹いていた、さらに悪いことには、雨も降り始めた。	바람이 거세게 불던 더 안 좋은 일에는 비도 오기 시작했다.	It also began to rain to the still bad thing which the wind was blowing violently.	
JLPT-한끝-N5-392	ページ	ページ	페이지	２、３ページの英語を訳すのに２時間以上もかかりました。	2, 3페이지의 영어를 번역하는데 2시간 이상 걸렸습니다.	It took me more than two hours to translate a few pages of English.	
JLPT-한끝-N5-393	下手だ	へただ	서투르다, 잘 못하다	運転は下手だが、彼はどうにか運転免許に合格した。	운전은 서툴지만 그는 간신히 운전면허에 합격했다.	He managed to pass his driving test although he was a poor driver.	
JLPT-한끝-N5-394	便利だ	べんりだ	편리하다	デスクトップにショートカットを作成しておいたほうが、いろいろ便利だと思います。	데스크탑에 바로가기를 만들어 두는 편이 여러모로 편리할 것 같습니다.	I think you will find it convenient to put a short-cut on the desktop.	
JLPT-한끝-N5-395	帽子	ぼうし	모자	女性は、写真から帽子を取り除く事は可能かどうか、カメラマンに聞いた。	여성은 사진에서 모자를 제거하는 것이 가능한지 카메라맨에게 물었다.	She wanted to know if the photographer could remove the hat from the picture.	
JLPT-한끝-N5-396	ポケット	ポケット	포켓, 호주머니	警察官は彼のポケットを調べたが、何も見つからなかった。	경찰관은 그의 주머니를 뒤졌지만 아무것도 찾을 수 없었다.	The cop went through his pockets, but found nothing.	
JLPT-한끝-N5-397	ほしい	ほしい	갖고 싶다, 원하다	気宇壮大な計画もいいけれど、まずは自分の足元を固めることから始めてほしいよ。	기우 장대한 계획도 좋지만 일단 자신의 발밑을 다지는 것부터 시작했으면 좋겠어.	It's fine to make grandiose plans but I'd like you to start with what you have on your plate.	
JLPT-한끝-N5-398	細い	ほそい	가늘다	彼は本当にレスラーになりたいのだが、体が細すぎる。	그는 정말 레슬러가 되고 싶은데, 몸이 너무 가늘어.	He does want to be a wrestler, but he is too thin.	
JLPT-한끝-N5-399	ホテル	ホテル	호텔	ホテルの名前は何でしたっけ。思い出せないんです。	호텔 이름이 뭐였죠 기억이 안나네요.	What was the name of the hotel? I can't recall it.	
JLPT-한끝-N5-400	本	ほん	책	日本の経済問題について何か情報を得るには、この本がおおいに役にたつでしょう。	일본의 경제 문제에 대해 뭔가 정보를 얻는 데는 이 책이 큰 도움이 될 것입니다.	In order to get some information about Japanese economic problems, you'll find this book very useful.	
JLPT-한끝-N5-401	本屋	ほんや	서점, 책방	本屋で英語関係の本を見つけると、次々に買ってしまって、読まずにいるので、たまる一方です。	서점에서 영어 관련 책을 찾으면 줄줄이 사서 읽지 않고 있기 때문에 참을 수밖에 없습니다.	I always buy the English-language books I come across at bookstores. But since I never read them, all they do is pile up.	
JLPT-한끝-N5-402	〜まい	〜まい	~장, ~매	例のスキャンダルはそういつまでも臭いものにフタというわけにはいくまい。いずれ人は嗅ぎつけてしまうさ。	예를 들어 스캔들은 언제까지나 냄새에 붕 뜬 것이 될 수 없지. 어느 순간 사람은 맡아 버릴 테니까.	I don't think we can keep the lid on the scandal much longer; people are bound to find out.	
JLPT-한끝-N5-403	毎朝	まいあさ	매일 아침	彼はリハビリの後、毎朝散歩するようになりました。	그는 재활 치료 후 매일 아침 산책하게 되었습니다.	He came to take a walk every morning after rehabilitation.	
JLPT-한끝-N5-404	毎週	まいしゅう	매주	彼は、毎週彼女に手紙を書いたことを覚えています。	그는 매주 그녀에게 편지를 쓴 것을 기억합니다.	He remembers writing to her every week.	
JLPT-한끝-N5-405	毎月	まいつき・まいげつ	매월	彼女は引退に備えて、毎月いくらかずつお金を貯えていた。	그녀는 은퇴를 대비해 매달 얼마씩 돈을 모으고 있었다.	She put some money away every month for her retirement.	
JLPT-한끝-N5-406	毎日	まいにち	매일	毎日毎日、丘の上で男が一人微笑を浮かべてじっとしている。	매일매일 언덕 위에서 남자가 혼자 미소를 지으며 가만히 있다.	Day after alone on a hill the man with the foolish grin is keeping perfectly still.	
JLPT-한끝-N5-407	前	まえ	앞	それから、彼は、ケンブリッジで研究を始め、宇宙の本質について前よりいっそう多くの考えを発展させ始めた。	그러고 나서 그는 케임브리지에서 연구를 시작했고, 우주의 본질에 대해 이전보다 더 많은 생각을 발전시키기 시작했다.	Then he began working at Cambridge and developing many more ideas about the nature of the universe.	
JLPT-한끝-N5-408	まがる	まがる	돌다, 구부러지다	その角を曲がると、私達は海の見えるところにきた。	그 모퉁이를 돌자 우리는 바다가 보이는 곳으로 왔다.	The sea came in sight of us as we turned the corner.	
JLPT-한끝-N5-409	また	また	또, 다시	これらの国はまた、進んだ科学技術を日本から得ることによって、国民に技術教育を施すことも計画している。	이들 국가는 또한 앞선 과학기술을 일본에서 얻음으로써 국민들에게 기술 교육을 실시하는 것도 계획하고 있다.	By obtaining advanced technology from Japan, those countries also plan to provide people with a technical education.	
JLPT-한끝-N5-410	まだ	まだ	아직	彼女が３０歳以上であるはずがない。まだ２０代であるにちがいない。	그녀가 30살 이상일 리가 없어 아직 20대임에 틀림없어.	She can't be over thirty; she must still be in her twenties.	
JLPT-한끝-N5-411	待つ	まつ	기다리다	まだテスト結果については何も報告がないので、みんな待っているところです。	아직 테스트 결과에 대해서는 아무런 보고가 없어서 다들 기다리는 중이에요.	We're all waiting because there's no news about the test results as yet.	
JLPT-한끝-N5-412	まっすぐ	まっすぐ	곧장	彼は背が高すぎて、この部屋ではまっすぐに立てない。	그는 키가 너무 커서 이 방에서는 똑바로 서지 않는다.	He is too tall to stand straight in this room.	
JLPT-한끝-N5-413	窓	まど	창, 창문	私は窓を閉め忘れただけでなく、掃除することも忘れた。	나는 창문을 닫는 것뿐만 아니라 청소하는 것도 잊었다.	Not only did I forget to close the window, but I also forgot to sweep.	
JLPT-한끝-N5-414	みがく	みがく	닦다	靴をブラシで磨く必要がある。泥で汚れているから。	신발을 브러시로 닦을 필요가 있어 진흙으로 더럽기 때문이야.	Your shoes need brushing. They are muddy.	
JLPT-한끝-N5-415	みかん	みかん	귤	ついにソウイチロウとユキノはそのみかんを半分に切ることに決めた。	마침내 소이치로와 유키노는 그 귤을 반으로 자르기로 결정했다.	At last Souichiro and Yukino decided to cut the orange into halves.	
JLPT-한끝-N5-416	右	みぎ	오른쪽	あなたが言うのは「右に同じ」だけ、それは「愛してる」とは違う。	"당신이 말하는 것은 ""오른쪽에 같은 것""뿐, 그것은 ""사랑해""와는 다르다."	"You say ""ditto"", and that's not the same as ""I love you""."	
JLPT-한끝-N5-417	短い	みじかい	짧다	３人の生徒が短いスピーチを言い、自己紹介をしたり自分の国について話した。	세 명의 학생이 짧은 연설을 하고 자기소개를 하거나 자기 나라에 대해 이야기했다.	Three students made short speeches and introduced themselves and their countries.	
JLPT-한끝-N5-418	水	みず	물	だれも水もやらないなので、その植物は枯れたに違いない。	아무도 물도 주지 않으니 그 식물은 말라버린 것이 틀림없다.	The plants must have died because no one watered them.	
JLPT-한끝-N5-419	店	みせ	가게	店によって値段が変わるので、買い物は上手になさい。	가게에 따라 가격이 달라지니까 쇼핑 잘해라.	Prices vary with each store, so do your shopping wisely.	
JLPT-한끝-N5-420	見せる	みせる	보여주다	僕らは、彼が土曜の午後姿を見せるのを期待している。	우리는 그가 토요일 오후에 모습을 보기를 기대하고 있다.	We expect him to show up on Saturday afternoon.	
JLPT-한끝-N5-421	道	みち	길	そのような境遇であったにもかかわらず、彼は自分一人で道を切り開いた。	그런 처지였음에도 그는 스스로 길을 개척했다.	Although he was in such circumstances, he made his way by himself.	
JLPT-한끝-N5-422	三つ目	みっつめ	세 번째	道なりに進んで、三つ目の交差点を左に曲がって下さい。	길 따라가셔서 세 번째 사거리에서 왼쪽으로 꺾으시면 됩니다.	Walk along the street and turn left at the third intersection.	
JLPT-한끝-N5-423	南	みなみ	남쪽	首都キガリで戦闘が続く中、ルワンダの反政府勢力は南に向かって攻勢を強めています。	수도 키갈리에서 전투가 계속되는 가운데 르완다의 반정부 세력은 남쪽을 향해 공세를 강화하고 있습니다.	Rwandan rebels are pushing their offensive south as fighting continues in the capital Kigali.	
JLPT-한끝-N5-424	耳	みみ	귀	ココは、耳が不自由な人の言葉である手話を５００語以上も知っていて、それらを使う。	코코는 귀가 불편한 사람의 언어인 수화를 500개 이상이나 알고 있고, 그것들을 사용한다.	Koko knows and uses more than 500 words in sign language, the language of deaf people.	
JLPT-한끝-N5-425	見られる	みられる	볼 수 있다	もちろん、ダーウィンは同時代の多くの学者と同様、ニュートンの方法論に従っていると見られることを欲した。	물론 다윈은 동시대의 많은 학자와 마찬가지로 뉴턴의 방법론을 따르고 있다고 볼 수 있기를 바랐다.	Of course Darwin, like many of his contemporaries, wished to be seen as following the Newtonian method.	
JLPT-한끝-N5-426	見る	みる	보다	あなたが彼について見たことから判断すると、この男は臆病者ではない。	당신이 그에 대해 본 것으로 보아 이 남자는 겁쟁이가 아니다.	Judging from what you have seen of him, this fellow is not a coward.	
JLPT-한끝-N5-427	六日	むいか	6일	申請から六日たっても連絡がなければ、窓口に問い合わせてください。	신청 후 6일이 지나도 연락이 없으면 창구에 문의해 주세요.		
JLPT-한끝-N5-428	六つ	むっつ	6개	そして次に、州についてですが、どんな州でもいいですから、その州が五つか六つの地域に分かれていると考えてください。	그리고 다음으로 주에 대해서인데 그 주나 어떤 주나 다 좋으니까 그 주들이 다섯 개나 여섯 개의 지역으로 나눠져 있다고 보시면 됩니다.	And now, think about a county, any county, and imagine this county divided into five or six different areas.	
JLPT-한끝-N5-429	目	め	눈	眼窩とは、目をいれている骨のいれもののことです。	안와는 눈을 넣고 있는 뼈의 뼈 있는 것을 말합니다.	The eye socket is the bone receptacle in which the eye fits.	
JLPT-한끝-N5-430	メートル	メートル	미터	その山は海抜３、０００メートル以上にある。	그 산은 해발 3,000미터 이상에 있다.	The mountain more than 3,000 meters above sea level.	
JLPT-한끝-N5-431	もうすぐ	もうすぐ	머지않아, 이제 곧	もうすぐ昼食時です。手を休めて軽く食べませんか。	곧 점심시간이에요 손쉬고 가볍게 드실래요?	It's nearly lunchtime. Why don't we stop to have a bite to eat?	
JLPT-한끝-N5-432	木よう日	もくようび	목요일	木よう日に予定されていた会議は、参加者の都合で延期された。	목요일로 예정되어 있던 회의는 참가자 사정으로 연기되었다.		
JLPT-한끝-N5-433	もちろん	もちろん	물론	もちろん万能ではないからといって価値がないわけではないから、ＧＴＤはダメということにはならない。	물론 만능이 아니라고 해서 가치가 없는 것은 아니니까 GTD는 안 된다고 할 수는 없다.	Of course you can't say that it's worth nothing because it isn't perfect, so that doesn't mean that GTD is useless.	
JLPT-한끝-N5-434	持つ	もつ	가지다, 들다	この（英語で）４語はたくさんの複雑な情報を伝えるばかりでなく、諺の持つ説得力もあるのである。	이 네 단어는 많은 복잡한 정보를 전달할 뿐만 아니라 속담들이 가진 설득력도 있는 것이다.	Those four words carried not only a lot of complex information, but also the persuasive force of a proverb.	
JLPT-한끝-N5-435	もっと	もっと	더	世界の気候への悪影響について、私たちはもっと考えてよい頃である。	세계 기후에 미치는 악영향에 대해 우리는 더 생각할 때다.	It is high time we thought more about the damage to the world's climate.	
JLPT-한끝-N5-436	もらう	もらう	받다	これは、お前の体躯、護衛能力を考慮した上でのプランなのだ。是が非でもやってもらう。	이것은 너의 체구, 호위 능력을 고려한 플랜인거야. 시비가 걸리더라도 해라.	This is a plan that takes into account your stature and your ability to guard.  By all means do it for me.	
JLPT-한끝-N5-437	やさい	やさい	채소	厳密に言えば、トマトは野菜ではない。果物である。	엄밀히 말하면 토마토는 채소가 아니다. 과일이다.	Strictly speaking, the tomato is not a vegetable. It's a fruit.	
JLPT-한끝-N5-438	安い	やすい	싸다	ビールは麦芽の含有量によって課税されるから、発泡酒の方が安いんだよ。	맥주는 맥아 함량에 따라 세금이 붙으니까 발포주가 더 싸더라고.	Beer is taxed according to its malt content, so low-malt beer is cheaper.	
JLPT-한끝-N5-439	休み	やすみ	휴일, 방학	しかし、この少年達は、ウッドさんの農場で休み中を過ごしました。	하지만 이 소년들은 우드 씨의 농장에서 방학 생활을 보냈습니다.	But the boys spent all their holidays on Mr Wood's farm.	
JLPT-한끝-N5-440	休む	やすむ	쉬다	警察が墜落事故の原因を昼夜休むことなく調査している。	경찰이 추락 사고의 원인을 밤낮으로 쉬지 않고 조사하고 있다.	The police are investigating the cause of the crash around the clock.	
JLPT-한끝-N5-441	八つ	やっつ	8개	提案は八つあったものの、採用されたのは一つだけだった。	제안은 여덟 개였지만 채택된 것은 하나뿐이었다.		
JLPT-한끝-N5-442	山	やま	산	高い山の上で彼らは彼ら自身の小さな町を作り、平和に暮らした。	높은 산 위에서 그들은 그들 자신의 작은 마을을 만들고 평화롭게 살았다.	There on the top of a high mountain they built a small town of their own and lived in peace.	
JLPT-한끝-N5-443	ゆうびんきょく	ゆうびんきょく	우체국	ゆうびんきょくが移転したことを知らず、以前の場所まで行ってしまった。	우체국이 이전한 줄 모르고 예전 장소까지 가 버렸다.		
JLPT-한끝-N5-444	ゆうべ	ゆうべ	어젯밤	ゆうべこの町に火事があったが、燃え出した正確な時刻はわからない。	어젯밤 이 마을에 불이 났지만, 불이 나기 시작한 정확한 시각은 알 수 없다.	There was a fire in this city last night. We can't tell the exact time when it broke out.	
JLPT-한끝-N5-445	有名だ	ゆうめいだ	유명하다	ギルモアさんは非常に有名だから、紹介する必要がありません。	길모어 씨는 매우 유명하기 때문에 소개할 필요가 없습니다.	Mr Gilmore is so well-known as to need no introduction.	
JLPT-한끝-N5-446	雪がふる	ゆきがふる	눈이 내리다	夕方には雪がふるかもしれない。	저녁에는 눈이 올지도 몰라.	It may snow in the evening.	
JLPT-한끝-N5-447	ゆっくり	ゆっくり	천천히, 푹	必要以上にゆっくりしないで早く帰ってらっしゃい。	필요 이상으로 천천히 하지 말고 빨리 돌아와.	Don't be longer than you can help.	
JLPT-한끝-N5-448	八日	ようか	8일	申請の締め切りは八日なので、必要書類を早めに準備してください。	신청 마감일은 8일이므로 필요한 서류를 미리 준비해 주세요.		
JLPT-한끝-N5-449	よく	よく	잘, 종종	第一には、ものの見方を正しくしてその原因と結果とをよくわきまえる。	첫째, 사물의 견해를 바르게 하고 그 원인과 결과를 잘 헤아린다.	First, they should have right ideas of things, ideas that are based on careful observation, and understand causes of effects and their significance correctly.	
JLPT-한끝-N5-450	四人	よにん	4명	四人の武装した男が銀行を襲って、四百万ドルを奪って逃げた。	네 명의 무장한 남자가 은행을 습격해 사백만 달러를 빼앗아 달아났다.	Four armed men held up the bank and escaped with $4 million.	
JLPT-한끝-N5-451	呼ぶ	よぶ	부르다	人間の心理研究に対して不朽の貢献をした書物を、われわれは偉大な書物を呼ぶのである。	인간의 심리 연구에 불멸의 공헌을 한 서책을 우리는 위대한 서책을 부르는 것이다.	Those books which have made a lasting contribution to man's quest for truth, we call great books.	
JLPT-한끝-N5-452	読む	よむ	읽다	手当たり次第に多くの本を読むよりも、少数の本を精読する方がよい。	닥치는 대로 많은 책을 읽는 것보다 소수의 책을 정독하는 것이 낫다.	It is better to read a few books carefully than to read many at random.	
JLPT-한끝-N5-453	夜	よる	밤	警察が墜落事故の原因を昼夜休むことなく調査している。	경찰이 추락 사고의 원인을 밤낮으로 쉬지 않고 조사하고 있다.	The police are investigating the cause of the crash around the clock.	
JLPT-한끝-N5-454	よろしく	よろしく	잘 부탁해	今後ともご支援いただけますよう、よろしくお願いします。	앞으로도 지원 부탁드립니다.	I hope that you will continue to favor us with your support.	
JLPT-한끝-N5-455	弱い	よわい	약하다	体が弱くなって行くにつれて、禎子はますます死について考えるようになった。	몸이 약해져감에 따라 정자는 점점 죽음에 대해 생각하게 되었다.	As Sadako grew weaker, she thought more about death.	
JLPT-한끝-N5-456	四キロ	よんキロ	4킬로(미터)	駅から会場までは四キロもあるため、バスを利用したほうがよい。	역에서 행사장까지는 4킬로나 되므로 버스를 이용하는 편이 좋다.		
JLPT-한끝-N5-457	ラーメン	ラーメン	라면	私達は時々、ドライブを兼ねて大好きなラーメンを食べに行きます。	우리는 때때로 드라이브를 겸해서 매우 좋아하는 라면을 먹으러 갑니다.	We sometimes combine going for a drive with eating the ramen we love so.	
JLPT-한끝-N5-458	来月	らいげつ	다음 달	君が東京に来月来るなって、私はとてもうれしいよ。	네가 도쿄에 다음 달에 오지 않다니 나는 매우 기쁘다.	I'm very happy you'll be visiting Tokyo next month.	
JLPT-한끝-N5-459	来週	らいしゅう	다음 주	この本は１、０００ページ以上の大冊ですが、来週の今日までには読み終わります。	이 책은 1,000쪽 이상의 대장인데, 다음 주 오늘까지는 다 읽을 수 있습니다.	Though this is a bulky book with over 1000 pages, I will have read it all by this time next week.	
JLPT-한끝-N5-460	来年	らいねん	내년	私たちは昨年会い、来年もまた会おうと望んでいる。	우리는 작년에 만났고 내년에도 또 만나길 원해.	We met last year and hope to meet again next year.	
JLPT-한끝-N5-461	ラジオ	ラジオ	라디오	ラジオによると、北海で嵐が起こるとのことだ。	라디오에 따르면 북해에서 폭풍이 일어난다고 한다.	According to the radio, a storm is imminent in the North.	
JLPT-한끝-N5-462	りっぱだ	りっぱだ	훌륭하다	君の動機はりっぱだったが行動はそうではなかった。	너의 동기는 순진했지만 행동은 그렇지 않았어.	Your motive was admirable, but your action was not.	
JLPT-한끝-N5-463	留学生	りゅうがくせい	유학생	ジムは交換留学生として日本にいたとき、私たちの家に滞在した。	짐은 교환학생으로 일본에 있을 때 우리 집에 머물렀다.	Jim stayed with us while he was in Japan as an exchange student.	
JLPT-한끝-N5-464	料理する	りょうりする	요리하다	あなたが料理するのを見た事が無いけど、本当に少しは出来るのですか。	당신이 요리하는 것을 본 적이 없지만, 정말 조금은 할 수 있습니까?	I've never seen you cook. Can you cook anything at all?	
JLPT-한끝-N5-465	旅行する	りょこうする	여행하다	彼女は夏になるといつもフランスへ旅行するわけではない。	그녀는 여름이면 항상 프랑스로 여행하는 것은 아니다.	She doesn't always take a trip to France in summer.	
JLPT-한끝-N5-466	りんご	りんご	사과	りんごとオレンジとぶどうとでは、どれが一番好きですか。	사과와 오렌지와 포도 중에 어떤 것을 가장 좋아합니까?	Which do you like best, apples, oranges or grapes?	
JLPT-한끝-N5-467	冷蔵庫	れいぞうこ	냉장고	もしかして、食卓の上におきっぱなし？冷蔵庫に入れておかないと、くさっちゃうよ。	혹시 식탁 위에 올려두었어? 냉장고에 넣어둬야겠어.	Hey, has this been sitting out on the dinner table all day? It has to go in the refrigerator or it'll go bad.	
JLPT-한끝-N5-468	レストラン	レストラン	레스토랑	小さなレストランにもかかわらず、彼らは何とか不況を通りぬけた。	작은 식당임에도 불구하고 그들은 어떻게든 불황을 뚫었다.	In spite of their tiny restaurant they managed to pull through the recession.	
JLPT-한끝-N5-469	練習する	れんしゅうする	연습하다	そうですね。毎日練習する事が必要ですよ。	그러게요 매일 연습하는게 필요하죠.	Yes, you need to practice every day.	
JLPT-한끝-N5-470	六時	ろくじ	6시	彼等は五時に出発したから、六時には帰宅するはずです。	그들은 5시에 출발했기 때문에 6시에는 귀가할 것입니다.	They left at 5 o'clock, so they ought to be home by 6.	
JLPT-한끝-N5-471	六千円	ろくせんえん	6천 엔	資料代として六千円を支払ったが、領収書を受け取り忘れた。	자료비로 6천 엔을 지불했지만 영수증을 받는 것을 잊었다.		
JLPT-한끝-N5-472	六年間	ろくねんかん	6년간	私は六年間英語を勉強している。	나는 6년간 영어를 공부하고 있어.	I have been studying English for six years now.	
JLPT-한끝-N5-473	六分	ろっぷん	6분	駅まで六分しかないので、今出れば電車に間に合うはずだ。	역까지 6분밖에 걸리지 않으므로 지금 나가면 전철을 탈 수 있을 것이다.		
JLPT-한끝-N5-474	六本	ろっぽん	6자루	調査のために、川の水を六本の容器に分けて保存した。	조사를 위해 강물을 여섯 개의 용기에 나누어 보관했다.		
JLPT-한끝-N5-475	ワイシャツ	ワイシャツ	와이셔츠	黒いズボンをはき、美しい白いワイシャツをきていました。	검은 바지를 입고, 아름다운 하얀 와이셔츠를 입고 있었어요.	He was wearing black trousers and a beautiful white shirt.	
JLPT-한끝-N5-476	若い	わかい	젊다	教育は若い時代に限られてはならず、われわれの全生涯を通じて継続して行われるものでなければならない。	교육은 젊은 시절에 국한돼서는 안 되며 우리의 전 생애를 통틀어 계속 이뤄져야 한다.	Education must not be limited to our youth but must be a continuing process through our entire lives.	
JLPT-한끝-N5-477	忘れる	わすれる	잊어버리다, 두고 오다	私は生きている限り、あなたのご親切は忘れません。	저는 살아있는 한 당신의 친절은 잊지 않겠습니다.	I'll never forget your kindness as long as I live.	
JLPT-한끝-N5-478	渡す	わたす	건네다, 주다	彼らが最終契約について協議している際、ある裏工作が進んでいた。賄賂が渡されたのだ。	이들이 최종 계약에 대해 협의하던 중 어떤 뒷공작이 진행되고 있었다. 뇌물이 전달된 것이다.	There was some monkey business going on when they were negotiating that last contract; money passed under the table.	
JLPT-한끝-N5-479	渡る	わたる	건너다	妻の思いがけない死は、５０年以上にわたる、幸福な夫婦生活に終止符をうった。	아내의 뜻밖의 죽음은 50년 이상에 걸친 행복한 부부생활에 종지부를 찍었다.	The untimely death of my wife has rung down the curtain on over 50 years of happily married life.	
JLPT-한끝-N5-480	悪い	わるい	나쁘다	私の意見では、アルコールは必ずしも健康に悪いわけではない。	내 생각에 알코올은 반드시 건강에 나쁜 것은 아니다.	In my opinion, alcohol is not necessarily bad for your health.	
